-- phpMyAdmin SQL Dump
-- version 3.4.11.1deb1
-- http://www.phpmyadmin.net
--
-- Client: localhost
-- Généré le: Mer 27 Août 2014 à 12:53
-- Version du serveur: 5.5.38
-- Version de PHP: 5.3.29-1~dotdeb.0

SET SQL_MODE="NO_AUTO_VALUE_ON_ZERO";
SET time_zone = "+00:00";


/*!40101 SET @OLD_CHARACTER_SET_CLIENT=@@CHARACTER_SET_CLIENT */;
/*!40101 SET @OLD_CHARACTER_SET_RESULTS=@@CHARACTER_SET_RESULTS */;
/*!40101 SET @OLD_COLLATION_CONNECTION=@@COLLATION_CONNECTION */;
/*!40101 SET NAMES utf8 */;

--
-- Base de données: `c410_football`
--

-- --------------------------------------------------------

--
-- Structure de la table `adherent`
--

CREATE TABLE IF NOT EXISTS `adherent` (
  `id_adherent` int(32) NOT NULL AUTO_INCREMENT,
  `nom_adherent` char(32) CHARACTER SET utf8 COLLATE utf8_bin NOT NULL,
  `prenom_adherent` char(32) CHARACTER SET utf8 COLLATE utf8_bin NOT NULL,
  `login_adherent` varchar(32) CHARACTER SET utf8 COLLATE utf8_bin NOT NULL,
  `pass_adherent` varchar(32) NOT NULL,
  `rue_adherent` varchar(32) CHARACTER SET utf8 COLLATE utf8_bin DEFAULT NULL,
  `code_postale_adherent` varchar(5) DEFAULT NULL,
  `bureau_distributeur_adherent` char(32) CHARACTER SET utf8 COLLATE utf8_bin DEFAULT NULL,
  `telephone_adherent` varchar(10) DEFAULT NULL,
  `telephone2_adherent` varchar(10) DEFAULT NULL,
  `telephone3_adherent` varchar(10) DEFAULT NULL,
  `mail_adherent` varchar(32) CHARACTER SET utf8 COLLATE utf8_bin DEFAULT NULL,
  `date_naissance_adherent` date DEFAULT NULL,
  `photo` char(32) CHARACTER SET utf8 COLLATE utf8_bin DEFAULT NULL,
  `actif_adherent` tinyint(1) NOT NULL,
  `top_admin` tinyint(1) NOT NULL,
  `dernier_modif` date DEFAULT NULL,
  PRIMARY KEY (`id_adherent`)
) ENGINE=InnoDB  DEFAULT CHARSET=latin1 AUTO_INCREMENT=36 ;

--
-- Contenu de la table `adherent`
--

INSERT INTO `adherent` (`id_adherent`, `nom_adherent`, `prenom_adherent`, `login_adherent`, `pass_adherent`, `rue_adherent`, `code_postale_adherent`, `bureau_distributeur_adherent`, `telephone_adherent`, `telephone2_adherent`, `telephone3_adherent`, `mail_adherent`, `date_naissance_adherent`, `photo`, `actif_adherent`, `top_admin`, `dernier_modif`) VALUES
(5, 'ROLLAND', 'François', 'Papounet', 'b3c2e352e65dd71770e18016e7e64318', '38 allée des bouvreuils', '33870', 'VAYRES', '0659903872', '0983636643', '', 'f_rolland@libertysurf.fr', '1969-09-19', '', 1, 1, '2013-07-23'),
(7, 'Benjamin', 'Garcia', 'webmaster', '21232f297a57a5a743894a0e4a801fc3', '27 rue paul éluard', '33600', 'Pessac', '0607148842', '', '', 'ben.garcia0401@gmail.com', '1991-01-04', '', 0, 1, '2014-02-23'),
(9, 'garcia', 'andre', 'dede', '6875991f9b848d94c8b6db253849cdde', '7 rue du port de chaumette', '33910', 'st denis de pile', '0624487838', '', '', 'as_garcia@hotmail.fr', '1965-02-24', '', 1, 0, NULL),
(10, 'Manero', 'Didier', 'Didier', '1aafcfcd9efdd2e7ac43e80ce77bba79', '21 lanière ', '33230', 'Les Eglisottes', '0682655299', '', '', 'mf.d.Manero@wanadoo.fr', '1957-10-03', '', 1, 0, NULL),
(11, 'TAUZIN', 'mickael', 'micatau', '342e01f1495e6413e9fcd3ddba3dddb2', '7 lieu dit champ des landes', '33910', 'Saint Martin du bois', '0617436619', '', '', 'valerietauzin@sfr.fr ', '1972-05-09', '', 1, 0, '2013-09-21'),
(12, 'Lenoir', 'Christophe', 'CHRIS89', '3ed54f8a93e904cdef84fa487a144ff0', '2 rue des Colombes', '33450', 'Saint Loub', '0619132768', '', '', 'christophe.lenoir1313@orange.fr', '1967-05-16', '', 1, 0, NULL),
(13, 'bel', 'nicolas', 'nicobel', '6e98cf1e7926a43e646f63d22253143c', '2 messide', '33570', 'Montagne', '0613818002', '', '', 'chateauvieuxmontagne@gmail.com', '1974-03-31', '', 1, 0, NULL),
(14, 'Mora', 'José', 'jojo33', 'e3204dfd561dbe42b86e3648bd2acde3', '13 Lieu dit Le Fourat', '33910', 'St Martin du Bois', '0661752753', '', '', 'josespain33@hotmail.fr', '1963-12-02', '', 1, 0, '2013-08-29'),
(15, 'michaud', 'philippe', 'perno', '76b9cc6604eb8ed8c4e7e31bcf61c549', '3 impasse des lauriers', '17210', 'bedenac', '0673545554', '', '', 'pernouts@hotmail.fr', '1979-02-16', '', 0, 0, '2013-09-14'),
(16, 'Besson', 'Francis', 'Francis', 'c412f1b4152489b7500279733fa8e7da', '1 Impasse Puyreau', '33660', 'Saint Sauveur de Puynormand', '0678978995', '', '', 'footchamadelle@orange.fr', '1969-07-04', '', 1, 1, NULL),
(17, 'Gaud', 'Christophe', 'horst', '8e5f907901e3f48313027218d2c33453', '12 le Brandart', '33230', 'Lagorce', '0630894559', '', '', 'gaud.christophe@wanadoo.fr', '1969-02-25', '', 1, 0, NULL),
(18, 'contat', 'sebastien', 'seb33230', '7dbefb9fe2a460d73a36250628cd9df8', '3 les vallées', '33230', 'les eglisottes', '0612627914', '', '', 'sebvaly33@orange.fr', '1975-04-29', '', 1, 0, NULL),
(19, 'DESESSARD', 'Frédéric', 'FRED', '570a90bfbf8c7eab5dc5d4e26832d5b1', '11 IMPASSE DE CAUSSAYE', '33133', 'GALGON', '0680586044', '', '', 'frederic.desessard@gmail.com', '1965-11-16', '', 1, 0, NULL),
(20, 'ESTEBENET', 'Julien', 'Julien E', '2226544ec104d654102a154fb4c2de52', '12 les hauts du maine', '33230', 'GUITRES', '', '', '', 'julien.estebenet@ac-bordeaux.fr', '1978-05-23', '', 1, 0, NULL),
(22, 'HEBRARD', 'Jérôme', 'gg', '73c18c59a39b18382081ec00bb456d43', '1 route du Moulin', '33910', 'Saint Denis de Pile', '0612709004', '', '', 'grom@free.fr', '1974-12-24', '', 1, 0, NULL),
(23, 'fredon', 'herv', 'RV', 'a7c628dced6a691f1fd31aebc647a0a8', '14, Fourat', '33910', 'St Martin du Bois', '0681016532', '', '', 'lesfredon@yahoo.fr', '1972-11-28', '', 1, 0, NULL),
(24, 'nallet', 'nicolas', 'WWF Nico', '3d863b367aa379f71c7afc0c9cdca41d', '6 lotissement la chataignere', '33910', 'Bonzac', '0687332651', '', '', 'niluflozo@yahoo.fr', '1974-05-11', '', 1, 1, NULL),
(25, 'LACOMBE', 'Vincent', 'Balles Neuves', '6d5597047fc6de3cb7e3c22c5547e5ed', '9, Marouat', '33126', 'LA RIVIERE', '0627256795', '', '', 'lacombe.vincent@neuf.fr', '1974-01-02', '', 1, 0, NULL),
(26, 'bacque', 'bruno', 'petit-pont', '37b4e2d82900d5e94b8da524fbeb33c0', '5 champ des ardouins', '33230', 'abzac', '0682585666', '', '', 'bruno3361@sfr.fr', '1961-06-05', '', 0, 0, '2013-09-14'),
(27, 'tressens', 'arnaud', 'zumba ', '8492539ca0ab951fd2266f951ceaae62', '2 lotissement la chataignère', '33910', 'Bonzac', '0666012612', '', '', 'manta2@voila.fr', '1973-06-22', '', 0, 0, '2014-03-25'),
(28, 'Lanau', 'Ghislain', 'Lenine', '7e4b64eb65e34fdfad79e623c44abd94', '8 rue du Gazot', '33230', 'Guîtres', '0557691289', '', '', 'lanaughislain@wanadoo.fr', '1973-06-06', '', 1, 1, '2013-09-15'),
(29, 'BANDJA', 'Turgot', 'Tur-goal', 'de4174327ecef548774eaacc69ea7c7e', '40 rue louis beydts (apt 11)', '33310', 'Lormont', '0762582611', '', '', 'turgotbt@yahoo.fr', '1981-03-17', '', 0, 0, '2013-09-06'),
(30, 'Cyrille', 'BERTRAND', 'Cyrille', '834cb54b61bbed9d4296c995e4c5d8b2', '', '', '', '', '', '', 'bertrandcyrille@orange.fr', '0000-00-00', '', 1, 0, NULL),
(31, 'DEMANET', 'JEROME', 'JEJE', '0ac2ceaefbf68bea4fa2bd18690df3fe', '10 RUE DES CHANTIERS', '33910', 'SAINT DENIS DE PILE', '0672826617', '', '', 'jeromedemanet@orange.fr', '1970-07-29', '', 0, 0, '2013-09-02'),
(32, 'fauvel', 'loic', 'lolo', '2da3218cc909ad6174453ff5ab3fdfc3', '', '33500', 'libourne', '0675511671', '', '', 'loicfauvel13@yahoo.fr', '1985-03-13', '', 1, 0, NULL),
(33, 'gillet', 'jerome', 'mat', '23d1e10df85ef805b442a922b240ce25', 'residence galus apart54 2 rue co', '33700', 'merignac', '0662088054', '', '', 'grandtorino@live.fr', '1972-07-27', '', 1, 0, NULL),
(34, 'poumeyrol', 'laurent', 'laurent', '451e089fbf5a37d9bc918c7a6df3fc36', '7 la gergue nord', '33240', 'perissac', '0', '', '', 'Poumeyrol-laurent@orange.fr', '1966-05-02', '', 1, 0, NULL),
(35, 'García', 'Carlos', 'Carlos', 'c2aa518b5a980857173bc454d9145b5a', '', '', '', '', '', '', 'Carloclem@orange.fr', '1969-05-14', '', 1, 0, NULL);

-- --------------------------------------------------------

--
-- Structure de la table `contact`
--

CREATE TABLE IF NOT EXISTS `contact` (
  `id_contact` int(32) NOT NULL AUTO_INCREMENT,
  `id_equipe` int(32) NOT NULL,
  `nom_contact` varchar(32) NOT NULL,
  `telephone1_contact` varchar(10) DEFAULT NULL,
  `telephone2_contact` varchar(10) DEFAULT NULL,
  `telephone3_contact` varchar(10) DEFAULT NULL,
  `mail1_contact` varchar(32) DEFAULT NULL,
  `mail2_contact` varchar(32) DEFAULT NULL,
  `mail3_contact` varchar(32) DEFAULT NULL,
  PRIMARY KEY (`id_contact`),
  KEY `id_equipe` (`id_equipe`)
) ENGINE=InnoDB DEFAULT CHARSET=latin1 AUTO_INCREMENT=1 ;

-- --------------------------------------------------------

--
-- Structure de la table `cotisation`
--

CREATE TABLE IF NOT EXISTS `cotisation` (
  `id_adherent` int(32) NOT NULL,
  `id_saison` int(32) NOT NULL,
  `top_cotisation` tinyint(1) NOT NULL,
  `top_certif` tinyint(1) NOT NULL,
  PRIMARY KEY (`id_adherent`,`id_saison`),
  KEY `id_saison` (`id_saison`)
) ENGINE=InnoDB DEFAULT CHARSET=latin1;

--
-- Contenu de la table `cotisation`
--

INSERT INTO `cotisation` (`id_adherent`, `id_saison`, `top_cotisation`, `top_certif`) VALUES
(5, 8, 1, 1),
(7, 8, 0, 0),
(9, 8, 1, 1),
(10, 8, 1, 0),
(11, 8, 1, 1),
(12, 8, 1, 1),
(13, 8, 0, 0),
(14, 8, 1, 1),
(15, 8, 0, 0),
(16, 8, 1, 1),
(17, 8, 1, 1),
(18, 8, 0, 0),
(19, 8, 1, 0),
(20, 8, 1, 1),
(22, 8, 1, 1),
(23, 8, 1, 1),
(24, 8, 1, 1),
(25, 8, 0, 0),
(26, 8, 0, 0),
(27, 8, 0, 0),
(28, 8, 1, 1),
(29, 8, 0, 0),
(30, 8, 1, 1);

-- --------------------------------------------------------

--
-- Structure de la table `equipe`
--

CREATE TABLE IF NOT EXISTS `equipe` (
  `id_equipe` int(32) NOT NULL AUTO_INCREMENT,
  `nom_equipe` char(32) NOT NULL,
  `rue_equipe` char(32) DEFAULT NULL,
  `code_postale_equipe` varchar(5) DEFAULT NULL,
  `bureau_distributeur_equipe` char(32) DEFAULT NULL,
  `couleur_maillot` varchar(32) DEFAULT NULL,
  `gps` varchar(50) DEFAULT NULL,
  PRIMARY KEY (`id_equipe`)
) ENGINE=InnoDB  DEFAULT CHARSET=latin1 AUTO_INCREMENT=34 ;

--
-- Contenu de la table `equipe`
--

INSERT INTO `equipe` (`id_equipe`, `nom_equipe`, `rue_equipe`, `code_postale_equipe`, `bureau_distributeur_equipe`, `couleur_maillot`, `gps`) VALUES
(2, 'Abzac', '', '', '', 'Rouge', ''),
(3, 'Carbon Blanc', '', '', '', 'Rouge et Noir', '44.910318,-0.502303'),
(4, 'Chamadelle', '', '33230', 'Stade de Bignac', 'Jaune et rouge', '45.089195,-0.085993'),
(5, 'Espiet', '', '', '', 'Bleu Marine', ''),
(6, 'Flaujagues', '', '', '', 'Rose', ''),
(7, 'Frontenac', '', '', '', 'Rayé rouge/blanc', ''),
(8, 'Galgon', '', '', '', 'Blanc ou vert', ''),
(9, 'Genissac', 'D121', '33420', 'Genissac', 'Bleu Marine', '44.86519,-0.252262'),
(10, 'Izon-Vayres', '', '', '', 'Blanc, Noir', ''),
(11, 'Les anciens de Vayres', '', '', '', 'Bleu ciel', ''),
(12, 'Les Municipaux de Libourne', '', '', '', 'Bleu ciel', ''),
(13, 'Les Peintures', '', '', '', 'Rose, Vert ou Bleu', '45.070944,-0.103982'),
(14, 'Montagne', '', '', '', 'Orange', ''),
(15, 'Petit Palais', '', '', '', '', ''),
(16, 'Pompignac', '', '', '', '', ''),
(17, 'Pujols', '', '', '', '', ''),
(18, 'St Antoine sur l’Isle', '', '', '', 'Rouge, Blanc', ''),
(19, 'St Germain du Puch', '', '', '', 'Bleu ciel ou marine', '44.863569,-0.322923'),
(20, 'St Loubès', '', '', '', 'Bleu et jaune', ''),
(21, 'St Méard de Gurçon', '', '', '', 'Rayé Bleu et Blanc', ''),
(22, 'St Philippe d’Aiguille', '', '', '', 'Violet et Bleu', ''),
(23, 'St Sulpice et Cameyrac', '', '', '', 'Rayé rouge /noir', ''),
(24, 'Ste Terre', '', '', '', 'Rouge Noir', ''),
(25, 'Salleboeuf', '', '', '', 'Bordeaux ou blanc', ''),
(26, 'Vallée de Gamage', '', '', '', 'Jaune et Blanc', ''),
(27, 'Vallée de l’Isle', '', '', '', 'Bleu et Blanc', ''),
(28, 'St Quentin de Baron', '', '', '', '', ''),
(29, 'St Sulpice de Faleyrens', '', '', '', '', ''),
(30, 'Le Pizou', '', '', '', '', ''),
(31, 'Guitres', '', '', '', 'Jaune', ''),
(32, 'St Ciers d''Abzac', '', '', '', '', ''),
(33, 'Ambares', '', '', '', '', '');

-- --------------------------------------------------------

--
-- Structure de la table `forum_reponse`
--

CREATE TABLE IF NOT EXISTS `forum_reponse` (
  `id_reponse` int(32) NOT NULL AUTO_INCREMENT,
  `id_auteur` int(32) NOT NULL,
  `message` text CHARACTER SET utf8 COLLATE utf8_bin NOT NULL,
  `date_reponse` datetime NOT NULL,
  `correspondance_sujet` int(32) NOT NULL,
  PRIMARY KEY (`id_reponse`),
  KEY `id_auteur` (`id_auteur`)
) ENGINE=InnoDB  DEFAULT CHARSET=latin1 AUTO_INCREMENT=72 ;

--
-- Contenu de la table `forum_reponse`
--

INSERT INTO `forum_reponse` (`id_reponse`, `id_auteur`, `message`, `date_reponse`, `correspondance_sujet`) VALUES
(15, 5, 'Un projet qui prend enfin vie !\r\nFaites vos remarques constructives, enfin si c''est possible :D\r\n\r\n', '2012-11-27 23:40:49', 7),
(16, 17, 'Allez, c parti, un grand bravo aux créateurs!\r\nLà, plus de problème pour les retardataires des mails, les ratés des sms...\r\nDire qu''on va pouvoir se chambrer ici aussi, et faire le compte-rendu des matchs!!\r\nMerci ', '2012-11-28 20:44:28', 7),
(17, 22, 'Je trouve le site super bien, j''ai honte de ne pas l''avoir visité avant et je le regrette car il est vraiment bien fait.\r\n\r\nUne petite remarque constructive, je n''ai pas trouvé le moyen de modifier mon compte une fois créé, les lettres à accents sur mon prénom affichent "?" et je voudrais modifier ça :)', '2012-12-06 21:50:53', 8),
(18, 23, 'Est-ce que l''admin a prévu l''alerte en cas d''annulation du match la veille ? Ca serait utile pour le buses comme moi qui loupent même les sms !', '2012-12-07 16:04:24', 9),
(19, 24, 'Bravo effectivement pour l''idée et la réalisation de ce blog. Une petite rq : accueil au lieu de "acceuil". Sinon les pseudos c sympa mais ça n''apparait pas dans les caractéristiques des adhérents...bref des broutilles...Encore bravo pour le cado de noel!  MERCI!\r\n', '2012-12-07 19:37:50', 8),
(20, 5, 'Oui RV, il y a un système d''envoi de mail à tous les adhèrents. L''admin peut envoyer un message à tous via le site, mais il reste à mettre en place l''envoi de sms, on y travail.', '2012-12-08 20:17:22', 9),
(23, 25, 'Joli mon pseudo, hein Dédé !!', '2012-12-08 22:32:37', 12),
(24, 5, 'Ok mais tu devras payer une cotisatin de plus ;)', '2012-12-09 20:39:16', 11),
(25, 5, 'Dans l''onglet récapitulatif il y a la liste de ceux qui viennent au match et ceux qui ne viennent pas.', '2012-12-09 22:09:37', 7),
(26, 13, 'Ca y est!!! CHARLEST a ouvert ses portes à Libourne, au 10, Place Abel Surchamp, dans la Galerie Surchamp.\r\nIl y a des Bijoux en verres de Murano fabriqués par des maîtres verriers de Murano en Italy.\r\nVous y trouverez aussi des bijoux fantaisies. Tout ce qu''il faut pour se faire plaisir ou faire des cadeaux à ceux qui vous sont chers...\r\n\r\nN''hésitez pas à y faire un tour, vous serez les bien venus.\r\nCharlestine.\r\n\r\n\r\nPs: Très bonne idée ce site , il est génial. Bravo  à François et à Benjamin.', '2012-12-11 22:21:17', 13),
(27, 17, 'C koi ce match contre les anciens de Libourne? on y va ou pas???', '2012-12-12 18:32:05', 13),
(28, 5, 'J''ai du me viander dans le calendrier !!\r\nFaut que je vérifie.\r\nNico tu peux le faire aussi, il faut aller dans le menu admin.\r\n', '2012-12-15 09:29:11', 13),
(29, 10, 'Bonjour à tous,nous serons présents pour le repas du vendredi 11/01/2013 Didier et Fanfan \r\nBravo pour le site ,je trouve que vous n''avez pas joué souvent,à ce rythme,nous allons progresser plus vite en informatique qu''au football .', '2012-12-15 16:21:26', 14),
(30, 24, 'Comme certains seront absents au dernier match de l''année, je vous souhaite à tous de très bonnes fêtes de fin d''année. \r\nAmicalement,\r\nN²\r\n', '2012-12-16 22:32:21', 15),
(31, 16, 'pensez a vous inscrire pour le repas du 11 janvier  a EOLE', '2013-01-01 11:12:38', 16),
(32, 17, 'Je vais rater le match à Montagne, quel dommage, super terrain, et leur coach à qui je vais......ah non, plus de tacle!!!', '2013-01-13 21:05:53', 16),
(33, 24, 'Salut à tous.\r\nDésolé je ne serai pas dispo vendredi en raison d''une cuisse récalcitrante.\r\n\r\nPar contre, j''ai constaté le faible nombre de réponse sur le site. J''ai donc envoyé un rappel : merci de me signaler si vous avez bien reçu qqch.\r\n@+', '2013-01-15 23:15:48', 17),
(34, 5, 'Le site est à l''image de l''équipe, à savoir peut de participants !\r\n\r\nPour le mail, il faut que je regarde, je viens d''en envoyer un de rappel.', '2013-01-22 23:02:04', 17),
(35, 16, 'le match de vendredi a lieu a CHAMADELLE et non a SAINT GERMAIN', '2013-01-31 07:04:32', 18),
(36, 12, 'Bonjour Francis et à tous, rdv quelle heure à chamadelle ?', '2013-02-01 11:51:12', 18),
(37, 17, 'Et oui, je peux vous suivre de loin, mais est-ce que c''est à cause des défaites qu''aucun administrateur ne remplit les résultats???\r\nJe ne vois aucun lien entre mon absence et vos absences de...victoire, quoique!!!!!!! lol', '2013-02-03 18:47:05', 19),
(38, 5, 'Hello l''étranger, il y a un problème avec l''enregistrement des scores quand la date est passée, dédé, il fait quoi ton fiston ?? ', '2013-02-05 20:53:14', 19),
(39, 17, 'http://www.lequipe.fr/Football/Actualites/Rolan-dans-le-groupe/349907\r\n\r\nEt oui, notre François va à Kiev!!!\r\nbon match vendredi, à 20h30 !!!! précise\r\n', '2013-02-13 21:33:11', 20),
(40, 17, 'http://www.lequipe.fr/Football/Actualites/Rolan-dans-le-groupe/349907\r\n\r\nje recommence ici, vous saviez que François était à Kiev???\r\n', '2013-02-13 21:34:28', 21),
(41, 17, 'quel score fleuve, même Gégé et Juju ont marqué j''espère?????\r\nbon, j''avais fait 2 fois le même sujet la dernière fois car j''ai eu un bug de lecture. Là, je vois que tout passe. Encore bravo!!!', '2013-02-16 18:08:16', 22),
(42, 20, 'Et oui, même moi j''ai marqué 1 but, merci encore à JP pour le caviar !!!', '2013-02-18 15:30:37', 22),
(43, 24, 'désolé, je serai une fois de plus absent vendredi...ha le cumul des mandats!\r\nChris'', Ghis'', non, la miss ne m''a pas séquestré...je ne peux tout simplement pas me dédoubler!\r\nLe cuir chatouille mes pensées (ne cherchez d''images salaces), vivement qu''il caresse le bout de mes crampons avec vous tous.\r\nBon match - Amicalement,\r\nNN\r\n', '2013-02-18 21:15:04', 23),
(44, 5, 'Coucou,\r\nMerci de répondre à ce message pour la sortie ski.\r\nEcrire le nom, jours de présence, nombre de participants.\r\n\r\nIl faut copier la message précédent et ajouter sa réponse afin d''avoir la liste compléte sur les message.\r\n\r\nMerci', '2013-03-03 20:18:39', 24),
(45, 12, 'C''est un jeudi soir ! Normal ?\r\nBonne semaine à tous et bonnes vacances aux chanceux', '2013-03-04 09:13:34', 25),
(46, 5, 'Jeudi soir à l''heure des îles !!!\r\nT''es bien en vacances toi :) ça va faire bizarre le retour :D\r\n\r\nTiens moi au jus d''ailleurs, s''il faut faire quelques chose vu que vous rentrez plutôt. ', '2013-03-04 14:18:57', 25),
(47, 14, 'je ne suis pas là ce week-end.\r\nJosé', '2013-03-04 15:15:04', 24),
(48, 18, 'lolo m a dit de vous prevenir qu il ne sera pas la vendredi soir bonne semaine. Seb', '2013-03-05 12:35:47', 26),
(49, 17, 'Dis moi papounet, Chris, c pas moi, moi c horst (ton dernier défenseur préféré encore????) Donc j''avais pas écrit que c''était jeudi soir, et oui, peut-être qu''on aura besoin de toi pour le retour, on va à Air France mercredi peut-être (cad jeudi chez toi!!!lol)', '2013-03-05 18:06:59', 25),
(50, 25, 'Je viens seul et je reste 2 jours (samedi, dimanche)', '2013-03-06 18:58:15', 24),
(51, 5, 'Vincent Lacombe, 2 jours, 1 personne', '2013-03-07 17:16:59', 24),
(52, 5, 'Oups !! c''est moi qui avait la tête dans les îles :D\r\n\r\nVivement que l''on soit tous réunis !\r\n\r\nJe t''ai envoyé ce qu''il fallait pour ton retour par minou :)', '2013-03-07 17:19:05', 25),
(53, 5, 'Vincent Lacombe, 2 jours, 1 personne\r\nFrançois ROLLAND, 2 jours, 1 personne', '2013-03-07 17:20:15', 24),
(54, 7, 'Bonjour les footballeurs du vendredi soir! \r\nJ''ai entendu dire que pour ce soir face à St Philippe d’Aiguille vous n''étiez pas assez. \r\nSi on est autorisé à jouer avec vous Anthony Urbano et moi on aimerais compléter votre manque d''effectif pour ce soir. Merci de répondre :-)\r\nBenjamin Garcia', '2013-03-08 10:04:43', 27),
(55, 17, 'par minou, par chat tu veux dire ! lol\r\nje reviens renforcer l''équipe: 4-4 contre st philippe, il y a comme un prob non???\r\n', '2013-03-09 18:41:39', 25),
(56, 17, 'Vincent Lacombe, 2 jours, 1 personne\r\nFrançois ROLLAND, 2 jours, 1 personne\r\nNico Nallet, il a pas fait copier collé lui!!!\r\nChristophe Gaud: 3 jours!!! 1 personne (suis-je le seul à vouloir partir dès le vendredi soir?)', '2013-03-11 05:53:03', 24),
(57, 17, 'ça y est , je suis de retour!!!! la force est avec moi!!!!', '2013-03-16 03:07:18', 28),
(58, 16, 'Pensez à réserver vos dates pour le repas de fin de saison !!!', '2013-05-07 20:21:35', 29),
(59, 9, 'Merci de donner vos réponses pour la sortie canoë du 23 juin. En indiquant le nombre de personnes par famille.\r\n', '2013-06-01 10:38:14', 30),
(60, 17, 'Nous viendrons à 3, sauf bien sûr si le temps est pourri!!!\r\nChristophe G', '2013-06-01 20:59:50', 30),
(61, 9, 'Modification de la date maintenant c''est le 30 juin à 9h à st Seurin .  ', '2013-06-02 11:33:48', 30),
(62, 25, 'Je viendrai seul au canoë.\r\nVincent', '2013-06-02 21:24:51', 30),
(63, 12, 'pas de canoé pour nous\r\n\r\nbonne balade', '2013-06-03 20:02:13', 30),
(64, 16, 'Nous serons absents le 30 pour la sortie canoë et le repas.', '2013-06-08 18:59:35', 30),
(65, 17, 'finalement, pas de canoë pour nous car Alexandre est trop jeune selon le loueur\r\nChristophe G', '2013-06-08 19:46:35', 30),
(66, 22, 'Salut a tous, je viendrai au canoé avec mon plus grand fils.\r\n\r\nGégé', '2013-06-10 04:59:48', 30),
(67, 20, 'Je viendrai seul à la sortie canoë', '2013-06-11 08:01:32', 30),
(68, 16, 'je n ai pas toutes les réponses concernant le nombre de personnes pour le repas et la sortie canoé!!!!!!', '2013-06-19 13:20:58', 31),
(69, 5, 'François: 2 pour pour le canoë et surement 3 pour le repas', '2013-06-22 00:55:56', 31),
(70, 5, 'François: 2 pour pour le canoë et surement 3 pour le repas', '2013-06-22 00:58:14', 31),
(71, 5, 'François: 2 pour pour le canoë et surement 3 pour le repas', '2013-06-22 01:02:10', 31);

-- --------------------------------------------------------

--
-- Structure de la table `forum_sujet`
--

CREATE TABLE IF NOT EXISTS `forum_sujet` (
  `id_sujet` int(32) NOT NULL AUTO_INCREMENT,
  `id_auteur` int(32) NOT NULL,
  `titre` varchar(50) CHARACTER SET utf8 COLLATE utf8_bin NOT NULL,
  `date_derniere_reponse` datetime NOT NULL,
  PRIMARY KEY (`id_sujet`),
  KEY `di_auteur` (`id_auteur`)
) ENGINE=InnoDB  DEFAULT CHARSET=latin1 AUTO_INCREMENT=32 ;

--
-- Contenu de la table `forum_sujet`
--

INSERT INTO `forum_sujet` (`id_sujet`, `id_auteur`, `titre`, `date_derniere_reponse`) VALUES
(7, 5, 'Welcome', '2012-12-09 22:09:37'),
(8, 22, 'Franchement bravo !!', '2012-12-07 19:37:50'),
(9, 23, 'y''avait personne à St Loubès !', '2012-12-08 20:17:22'),
(12, 25, 'petit clin d''oeil aux Garcias', '2012-12-08 22:32:37'),
(13, 13, ' CHARLEST, La Boutique de BIJOUX DE MURANO', '2012-12-15 09:29:11'),
(14, 10, 'Repas du 11/01/2013', '2012-12-15 16:21:26'),
(15, 24, 'Fêtes de fin d''année', '2012-12-16 22:32:21'),
(16, 16, 'repas 11 janvier', '2013-01-13 21:05:53'),
(17, 24, 'une première...', '2013-01-22 23:02:04'),
(18, 16, 'match de vendredi 1 fev', '2013-02-01 11:51:12'),
(19, 17, 'C koi les scores???', '2013-02-05 20:53:14'),
(20, 17, 'rôle formateur, à ki le tour???', '2013-02-13 21:33:11'),
(21, 17, 'transfert', '2013-02-13 21:34:28'),
(22, 17, 'bravo!!!!', '2013-02-18 15:30:37'),
(23, 24, 'absence', '2013-02-18 21:15:04'),
(24, 5, 'Sortie ski', '2013-03-11 05:53:03'),
(25, 12, 'MATCH DU 28/03/13', '2013-03-09 18:41:39'),
(26, 18, 'seb', '2013-03-05 12:35:47'),
(27, 7, 'demande de Participation', '2013-03-08 10:04:43'),
(28, 17, 'match de vendredi contre st antoine', '2013-03-16 03:07:18'),
(29, 16, 'Repas de fin de saison.', '2013-05-07 20:21:35'),
(30, 9, 'Sortie canoë', '2013-06-11 08:01:32'),
(31, 16, 'canoe +repas', '2013-06-22 00:55:56');

-- --------------------------------------------------------

--
-- Structure de la table `match`
--

CREATE TABLE IF NOT EXISTS `match` (
  `id_match` int(32) NOT NULL AUTO_INCREMENT,
  `id_equipe` int(32) NOT NULL,
  `date_match` date NOT NULL,
  `id_saison` int(32) NOT NULL,
  `nb_but_equipe1` int(32) DEFAULT NULL,
  `nb_but_equipe2` int(32) DEFAULT NULL,
  `code_domicile` tinyint(1) NOT NULL,
  `top_cloture_repas` tinyint(1) NOT NULL,
  `top_annulation_match` tinyint(1) NOT NULL,
  PRIMARY KEY (`id_match`),
  KEY `id_saison` (`id_saison`),
  KEY `id_equipe` (`id_equipe`)
) ENGINE=InnoDB  DEFAULT CHARSET=latin1 AUTO_INCREMENT=67 ;

--
-- Contenu de la table `match`
--

INSERT INTO `match` (`id_match`, `id_equipe`, `date_match`, `id_saison`, `nb_but_equipe1`, `nb_but_equipe2`, `code_domicile`, `top_cloture_repas`, `top_annulation_match`) VALUES
(2, 9, '2012-10-08', 2, 1, 1, 0, 0, 0),
(3, 25, '2012-10-18', 2, 0, 3, 1, 0, 0),
(4, 21, '2012-10-26', 2, 2, 0, 0, 0, 0),
(6, 17, '2012-11-16', 2, 4, 0, 0, 0, 0),
(7, 3, '2012-11-23', 2, 2, 2, 1, 0, 0),
(8, 20, '2012-11-30', 2, NULL, NULL, 0, 0, 0),
(9, 11, '2012-12-07', 2, NULL, NULL, 1, 0, 0),
(10, 6, '2012-12-14', 2, NULL, NULL, 1, 0, 1),
(11, 27, '2012-12-21', 2, NULL, NULL, 0, 0, 0),
(12, 14, '2013-01-18', 2, NULL, NULL, 1, 0, 0),
(13, 22, '2013-01-25', 2, 2, 1, 0, 0, 0),
(14, 19, '2013-02-01', 2, 2, 0, 0, 0, 0),
(15, 16, '2013-02-08', 2, NULL, NULL, 0, 0, 1),
(16, 23, '2013-02-15', 2, 7, 1, 1, 0, 0),
(17, 24, '2013-02-22', 2, 1, 0, 0, 0, 0),
(18, 2, '2013-03-01', 2, NULL, NULL, 1, 0, 1),
(19, 8, '2013-03-15', 2, NULL, NULL, 0, 0, 1),
(20, 18, '2013-03-22', 2, 3, 1, 1, 1, 0),
(21, 5, '2013-03-28', 2, 2, 4, 0, 0, 0),
(22, 13, '0000-00-00', 2, NULL, NULL, 0, 1, 0),
(23, 26, '2013-04-12', 2, NULL, NULL, 1, 0, 1),
(24, 7, '2013-04-19', 2, 0, 1, 0, 1, 0),
(25, 15, '2013-04-26', 2, 4, 0, 1, 0, 0),
(26, 10, '2013-05-03', 2, NULL, NULL, 0, 0, 1),
(27, 9, '2013-05-17', 2, 3, 5, 1, 1, 0),
(28, 25, '2013-05-24', 2, 2, 2, 0, 1, 0),
(29, 21, '2013-05-31', 2, NULL, NULL, 1, 0, 0),
(30, 12, '2012-12-14', 2, NULL, NULL, 1, 0, 0),
(31, 22, '2013-03-08', 2, 4, 4, 1, 0, 0),
(35, 7, '2013-09-13', 8, NULL, NULL, 1, 0, 1),
(36, 24, '2013-09-20', 8, NULL, NULL, 0, 0, 1),
(37, 3, '2013-09-27', 8, 1, 1, 0, 0, 0),
(38, 22, '2013-10-11', 8, 1, 4, 0, 0, 0),
(39, 13, '2013-10-18', 8, 2, 1, 1, 0, 0),
(40, 23, '2013-11-08', 8, NULL, NULL, 0, 0, 1),
(41, 27, '2013-11-15', 8, 3, 1, 1, 1, 0),
(42, 21, '2013-11-22', 8, 2, 0, 0, 1, 0),
(43, 9, '2013-12-06', 8, 7, 0, 1, 1, 0),
(44, 5, '2013-12-13', 8, 2, 0, 1, 1, 0),
(45, 14, '2013-12-20', 8, 2, 1, 1, 0, 0),
(46, 30, '2014-01-10', 8, 4, 2, 1, 1, 0),
(47, 16, '2014-01-17', 8, 3, 1, 1, 1, 0),
(48, 18, '2014-01-31', 8, NULL, NULL, 1, 0, 1),
(49, 25, '2014-02-07', 8, NULL, NULL, 0, 0, 1),
(50, 2, '2014-02-14', 8, NULL, NULL, 1, 0, 1),
(51, 28, '2014-03-07', 8, 4, 3, 1, 1, 0),
(52, 15, '2014-03-14', 8, 1, 3, 1, 0, 0),
(53, 8, '2014-03-21', 8, 2, 1, 0, 0, 0),
(54, 19, '2014-03-28', 8, NULL, NULL, 1, 1, 0),
(56, 17, '2014-04-11', 8, 3, 0, 1, 0, 0),
(58, 12, '2014-05-16', 8, NULL, NULL, 1, 0, 0),
(60, 4, '2013-09-13', 8, NULL, NULL, 1, 0, 1),
(62, 4, '2013-09-20', 8, NULL, NULL, 1, 0, 0),
(63, 13, '2013-10-04', 8, NULL, NULL, 0, 0, 1),
(64, 23, '2013-11-29', 8, NULL, NULL, 0, 0, 0),
(66, 31, '2014-06-06', 8, 1, 2, 0, 0, 0);

-- --------------------------------------------------------

--
-- Structure de la table `message_admin`
--

CREATE TABLE IF NOT EXISTS `message_admin` (
  `id_message` int(32) NOT NULL AUTO_INCREMENT,
  `message` text CHARACTER SET utf8 COLLATE utf8_bin NOT NULL,
  `date_message` datetime NOT NULL,
  `id_admin` int(32) NOT NULL,
  PRIMARY KEY (`id_message`),
  KEY `id_admin` (`id_admin`)
) ENGINE=InnoDB  DEFAULT CHARSET=latin1 AUTO_INCREMENT=20 ;

--
-- Contenu de la table `message_admin`
--

INSERT INTO `message_admin` (`id_message`, `message`, `date_message`, `id_admin`) VALUES
(2, 'Voici le site de l''équipe de chamadelle', '2012-11-26 23:26:36', 7),
(3, 'Message adminitrateur', '2012-11-26 23:32:58', 7),
(4, 'Bienvenue sur le site du football club de Chamadelle', '2012-11-27 21:25:15', 7),
(5, 'Nouveau site plus stable. Les avis sont les biens venus. :-)', '2012-12-31 02:55:46', 7),
(6, 'Nouveau site stabilisé. Les avis sont les bienvenus :-)', '2012-12-31 02:57:18', 7),
(7, 'Ce site est optimisé avec le navigateur Google Chrome , encore Mozilla Firefox ou encore Safari pour les Mac.', '2013-02-16 14:43:03', 7),
(8, 'Ce site est optimisé avec les navigateurs Google Chrome , Mozilla Firefox ou encore Safari (Mac).', '2013-02-16 14:44:05', 7),
(9, 'Sortie ski pour le WE de paques, merci de donner vos réponses sur le sujet ouvert à cet effet.', '2013-03-03 20:19:42', 5),
(10, '', '2013-04-03 21:37:14', 5),
(11, '....... .......... ........... ...........', '2013-04-03 21:37:49', 5),
(12, 'Chamadelle retrouve enfin la victoire !', '2013-04-29 21:53:49', 7),
(13, 'Bientôt la fin de saison', '2013-05-18 21:01:52', 7),
(14, 'Saison terminée', '2013-06-11 20:27:48', 7),
(15, 'Nouvelle saison, affûtez vos crampons', '2013-08-29 21:35:10', 5),
(16, 'Bonne Année 2014 à tous, s...., c.., p..... !', '2014-01-08 23:30:33', 5),
(17, 'REPAS RACLETTE LE VENDREDI 7 FEVRIER, MERCI DE VOUS INSCRIRE SUR LE FORUM', '2014-01-21 21:57:28', 5),
(18, 'Christophe Gaud a marqué... de la tête !! \r\net Nico a trouvé le cadre !!', '2014-03-12 00:31:47', 5),
(19, 'Christophe Gaud a marqué... de la tête !! \r\net Nico a trouvé le cadre !!', '2014-03-12 00:32:27', 5);

-- --------------------------------------------------------

--
-- Structure de la table `participation_match`
--

CREATE TABLE IF NOT EXISTS `participation_match` (
  `id_match` int(32) NOT NULL,
  `id_adherent` int(32) NOT NULL,
  `top_participation_match` varchar(32) NOT NULL DEFAULT 'null',
  `top_participation_repas` varchar(32) NOT NULL DEFAULT 'null',
  PRIMARY KEY (`id_match`,`id_adherent`),
  KEY `id_adherent` (`id_adherent`)
) ENGINE=InnoDB DEFAULT CHARSET=latin1;

--
-- Contenu de la table `participation_match`
--

INSERT INTO `participation_match` (`id_match`, `id_adherent`, `top_participation_match`, `top_participation_repas`) VALUES
(8, 5, 'non', 'non'),
(8, 9, 'non', 'non'),
(8, 11, 'non', 'non'),
(8, 12, 'oui', 'non'),
(8, 13, 'oui', 'null'),
(8, 14, 'null', 'non'),
(8, 16, 'oui', 'non'),
(8, 17, 'oui', 'non'),
(8, 18, 'oui', 'non'),
(9, 5, 'non', 'non'),
(9, 9, 'oui', 'non'),
(9, 11, 'oui', 'non'),
(9, 12, 'non', 'non'),
(9, 13, 'non', 'non'),
(9, 14, 'oui', 'non'),
(9, 16, 'oui', 'non'),
(9, 17, 'oui', 'non'),
(9, 18, 'oui', 'non'),
(9, 20, 'oui', 'non'),
(9, 22, 'non', 'non'),
(10, 12, 'non', 'non'),
(10, 27, 'non', 'non'),
(11, 5, 'non', 'non'),
(11, 7, 'null', 'null'),
(11, 12, 'non', 'non'),
(11, 13, 'oui', 'null'),
(11, 16, 'oui', 'non'),
(11, 17, 'oui', 'non'),
(11, 20, 'oui', 'non'),
(11, 24, 'oui', 'non'),
(11, 25, 'non', 'non'),
(12, 5, 'non', 'non'),
(12, 11, 'oui', 'non'),
(12, 12, 'non', 'non'),
(12, 13, 'oui', 'oui'),
(12, 14, 'oui', 'non'),
(12, 17, 'non', 'non'),
(12, 20, 'oui', 'non'),
(12, 24, 'non', 'non'),
(12, 25, 'non', 'non'),
(13, 5, 'non', 'non'),
(13, 11, 'non', 'non'),
(13, 12, 'non', 'non'),
(13, 13, 'oui', 'oui'),
(13, 14, 'non', 'non'),
(13, 16, 'oui', 'oui'),
(13, 17, 'non', 'non'),
(13, 20, 'non', 'non'),
(13, 24, 'oui', 'non'),
(13, 25, 'non', 'non'),
(14, 5, 'non', 'non'),
(14, 9, 'oui', 'non'),
(14, 11, 'non', 'non'),
(14, 12, 'oui', 'oui'),
(14, 13, 'oui', 'oui'),
(14, 14, 'non', 'non'),
(14, 17, 'non', 'non'),
(14, 20, 'oui', 'non'),
(14, 24, 'non', 'non'),
(14, 25, 'non', 'non'),
(15, 5, 'non', 'non'),
(15, 9, 'oui', 'non'),
(15, 11, 'oui', 'non'),
(15, 12, 'oui', 'non'),
(15, 13, 'oui', 'non'),
(15, 14, 'non', 'non'),
(15, 17, 'non', 'non'),
(15, 20, 'oui', 'non'),
(15, 24, 'non', 'non'),
(15, 25, 'non', 'non'),
(16, 5, 'non', 'non'),
(16, 9, 'oui', 'non'),
(16, 11, 'oui', 'non'),
(16, 12, 'oui', 'oui'),
(16, 13, 'oui', 'oui'),
(16, 14, 'oui', 'non'),
(16, 18, 'oui', 'non'),
(16, 20, 'oui', 'non'),
(16, 22, 'non', 'non'),
(16, 24, 'non', 'non'),
(16, 25, 'non', 'non'),
(17, 5, 'non', 'non'),
(17, 7, 'non', 'non'),
(17, 9, 'non', 'non'),
(17, 11, 'oui', 'non'),
(17, 12, 'non', 'non'),
(17, 13, 'oui', 'oui'),
(17, 14, 'non', 'non'),
(17, 16, 'oui', 'non'),
(17, 17, 'non', 'non'),
(17, 20, 'oui', 'non'),
(17, 22, 'oui', 'non'),
(17, 24, 'non', 'non'),
(17, 25, 'non', 'non'),
(18, 5, 'non', 'non'),
(18, 9, 'oui', 'non'),
(18, 11, 'oui', 'non'),
(18, 12, 'oui', 'oui'),
(18, 13, 'oui', 'oui'),
(18, 14, 'oui', 'oui'),
(18, 16, 'oui', 'oui'),
(18, 17, 'non', 'non'),
(18, 18, 'oui', 'non'),
(18, 20, 'oui', 'non'),
(18, 22, 'oui', 'oui'),
(18, 23, 'oui', 'oui'),
(18, 24, 'oui', 'oui'),
(18, 25, 'non', 'oui'),
(18, 28, 'oui', 'oui'),
(18, 29, 'oui', 'oui'),
(19, 5, 'non', 'non'),
(19, 9, 'oui', 'oui'),
(19, 12, 'non', 'non'),
(19, 13, 'oui', 'oui'),
(19, 14, 'non', 'non'),
(19, 16, 'oui', 'non'),
(19, 17, 'non', 'non'),
(19, 18, 'oui', 'non'),
(19, 22, 'non', 'non'),
(19, 24, 'non', 'non'),
(19, 25, 'non', 'non'),
(20, 5, 'non', 'oui'),
(20, 7, 'non', 'non'),
(20, 9, 'oui', 'oui'),
(20, 10, 'oui', 'non'),
(20, 11, 'oui', 'non'),
(20, 12, 'non', 'non'),
(20, 13, 'oui', 'oui'),
(20, 14, 'non', 'non'),
(20, 16, 'oui', 'oui'),
(20, 17, 'oui', 'oui'),
(20, 18, 'oui', 'non'),
(20, 19, 'non', 'oui'),
(20, 20, 'non', 'non'),
(20, 22, 'oui', 'oui'),
(20, 23, 'oui', 'oui'),
(20, 24, 'non', 'non'),
(20, 25, 'non', 'oui'),
(20, 27, 'non', 'non'),
(20, 28, 'oui', 'oui'),
(21, 5, 'non', 'non'),
(21, 7, 'non', 'non'),
(21, 9, 'oui', 'non'),
(21, 11, 'oui', 'non'),
(21, 12, 'non', 'non'),
(21, 13, 'oui', 'oui'),
(21, 14, 'non', 'non'),
(21, 16, 'non', 'non'),
(21, 17, 'non', 'non'),
(21, 18, 'oui', 'non'),
(21, 20, 'oui', 'non'),
(21, 22, 'oui', 'non'),
(21, 23, 'oui', 'oui'),
(21, 24, 'oui', 'non'),
(21, 25, 'non', 'non'),
(21, 28, 'oui', 'null'),
(21, 29, 'oui', 'null'),
(22, 5, 'oui', 'oui'),
(22, 9, 'oui', 'non'),
(22, 10, 'non', 'non'),
(22, 11, 'non', 'non'),
(22, 12, 'oui', 'oui'),
(22, 13, 'oui', 'oui'),
(22, 14, 'oui', 'non'),
(22, 16, 'oui', 'non'),
(22, 17, 'oui', 'non'),
(22, 18, 'oui', 'non'),
(22, 19, 'oui', 'oui'),
(22, 20, 'non', 'non'),
(22, 22, 'oui', 'non'),
(22, 23, 'non', 'non'),
(22, 24, 'non', 'non'),
(22, 25, 'non', 'non'),
(22, 27, 'non', 'non'),
(22, 28, 'oui', 'oui'),
(22, 29, 'non', 'non'),
(23, 5, 'non', 'non'),
(23, 9, 'non', 'non'),
(23, 10, 'oui', 'non'),
(23, 11, 'oui', 'non'),
(23, 13, 'oui', 'oui'),
(23, 16, 'oui', 'non'),
(23, 17, 'oui', 'non'),
(23, 18, 'oui', 'non'),
(23, 20, 'non', 'non'),
(23, 22, 'oui', 'oui'),
(23, 23, 'oui', 'oui'),
(23, 24, 'oui', 'non'),
(24, 5, 'oui', 'non'),
(24, 9, 'oui', 'non'),
(24, 11, 'non', 'non'),
(24, 12, 'non', 'non'),
(24, 13, 'oui', 'oui'),
(24, 14, 'oui', 'non'),
(24, 16, 'oui', 'non'),
(24, 17, 'oui', 'non'),
(24, 18, 'oui', 'non'),
(24, 19, 'oui', 'non'),
(24, 20, 'oui', 'non'),
(24, 22, 'oui', 'non'),
(24, 23, 'oui', 'oui'),
(24, 24, 'non', 'non'),
(24, 25, 'non', 'non'),
(24, 28, 'oui', 'non'),
(25, 5, 'non', 'non'),
(25, 9, 'oui', 'non'),
(25, 10, 'oui', 'non'),
(25, 11, 'oui', 'non'),
(25, 12, 'oui', 'non'),
(25, 13, 'oui', 'oui'),
(25, 14, 'non', 'non'),
(25, 16, 'oui', 'oui'),
(25, 17, 'oui', 'non'),
(25, 18, 'oui', 'non'),
(25, 19, 'oui', 'oui'),
(25, 20, 'non', 'non'),
(25, 22, 'oui', 'oui'),
(25, 23, 'non', 'non'),
(25, 24, 'non', 'non'),
(25, 25, 'non', 'non'),
(25, 28, 'oui', 'oui'),
(26, 5, 'non', 'non'),
(26, 9, 'oui', 'non'),
(26, 10, 'oui', 'non'),
(26, 11, 'oui', 'non'),
(26, 12, 'oui', 'non'),
(26, 13, 'oui', 'null'),
(26, 14, 'non', 'non'),
(26, 16, 'oui', 'non'),
(26, 17, 'oui', 'non'),
(26, 18, 'non', 'non'),
(26, 19, 'oui', 'non'),
(26, 20, 'non', 'non'),
(26, 22, 'oui', 'non'),
(26, 24, 'non', 'non'),
(27, 5, 'oui', 'oui'),
(27, 9, 'oui', 'non'),
(27, 11, 'oui', 'non'),
(27, 12, 'oui', 'oui'),
(27, 13, 'oui', 'oui'),
(27, 14, 'oui', 'non'),
(27, 17, 'oui', 'non'),
(27, 18, 'oui', 'non'),
(27, 19, 'oui', 'oui'),
(27, 20, 'oui', 'non'),
(27, 22, 'oui', 'non'),
(27, 23, 'oui', 'oui'),
(27, 24, 'oui', 'non'),
(27, 25, 'non', 'non'),
(27, 28, 'non', 'non'),
(27, 30, 'oui', 'oui'),
(28, 5, 'oui', 'non'),
(28, 9, 'oui', 'non'),
(28, 11, 'oui', 'non'),
(28, 12, 'oui', 'non'),
(28, 13, 'oui', 'null'),
(28, 14, 'oui', 'non'),
(28, 17, 'oui', 'non'),
(28, 18, 'non', 'non'),
(28, 19, 'oui', 'non'),
(28, 20, 'non', 'non'),
(28, 22, 'oui', 'non'),
(28, 23, 'oui', 'oui'),
(28, 24, 'oui', 'non'),
(28, 27, 'non', 'non'),
(28, 28, 'oui', 'non'),
(28, 29, 'oui', 'non'),
(28, 30, 'oui', 'non'),
(30, 5, 'non', 'null'),
(30, 9, 'oui', 'non'),
(30, 12, 'non', 'non'),
(30, 17, 'oui', 'non'),
(30, 18, 'oui', 'non'),
(30, 24, 'non', 'non'),
(30, 27, 'non', 'non'),
(31, 5, 'non', 'non'),
(31, 9, 'non', 'non'),
(31, 10, 'oui', 'non'),
(31, 11, 'non', 'non'),
(31, 12, 'non', 'non'),
(31, 13, 'oui', 'oui'),
(31, 17, 'non', 'non'),
(31, 18, 'oui', 'non'),
(31, 22, 'non', 'non'),
(31, 24, 'non', 'non'),
(31, 25, 'non', 'non'),
(31, 28, 'oui', 'oui'),
(31, 29, 'non', 'non'),
(35, 5, 'non', 'non'),
(35, 9, 'oui', 'non'),
(35, 10, 'non', 'non'),
(35, 11, 'oui', 'non'),
(35, 12, 'oui', 'oui'),
(35, 13, 'oui', 'oui'),
(35, 14, 'null', 'null'),
(35, 15, 'non', 'non'),
(35, 16, 'non', 'non'),
(35, 17, 'non', 'non'),
(35, 18, 'oui', 'non'),
(35, 19, 'null', 'null'),
(35, 20, 'oui', 'non'),
(35, 22, 'oui', 'oui'),
(35, 23, 'oui', 'oui'),
(35, 24, 'oui', 'non'),
(35, 25, 'non', 'oui'),
(35, 26, 'non', 'non'),
(35, 27, 'non', 'non'),
(35, 28, 'non', 'non'),
(35, 29, 'non', 'non'),
(35, 30, 'non', 'non'),
(35, 31, 'non', 'non'),
(35, 32, 'oui', 'non'),
(35, 33, 'non', 'non'),
(36, 5, 'oui', 'non'),
(36, 9, 'non', 'non'),
(36, 10, 'null', 'null'),
(36, 11, 'oui', 'non'),
(36, 12, 'oui', 'non'),
(36, 13, 'oui', 'non'),
(36, 14, 'oui', 'non'),
(36, 15, 'null', 'null'),
(36, 16, 'oui', 'non'),
(36, 17, 'oui', 'non'),
(36, 18, 'oui', 'non'),
(36, 19, 'oui', 'non'),
(36, 20, 'oui', 'non'),
(36, 22, 'oui', 'non'),
(36, 23, 'null', 'null'),
(36, 24, 'oui', 'non'),
(36, 25, 'non', 'non'),
(36, 26, 'null', 'null'),
(36, 27, 'null', 'null'),
(36, 28, 'oui', 'non'),
(36, 29, 'null', 'null'),
(36, 30, 'oui', 'non'),
(36, 31, 'null', 'null'),
(36, 32, 'oui', 'non'),
(36, 33, 'null', 'null'),
(37, 5, 'oui', 'non'),
(37, 9, 'oui', 'non'),
(37, 10, 'null', 'null'),
(37, 11, 'oui', 'non'),
(37, 12, 'oui', 'non'),
(37, 13, 'oui', 'non'),
(37, 14, 'oui', 'non'),
(37, 15, 'null', 'null'),
(37, 16, 'non', 'non'),
(37, 17, 'non', 'non'),
(37, 18, 'non', 'non'),
(37, 19, 'oui', 'non'),
(37, 20, 'oui', 'non'),
(37, 22, 'oui', 'oui'),
(37, 23, 'oui', 'non'),
(37, 24, 'non', 'non'),
(37, 25, 'null', 'null'),
(37, 26, 'null', 'null'),
(37, 27, 'null', 'null'),
(37, 28, 'oui', 'non'),
(37, 29, 'null', 'null'),
(37, 30, 'oui', 'non'),
(37, 31, 'null', 'null'),
(37, 32, 'non', 'non'),
(37, 33, 'null', 'null'),
(38, 5, 'oui', 'oui'),
(38, 9, 'oui', 'non'),
(38, 10, 'non', 'non'),
(38, 11, 'oui', 'non'),
(38, 12, 'non', 'non'),
(38, 13, 'oui', 'oui'),
(38, 14, 'non', 'non'),
(38, 15, 'null', 'null'),
(38, 16, 'non', 'oui'),
(38, 17, 'oui', 'oui'),
(38, 18, 'non', 'null'),
(38, 19, 'oui', 'oui'),
(38, 20, 'oui', 'non'),
(38, 22, 'oui', 'oui'),
(38, 23, 'non', 'non'),
(38, 24, 'oui', 'oui'),
(38, 25, 'non', 'non'),
(38, 26, 'null', 'null'),
(38, 27, 'null', 'null'),
(38, 28, 'oui', 'oui'),
(38, 29, 'null', 'null'),
(38, 30, 'oui', 'non'),
(38, 31, 'non', 'non'),
(38, 32, 'oui', 'non'),
(38, 33, 'null', 'null'),
(39, 5, 'oui', 'oui'),
(39, 9, 'oui', 'non'),
(39, 10, 'null', 'null'),
(39, 11, 'oui', 'non'),
(39, 12, 'oui', 'oui'),
(39, 13, 'oui', 'oui'),
(39, 14, 'non', 'non'),
(39, 15, 'null', 'null'),
(39, 16, 'non', 'oui'),
(39, 17, 'oui', 'oui'),
(39, 18, 'oui', 'non'),
(39, 19, 'oui', 'non'),
(39, 20, 'oui', 'non'),
(39, 22, 'oui', 'oui'),
(39, 23, 'oui', 'non'),
(39, 24, 'oui', 'oui'),
(39, 25, 'non', 'oui'),
(39, 26, 'null', 'null'),
(39, 27, 'null', 'null'),
(39, 28, 'oui', 'oui'),
(39, 29, 'null', 'null'),
(39, 30, 'oui', 'oui'),
(39, 31, 'null', 'null'),
(39, 32, 'non', 'non'),
(39, 33, 'null', 'null'),
(39, 34, 'oui', 'oui'),
(40, 5, 'oui', 'non'),
(40, 9, 'non', 'non'),
(40, 10, 'non', 'non'),
(40, 11, 'oui', 'non'),
(40, 12, 'oui', 'non'),
(40, 13, 'non', 'non'),
(40, 14, 'oui', 'non'),
(40, 15, 'null', 'null'),
(40, 16, 'oui', 'non'),
(40, 17, 'oui', 'non'),
(40, 18, 'non', 'non'),
(40, 19, 'non', 'non'),
(40, 20, 'oui', 'non'),
(40, 22, 'oui', 'non'),
(40, 23, 'oui', 'oui'),
(40, 24, 'oui', 'non'),
(40, 25, 'non', 'non'),
(40, 26, 'non', 'non'),
(40, 27, 'non', 'non'),
(40, 28, 'oui', 'non'),
(40, 29, 'null', 'null'),
(40, 30, 'oui', 'non'),
(40, 31, 'null', 'null'),
(40, 32, 'oui', 'non'),
(40, 33, 'null', 'null'),
(40, 34, 'oui', 'non'),
(41, 5, 'non', 'non'),
(41, 9, 'oui', 'non'),
(41, 10, 'non', 'non'),
(41, 11, 'oui', 'non'),
(41, 12, 'oui', 'oui'),
(41, 13, 'non', 'non'),
(41, 14, 'oui', 'oui'),
(41, 15, 'null', 'null'),
(41, 16, 'oui', 'oui'),
(41, 17, 'oui', 'oui'),
(41, 18, 'non', 'non'),
(41, 19, 'non', 'non'),
(41, 20, 'non', 'non'),
(41, 22, 'non', 'non'),
(41, 23, 'oui', 'oui'),
(41, 24, 'non', 'non'),
(41, 25, 'non', 'non'),
(41, 26, 'null', 'null'),
(41, 27, 'null', 'null'),
(41, 28, 'oui', 'oui'),
(41, 29, 'null', 'null'),
(41, 30, 'oui', 'oui'),
(41, 31, 'null', 'null'),
(41, 32, 'oui', 'non'),
(41, 33, 'null', 'null'),
(41, 34, 'oui', 'oui'),
(42, 5, 'oui', 'null'),
(42, 9, 'non', 'non'),
(42, 10, 'null', 'null'),
(42, 11, 'non', 'non'),
(42, 12, 'oui', 'non'),
(42, 13, 'oui', 'non'),
(42, 14, 'oui', 'non'),
(42, 15, 'null', 'null'),
(42, 16, 'oui', 'non'),
(42, 17, 'oui', 'non'),
(42, 18, 'non', 'non'),
(42, 19, 'non', 'non'),
(42, 20, 'oui', 'non'),
(42, 22, 'oui', 'non'),
(42, 23, 'oui', 'non'),
(42, 24, 'oui', 'non'),
(42, 25, 'null', 'null'),
(42, 26, 'null', 'null'),
(42, 27, 'null', 'null'),
(42, 28, 'oui', 'null'),
(42, 29, 'null', 'null'),
(42, 30, 'oui', 'non'),
(42, 31, 'null', 'null'),
(42, 32, 'non', 'non'),
(42, 33, 'null', 'null'),
(42, 34, 'oui', 'non'),
(43, 5, 'non', 'non'),
(43, 9, 'oui', 'oui'),
(43, 10, 'oui', 'oui'),
(43, 11, 'oui', 'non'),
(43, 12, 'oui', 'oui'),
(43, 13, 'non', 'non'),
(43, 14, 'oui', 'non'),
(43, 15, 'null', 'null'),
(43, 16, 'non', 'oui'),
(43, 17, 'oui', 'oui'),
(43, 18, 'non', 'non'),
(43, 19, 'non', 'oui'),
(43, 20, 'non', 'non'),
(43, 22, 'oui', 'oui'),
(43, 23, 'oui', 'oui'),
(43, 24, 'non', 'non'),
(43, 25, 'non', 'oui'),
(43, 26, 'null', 'null'),
(43, 27, 'null', 'null'),
(43, 28, 'oui', 'oui'),
(43, 29, 'null', 'null'),
(43, 30, 'oui', 'oui'),
(43, 31, 'null', 'null'),
(43, 32, 'oui', 'non'),
(43, 33, 'null', 'null'),
(43, 34, 'oui', 'oui'),
(44, 5, 'non', 'non'),
(44, 9, 'oui', 'non'),
(44, 10, 'oui', 'non'),
(44, 11, 'oui', 'non'),
(44, 12, 'oui', 'oui'),
(44, 13, 'non', 'non'),
(44, 14, 'oui', 'oui'),
(44, 15, 'null', 'null'),
(44, 16, 'oui', 'non'),
(44, 17, 'oui', 'oui'),
(44, 18, 'non', 'non'),
(44, 19, 'non', 'non'),
(44, 20, 'oui', 'non'),
(44, 22, 'oui', 'oui'),
(44, 23, 'oui', 'oui'),
(44, 24, 'oui', 'oui'),
(44, 25, 'non', 'non'),
(44, 26, 'null', 'null'),
(44, 27, 'null', 'null'),
(44, 28, 'oui', 'oui'),
(44, 29, 'null', 'null'),
(44, 30, 'oui', 'oui'),
(44, 31, 'null', 'null'),
(44, 32, 'null', 'null'),
(44, 33, 'null', 'null'),
(44, 34, 'non', 'oui'),
(45, 5, 'oui', 'non'),
(45, 9, 'oui', 'non'),
(45, 10, 'oui', 'non'),
(45, 11, 'non', 'non'),
(45, 12, 'non', 'non'),
(45, 13, 'non', 'non'),
(45, 14, 'oui', 'non'),
(45, 15, 'null', 'null'),
(45, 16, 'oui', 'non'),
(45, 17, 'oui', 'non'),
(45, 18, 'non', 'non'),
(45, 19, 'null', 'null'),
(45, 20, 'oui', 'non'),
(45, 22, 'oui', 'non'),
(45, 23, 'non', 'non'),
(45, 24, 'oui', 'non'),
(45, 25, 'non', 'non'),
(45, 26, 'non', 'non'),
(45, 27, 'null', 'null'),
(45, 28, 'oui', 'non'),
(45, 29, 'non', 'non'),
(45, 30, 'oui', 'non'),
(45, 31, 'non', 'non'),
(45, 32, 'oui', 'non'),
(45, 33, 'null', 'null'),
(45, 34, 'oui', 'non'),
(46, 5, 'oui', 'non'),
(46, 9, 'oui', 'non'),
(46, 10, 'oui', 'non'),
(46, 11, 'oui', 'non'),
(46, 12, 'oui', 'oui'),
(46, 13, 'non', 'oui'),
(46, 14, 'non', 'non'),
(46, 15, 'null', 'null'),
(46, 16, 'oui', 'oui'),
(46, 17, 'oui', 'oui'),
(46, 18, 'oui', 'non'),
(46, 19, 'oui', 'non'),
(46, 20, 'oui', 'non'),
(46, 22, 'oui', 'oui'),
(46, 23, 'oui', 'oui'),
(46, 24, 'oui', 'non'),
(46, 25, 'null', 'null'),
(46, 26, 'null', 'null'),
(46, 27, 'null', 'null'),
(46, 28, 'oui', 'oui'),
(46, 29, 'oui', 'oui'),
(46, 30, 'oui', 'oui'),
(46, 31, 'null', 'null'),
(46, 32, 'oui', 'non'),
(46, 33, 'null', 'null'),
(46, 34, 'oui', 'oui'),
(47, 5, 'non', 'non'),
(47, 9, 'oui', 'oui'),
(47, 10, 'oui', 'oui'),
(47, 11, 'oui', 'non'),
(47, 12, 'oui', 'oui'),
(47, 13, 'non', 'non'),
(47, 14, 'oui', 'non'),
(47, 15, 'null', 'null'),
(47, 16, 'oui', 'non'),
(47, 17, 'oui', 'oui'),
(47, 18, 'non', 'non'),
(47, 19, 'oui', 'oui'),
(47, 20, 'oui', 'non'),
(47, 22, 'oui', 'oui'),
(47, 23, 'oui', 'oui'),
(47, 24, 'non', 'non'),
(47, 25, 'non', 'non'),
(47, 26, 'null', 'null'),
(47, 27, 'null', 'null'),
(47, 28, 'oui', 'oui'),
(47, 29, 'null', 'null'),
(47, 30, 'non', 'non'),
(47, 31, 'null', 'null'),
(47, 32, 'oui', 'non'),
(47, 33, 'null', 'null'),
(47, 34, 'oui', 'non'),
(48, 5, 'null', 'null'),
(48, 9, 'non', 'non'),
(48, 10, 'oui', 'non'),
(48, 11, 'non', 'non'),
(48, 12, 'non', 'non'),
(48, 13, 'non', 'oui'),
(48, 14, 'oui', 'oui'),
(48, 15, 'null', 'null'),
(48, 16, 'oui', 'non'),
(48, 17, 'oui', 'non'),
(48, 18, 'non', 'non'),
(48, 19, 'oui', 'oui'),
(48, 20, 'non', 'non'),
(48, 22, 'oui', 'oui'),
(48, 23, 'oui', 'oui'),
(48, 24, 'oui', 'non'),
(48, 25, 'non', 'non'),
(48, 26, 'non', 'non'),
(48, 27, 'non', 'non'),
(48, 28, 'oui', 'non'),
(48, 29, 'null', 'null'),
(48, 30, 'non', 'non'),
(48, 31, 'null', 'null'),
(48, 32, 'non', 'non'),
(48, 33, 'null', 'null'),
(48, 34, 'null', 'null'),
(49, 5, 'null', 'null'),
(49, 9, 'null', 'null'),
(49, 10, 'null', 'null'),
(49, 11, 'null', 'null'),
(49, 12, 'null', 'null'),
(49, 13, 'null', 'null'),
(49, 14, 'null', 'null'),
(49, 15, 'null', 'null'),
(49, 16, 'null', 'null'),
(49, 17, 'null', 'null'),
(49, 18, 'null', 'null'),
(49, 19, 'null', 'null'),
(49, 20, 'null', 'oui'),
(49, 22, 'null', 'null'),
(49, 23, 'null', 'null'),
(49, 24, 'null', 'null'),
(49, 25, 'null', 'null'),
(49, 26, 'null', 'null'),
(49, 27, 'null', 'null'),
(49, 28, 'null', 'null'),
(49, 29, 'null', 'null'),
(49, 30, 'null', 'null'),
(49, 31, 'null', 'null'),
(49, 32, 'null', 'null'),
(49, 33, 'null', 'null'),
(49, 34, 'null', 'null'),
(50, 5, 'non', 'non'),
(50, 9, 'non', 'null'),
(50, 10, 'null', 'null'),
(50, 11, 'oui', 'non'),
(50, 12, 'oui', 'non'),
(50, 13, 'null', 'null'),
(50, 14, 'non', 'non'),
(50, 15, 'null', 'null'),
(50, 16, 'oui', 'non'),
(50, 17, 'oui', 'non'),
(50, 18, 'non', 'non'),
(50, 19, 'non', 'non'),
(50, 20, 'non', 'non'),
(50, 22, 'non', 'non'),
(50, 23, 'oui', 'oui'),
(50, 24, 'non', 'non'),
(50, 25, 'null', 'null'),
(50, 26, 'null', 'null'),
(50, 27, 'null', 'null'),
(50, 28, 'oui', 'null'),
(50, 29, 'null', 'null'),
(50, 30, 'non', 'non'),
(50, 31, 'non', 'non'),
(50, 32, 'non', 'non'),
(50, 33, 'null', 'null'),
(50, 34, 'non', 'non'),
(51, 5, 'oui', 'oui'),
(51, 9, 'oui', 'non'),
(51, 10, 'oui', 'non'),
(51, 11, 'oui', 'non'),
(51, 12, 'oui', 'oui'),
(51, 13, 'non', 'non'),
(51, 14, 'non', 'non'),
(51, 15, 'null', 'null'),
(51, 16, 'oui', 'non'),
(51, 17, 'oui', 'non'),
(51, 18, 'non', 'non'),
(51, 19, 'oui', 'non'),
(51, 20, 'non', 'non'),
(51, 22, 'oui', 'oui'),
(51, 23, 'oui', 'oui'),
(51, 24, 'oui', 'non'),
(51, 25, 'non', 'non'),
(51, 26, 'null', 'null'),
(51, 27, 'null', 'null'),
(51, 28, 'non', 'non'),
(51, 29, 'null', 'null'),
(51, 30, 'oui', 'oui'),
(51, 31, 'null', 'null'),
(51, 32, 'non', 'non'),
(51, 33, 'null', 'null'),
(51, 34, 'oui', 'oui'),
(52, 5, 'oui', 'non'),
(52, 9, 'non', 'non'),
(52, 10, 'oui', 'non'),
(52, 11, 'oui', 'non'),
(52, 12, 'oui', 'non'),
(52, 13, 'oui', 'oui'),
(52, 14, 'oui', 'non'),
(52, 15, 'null', 'null'),
(52, 16, 'oui', 'non'),
(52, 17, 'non', 'non'),
(52, 18, 'non', 'non'),
(52, 19, 'oui', 'non'),
(52, 20, 'oui', 'non'),
(52, 22, 'oui', 'non'),
(52, 23, 'oui', 'oui'),
(52, 24, 'non', 'non'),
(52, 25, 'null', 'null'),
(52, 26, 'null', 'null'),
(52, 27, 'null', 'null'),
(52, 28, 'oui', 'oui'),
(52, 29, 'null', 'null'),
(52, 30, 'oui', 'non'),
(52, 31, 'null', 'null'),
(52, 32, 'oui', 'non'),
(52, 33, 'null', 'null'),
(52, 34, 'oui', 'oui'),
(53, 5, 'oui', 'non'),
(53, 9, 'non', 'non'),
(53, 10, 'non', 'non'),
(53, 11, 'oui', 'non'),
(53, 12, 'non', 'non'),
(53, 13, 'non', 'non'),
(53, 14, 'oui', 'non'),
(53, 15, 'null', 'null'),
(53, 16, 'oui', 'non'),
(53, 17, 'oui', 'non'),
(53, 18, 'non', 'non'),
(53, 19, 'non', 'non'),
(53, 20, 'non', 'non'),
(53, 22, 'oui', 'non'),
(53, 23, 'null', 'null'),
(53, 24, 'oui', 'non'),
(53, 25, 'null', 'null'),
(53, 26, 'null', 'null'),
(53, 27, 'null', 'null'),
(53, 28, 'oui', 'non'),
(53, 29, 'null', 'null'),
(53, 30, 'oui', 'non'),
(53, 31, 'null', 'null'),
(53, 32, 'oui', 'non'),
(53, 33, 'null', 'null'),
(53, 34, 'oui', 'null'),
(53, 35, 'non', 'non'),
(54, 5, 'non', 'non'),
(54, 9, 'non', 'non'),
(54, 10, 'oui', 'non'),
(54, 11, 'oui', 'non'),
(54, 12, 'oui', 'non'),
(54, 13, 'oui', 'oui'),
(54, 14, 'non', 'non'),
(54, 15, 'null', 'null'),
(54, 16, 'oui', 'non'),
(54, 17, 'oui', 'non'),
(54, 18, 'non', 'non'),
(54, 19, 'non', 'non'),
(54, 20, 'oui', 'oui'),
(54, 22, 'oui', 'oui'),
(54, 23, 'non', 'non'),
(54, 24, 'oui', 'non'),
(54, 25, 'non', 'oui'),
(54, 26, 'null', 'null'),
(54, 27, 'null', 'null'),
(54, 28, 'oui', 'oui'),
(54, 29, 'null', 'null'),
(54, 30, 'oui', 'non'),
(54, 31, 'null', 'null'),
(54, 32, 'oui', 'non'),
(54, 33, 'null', 'null'),
(54, 34, 'non', 'non'),
(54, 35, 'non', 'non'),
(56, 5, 'oui', 'oui'),
(56, 9, 'non', 'non'),
(56, 10, 'non', 'non'),
(56, 11, 'oui', 'non'),
(56, 12, 'oui', 'oui'),
(56, 13, 'non', 'non'),
(56, 14, 'oui', 'non'),
(56, 15, 'null', 'null'),
(56, 16, 'oui', 'non'),
(56, 17, 'oui', 'non'),
(56, 18, 'non', 'non'),
(56, 19, 'oui', 'oui'),
(56, 20, 'oui', 'non'),
(56, 22, 'oui', 'oui'),
(56, 23, 'non', 'non'),
(56, 24, 'non', 'non'),
(56, 25, 'null', 'null'),
(56, 26, 'null', 'null'),
(56, 27, 'null', 'null'),
(56, 28, 'oui', 'oui'),
(56, 29, 'null', 'null'),
(56, 30, 'oui', 'non'),
(56, 31, 'null', 'null'),
(56, 32, 'oui', 'non'),
(56, 33, 'null', 'null'),
(56, 34, 'non', 'non'),
(56, 35, 'null', 'null'),
(58, 5, 'oui', 'non'),
(58, 9, 'null', 'null'),
(58, 10, 'null', 'null'),
(58, 11, 'oui', 'non'),
(58, 12, 'non', 'non'),
(58, 13, 'non', 'non'),
(58, 14, 'non', 'non'),
(58, 15, 'null', 'null'),
(58, 16, 'oui', 'non'),
(58, 17, 'oui', 'non'),
(58, 18, 'null', 'null'),
(58, 19, 'null', 'null'),
(58, 20, 'oui', 'non'),
(58, 22, 'oui', 'oui'),
(58, 23, 'null', 'null'),
(58, 24, 'non', 'non'),
(58, 25, 'null', 'null'),
(58, 26, 'null', 'null'),
(58, 27, 'null', 'null'),
(58, 28, 'oui', 'null'),
(58, 29, 'null', 'null'),
(58, 30, 'null', 'null'),
(58, 31, 'null', 'null'),
(58, 32, 'oui', 'non'),
(58, 33, 'oui', 'non'),
(58, 34, 'non', 'non'),
(58, 35, 'null', 'null'),
(60, 5, 'non', 'non'),
(60, 9, 'null', 'null'),
(60, 10, 'null', 'null'),
(60, 11, 'oui', 'non'),
(60, 12, 'null', 'null'),
(60, 13, 'null', 'null'),
(60, 14, 'null', 'null'),
(60, 15, 'null', 'null'),
(60, 16, 'null', 'null'),
(60, 17, 'null', 'null'),
(60, 18, 'oui', 'non'),
(60, 19, 'null', 'null'),
(60, 20, 'oui', 'oui'),
(60, 22, 'non', 'non'),
(60, 23, 'null', 'null'),
(60, 24, 'non', 'non'),
(60, 25, 'null', 'null'),
(60, 26, 'null', 'null'),
(60, 27, 'null', 'null'),
(60, 28, 'null', 'null'),
(60, 30, 'null', 'null'),
(60, 32, 'null', 'null'),
(60, 33, 'null', 'null'),
(62, 5, 'oui', 'oui'),
(62, 9, 'non', 'non'),
(62, 10, 'non', 'non'),
(62, 11, 'oui', 'non'),
(62, 12, 'oui', 'oui'),
(62, 13, 'oui', 'oui'),
(62, 14, 'null', 'null'),
(62, 16, 'oui', 'oui'),
(62, 17, 'oui', 'non'),
(62, 18, 'oui', 'non'),
(62, 19, 'oui', 'oui'),
(62, 20, 'oui', 'non'),
(62, 22, 'non', 'non'),
(62, 23, 'non', 'non'),
(62, 24, 'non', 'non'),
(62, 25, 'null', 'null'),
(62, 27, 'null', 'null'),
(62, 28, 'oui', 'oui'),
(62, 30, 'oui', 'oui'),
(62, 32, 'oui', 'non'),
(62, 33, 'null', 'null'),
(63, 5, 'oui', 'oui'),
(63, 9, 'oui', 'oui'),
(63, 10, 'non', 'non'),
(63, 11, 'oui', 'non'),
(63, 12, 'oui', 'oui'),
(63, 13, 'oui', 'oui'),
(63, 14, 'oui', 'non'),
(63, 16, 'oui', 'oui'),
(63, 17, 'oui', 'oui'),
(63, 18, 'oui', 'non'),
(63, 19, 'oui', 'oui'),
(63, 20, 'oui', 'non'),
(63, 22, 'oui', 'oui'),
(63, 23, 'oui', 'non'),
(63, 24, 'non', 'non'),
(63, 25, 'non', 'oui'),
(63, 27, 'null', 'null'),
(63, 28, 'oui', 'oui'),
(63, 30, 'oui', 'non'),
(63, 32, 'oui', 'non'),
(63, 33, 'null', 'null'),
(64, 5, 'oui', 'non'),
(64, 9, 'oui', 'non'),
(64, 10, 'null', 'null'),
(64, 11, 'oui', 'non'),
(64, 12, 'non', 'non'),
(64, 13, 'oui', 'non'),
(64, 14, 'null', 'null'),
(64, 16, 'oui', 'non'),
(64, 17, 'oui', 'non'),
(64, 18, 'non', 'non'),
(64, 19, 'non', 'non'),
(64, 20, 'non', 'non'),
(64, 22, 'oui', 'non'),
(64, 23, 'oui', 'non'),
(64, 24, 'non', 'non'),
(64, 25, 'null', 'null'),
(64, 27, 'non', 'non'),
(64, 28, 'oui', 'non'),
(64, 30, 'oui', 'non'),
(64, 32, 'oui', 'non'),
(64, 33, 'null', 'null'),
(64, 34, 'oui', 'non'),
(66, 5, 'oui', 'oui'),
(66, 9, 'null', 'null'),
(66, 10, 'null', 'null'),
(66, 11, 'oui', 'non'),
(66, 12, 'non', 'non'),
(66, 13, 'non', 'non'),
(66, 14, 'oui', 'non'),
(66, 16, 'oui', 'non'),
(66, 17, 'oui', 'oui'),
(66, 18, 'null', 'null'),
(66, 19, 'oui', 'oui'),
(66, 20, 'non', 'non'),
(66, 22, 'oui', 'oui'),
(66, 23, 'null', 'null'),
(66, 24, 'non', 'non'),
(66, 25, 'null', 'null'),
(66, 28, 'oui', 'oui'),
(66, 30, 'oui', 'oui'),
(66, 32, 'oui', 'non'),
(66, 33, 'oui', 'non'),
(66, 34, 'null', 'null'),
(66, 35, 'null', 'null');

-- --------------------------------------------------------

--
-- Structure de la table `phpbb_acl_groups`
--

CREATE TABLE IF NOT EXISTS `phpbb_acl_groups` (
  `group_id` mediumint(8) unsigned NOT NULL DEFAULT '0',
  `forum_id` mediumint(8) unsigned NOT NULL DEFAULT '0',
  `auth_option_id` mediumint(8) unsigned NOT NULL DEFAULT '0',
  `auth_role_id` mediumint(8) unsigned NOT NULL DEFAULT '0',
  `auth_setting` tinyint(2) NOT NULL DEFAULT '0',
  KEY `group_id` (`group_id`),
  KEY `auth_opt_id` (`auth_option_id`),
  KEY `auth_role_id` (`auth_role_id`)
) ENGINE=InnoDB DEFAULT CHARSET=utf8 COLLATE=utf8_bin;

--
-- Contenu de la table `phpbb_acl_groups`
--

INSERT INTO `phpbb_acl_groups` (`group_id`, `forum_id`, `auth_option_id`, `auth_role_id`, `auth_setting`) VALUES
(1, 0, 85, 0, 1),
(1, 0, 93, 0, 1),
(1, 0, 111, 0, 1),
(5, 0, 0, 5, 0),
(5, 0, 0, 1, 0),
(2, 0, 0, 6, 0),
(3, 0, 0, 6, 0),
(4, 0, 0, 5, 0),
(4, 0, 0, 10, 0),
(7, 0, 0, 23, 0),
(8, 0, 0, 6, 0),
(9, 0, 0, 6, 0),
(9, 8, 0, 14, 0),
(8, 9, 0, 14, 0),
(8, 7, 0, 14, 0),
(8, 3, 0, 14, 0),
(8, 4, 0, 14, 0),
(8, 5, 0, 14, 0),
(8, 6, 0, 14, 0);

-- --------------------------------------------------------

--
-- Structure de la table `phpbb_acl_options`
--

CREATE TABLE IF NOT EXISTS `phpbb_acl_options` (
  `auth_option_id` mediumint(8) unsigned NOT NULL AUTO_INCREMENT,
  `auth_option` varchar(50) COLLATE utf8_bin NOT NULL DEFAULT '',
  `is_global` tinyint(1) unsigned NOT NULL DEFAULT '0',
  `is_local` tinyint(1) unsigned NOT NULL DEFAULT '0',
  `founder_only` tinyint(1) unsigned NOT NULL DEFAULT '0',
  PRIMARY KEY (`auth_option_id`),
  UNIQUE KEY `auth_option` (`auth_option`)
) ENGINE=InnoDB  DEFAULT CHARSET=utf8 COLLATE=utf8_bin AUTO_INCREMENT=118 ;

--
-- Contenu de la table `phpbb_acl_options`
--

INSERT INTO `phpbb_acl_options` (`auth_option_id`, `auth_option`, `is_global`, `is_local`, `founder_only`) VALUES
(1, 'f_', 0, 1, 0),
(2, 'f_announce', 0, 1, 0),
(3, 'f_attach', 0, 1, 0),
(4, 'f_bbcode', 0, 1, 0),
(5, 'f_bump', 0, 1, 0),
(6, 'f_delete', 0, 1, 0),
(7, 'f_download', 0, 1, 0),
(8, 'f_edit', 0, 1, 0),
(9, 'f_email', 0, 1, 0),
(10, 'f_flash', 0, 1, 0),
(11, 'f_icons', 0, 1, 0),
(12, 'f_ignoreflood', 0, 1, 0),
(13, 'f_img', 0, 1, 0),
(14, 'f_list', 0, 1, 0),
(15, 'f_noapprove', 0, 1, 0),
(16, 'f_poll', 0, 1, 0),
(17, 'f_post', 0, 1, 0),
(18, 'f_postcount', 0, 1, 0),
(19, 'f_print', 0, 1, 0),
(20, 'f_read', 0, 1, 0),
(21, 'f_reply', 0, 1, 0),
(22, 'f_report', 0, 1, 0),
(23, 'f_search', 0, 1, 0),
(24, 'f_sigs', 0, 1, 0),
(25, 'f_smilies', 0, 1, 0),
(26, 'f_sticky', 0, 1, 0),
(27, 'f_subscribe', 0, 1, 0),
(28, 'f_user_lock', 0, 1, 0),
(29, 'f_vote', 0, 1, 0),
(30, 'f_votechg', 0, 1, 0),
(31, 'm_', 1, 1, 0),
(32, 'm_approve', 1, 1, 0),
(33, 'm_chgposter', 1, 1, 0),
(34, 'm_delete', 1, 1, 0),
(35, 'm_edit', 1, 1, 0),
(36, 'm_info', 1, 1, 0),
(37, 'm_lock', 1, 1, 0),
(38, 'm_merge', 1, 1, 0),
(39, 'm_move', 1, 1, 0),
(40, 'm_report', 1, 1, 0),
(41, 'm_split', 1, 1, 0),
(42, 'm_ban', 1, 0, 0),
(43, 'm_warn', 1, 0, 0),
(44, 'a_', 1, 0, 0),
(45, 'a_aauth', 1, 0, 0),
(46, 'a_attach', 1, 0, 0),
(47, 'a_authgroups', 1, 0, 0),
(48, 'a_authusers', 1, 0, 0),
(49, 'a_backup', 1, 0, 0),
(50, 'a_ban', 1, 0, 0),
(51, 'a_bbcode', 1, 0, 0),
(52, 'a_board', 1, 0, 0),
(53, 'a_bots', 1, 0, 0),
(54, 'a_clearlogs', 1, 0, 0),
(55, 'a_email', 1, 0, 0),
(56, 'a_fauth', 1, 0, 0),
(57, 'a_forum', 1, 0, 0),
(58, 'a_forumadd', 1, 0, 0),
(59, 'a_forumdel', 1, 0, 0),
(60, 'a_group', 1, 0, 0),
(61, 'a_groupadd', 1, 0, 0),
(62, 'a_groupdel', 1, 0, 0),
(63, 'a_icons', 1, 0, 0),
(64, 'a_jabber', 1, 0, 0),
(65, 'a_language', 1, 0, 0),
(66, 'a_mauth', 1, 0, 0),
(67, 'a_modules', 1, 0, 0),
(68, 'a_names', 1, 0, 0),
(69, 'a_phpinfo', 1, 0, 0),
(70, 'a_profile', 1, 0, 0),
(71, 'a_prune', 1, 0, 0),
(72, 'a_ranks', 1, 0, 0),
(73, 'a_reasons', 1, 0, 0),
(74, 'a_roles', 1, 0, 0),
(75, 'a_search', 1, 0, 0),
(76, 'a_server', 1, 0, 0),
(77, 'a_styles', 1, 0, 0),
(78, 'a_switchperm', 1, 0, 0),
(79, 'a_uauth', 1, 0, 0),
(80, 'a_user', 1, 0, 0),
(81, 'a_userdel', 1, 0, 0),
(82, 'a_viewauth', 1, 0, 0),
(83, 'a_viewlogs', 1, 0, 0),
(84, 'a_words', 1, 0, 0),
(85, 'u_', 1, 0, 0),
(86, 'u_attach', 1, 0, 0),
(87, 'u_chgavatar', 1, 0, 0),
(88, 'u_chgcensors', 1, 0, 0),
(89, 'u_chgemail', 1, 0, 0),
(90, 'u_chggrp', 1, 0, 0),
(91, 'u_chgname', 1, 0, 0),
(92, 'u_chgpasswd', 1, 0, 0),
(93, 'u_download', 1, 0, 0),
(94, 'u_hideonline', 1, 0, 0),
(95, 'u_ignoreflood', 1, 0, 0),
(96, 'u_masspm', 1, 0, 0),
(97, 'u_masspm_group', 1, 0, 0),
(98, 'u_pm_attach', 1, 0, 0),
(99, 'u_pm_bbcode', 1, 0, 0),
(100, 'u_pm_delete', 1, 0, 0),
(101, 'u_pm_download', 1, 0, 0),
(102, 'u_pm_edit', 1, 0, 0),
(103, 'u_pm_emailpm', 1, 0, 0),
(104, 'u_pm_flash', 1, 0, 0),
(105, 'u_pm_forward', 1, 0, 0),
(106, 'u_pm_img', 1, 0, 0),
(107, 'u_pm_printpm', 1, 0, 0),
(108, 'u_pm_smilies', 1, 0, 0),
(109, 'u_readpm', 1, 0, 0),
(110, 'u_savedrafts', 1, 0, 0),
(111, 'u_search', 1, 0, 0),
(112, 'u_sendemail', 1, 0, 0),
(113, 'u_sendim', 1, 0, 0),
(114, 'u_sendpm', 1, 0, 0),
(115, 'u_sig', 1, 0, 0),
(116, 'u_viewonline', 1, 0, 0),
(117, 'u_viewprofile', 1, 0, 0);

-- --------------------------------------------------------

--
-- Structure de la table `phpbb_acl_roles`
--

CREATE TABLE IF NOT EXISTS `phpbb_acl_roles` (
  `role_id` mediumint(8) unsigned NOT NULL AUTO_INCREMENT,
  `role_name` varchar(255) COLLATE utf8_bin NOT NULL DEFAULT '',
  `role_description` text COLLATE utf8_bin NOT NULL,
  `role_type` varchar(10) COLLATE utf8_bin NOT NULL DEFAULT '',
  `role_order` smallint(4) unsigned NOT NULL DEFAULT '0',
  PRIMARY KEY (`role_id`),
  KEY `role_type` (`role_type`),
  KEY `role_order` (`role_order`)
) ENGINE=InnoDB  DEFAULT CHARSET=utf8 COLLATE=utf8_bin AUTO_INCREMENT=25 ;

--
-- Contenu de la table `phpbb_acl_roles`
--

INSERT INTO `phpbb_acl_roles` (`role_id`, `role_name`, `role_description`, `role_type`, `role_order`) VALUES
(1, 'ROLE_ADMIN_STANDARD', 'ROLE_DESCRIPTION_ADMIN_STANDARD', 'a_', 1),
(2, 'ROLE_ADMIN_FORUM', 'ROLE_DESCRIPTION_ADMIN_FORUM', 'a_', 3),
(3, 'ROLE_ADMIN_USERGROUP', 'ROLE_DESCRIPTION_ADMIN_USERGROUP', 'a_', 4),
(4, 'ROLE_ADMIN_FULL', 'ROLE_DESCRIPTION_ADMIN_FULL', 'a_', 2),
(5, 'ROLE_USER_FULL', 'ROLE_DESCRIPTION_USER_FULL', 'u_', 3),
(6, 'ROLE_USER_STANDARD', 'ROLE_DESCRIPTION_USER_STANDARD', 'u_', 1),
(7, 'ROLE_USER_LIMITED', 'ROLE_DESCRIPTION_USER_LIMITED', 'u_', 2),
(8, 'ROLE_USER_NOPM', 'ROLE_DESCRIPTION_USER_NOPM', 'u_', 4),
(9, 'ROLE_USER_NOAVATAR', 'ROLE_DESCRIPTION_USER_NOAVATAR', 'u_', 5),
(10, 'ROLE_MOD_FULL', 'ROLE_DESCRIPTION_MOD_FULL', 'm_', 3),
(11, 'ROLE_MOD_STANDARD', 'ROLE_DESCRIPTION_MOD_STANDARD', 'm_', 1),
(12, 'ROLE_MOD_SIMPLE', 'ROLE_DESCRIPTION_MOD_SIMPLE', 'm_', 2),
(13, 'ROLE_MOD_QUEUE', 'ROLE_DESCRIPTION_MOD_QUEUE', 'm_', 4),
(14, 'ROLE_FORUM_FULL', 'ROLE_DESCRIPTION_FORUM_FULL', 'f_', 1),
(15, 'ROLE_FORUM_STANDARD', 'ROLE_DESCRIPTION_FORUM_STANDARD', 'f_', 6),
(16, 'ROLE_FORUM_NOACCESS', 'ROLE_DESCRIPTION_FORUM_NOACCESS', 'f_', 2),
(17, 'ROLE_FORUM_READONLY', 'ROLE_DESCRIPTION_FORUM_READONLY', 'f_', 3),
(18, 'ROLE_FORUM_LIMITED', 'ROLE_DESCRIPTION_FORUM_LIMITED', 'f_', 4),
(19, 'ROLE_FORUM_BOT', 'ROLE_DESCRIPTION_FORUM_BOT', 'f_', 9),
(20, 'ROLE_FORUM_ONQUEUE', 'ROLE_DESCRIPTION_FORUM_ONQUEUE', 'f_', 8),
(21, 'ROLE_FORUM_POLLS', 'ROLE_DESCRIPTION_FORUM_POLLS', 'f_', 7),
(22, 'ROLE_FORUM_LIMITED_POLLS', 'ROLE_DESCRIPTION_FORUM_LIMITED_POLLS', 'f_', 5),
(23, 'ROLE_USER_NEW_MEMBER', 'ROLE_DESCRIPTION_USER_NEW_MEMBER', 'u_', 6),
(24, 'ROLE_FORUM_NEW_MEMBER', 'ROLE_DESCRIPTION_FORUM_NEW_MEMBER', 'f_', 10);

-- --------------------------------------------------------

--
-- Structure de la table `phpbb_acl_roles_data`
--

CREATE TABLE IF NOT EXISTS `phpbb_acl_roles_data` (
  `role_id` mediumint(8) unsigned NOT NULL DEFAULT '0',
  `auth_option_id` mediumint(8) unsigned NOT NULL DEFAULT '0',
  `auth_setting` tinyint(2) NOT NULL DEFAULT '0',
  PRIMARY KEY (`role_id`,`auth_option_id`),
  KEY `ath_op_id` (`auth_option_id`)
) ENGINE=InnoDB DEFAULT CHARSET=utf8 COLLATE=utf8_bin;

--
-- Contenu de la table `phpbb_acl_roles_data`
--

INSERT INTO `phpbb_acl_roles_data` (`role_id`, `auth_option_id`, `auth_setting`) VALUES
(1, 44, 1),
(1, 46, 1),
(1, 47, 1),
(1, 48, 1),
(1, 50, 1),
(1, 51, 1),
(1, 52, 1),
(1, 56, 1),
(1, 57, 1),
(1, 58, 1),
(1, 59, 1),
(1, 60, 1),
(1, 61, 1),
(1, 62, 1),
(1, 63, 1),
(1, 66, 1),
(1, 68, 1),
(1, 70, 1),
(1, 71, 1),
(1, 72, 1),
(1, 73, 1),
(1, 79, 1),
(1, 80, 1),
(1, 81, 1),
(1, 82, 1),
(1, 83, 1),
(1, 84, 1),
(2, 44, 1),
(2, 47, 1),
(2, 48, 1),
(2, 56, 1),
(2, 57, 1),
(2, 58, 1),
(2, 59, 1),
(2, 66, 1),
(2, 71, 1),
(2, 79, 1),
(2, 82, 1),
(2, 83, 1),
(3, 44, 1),
(3, 47, 1),
(3, 48, 1),
(3, 50, 1),
(3, 60, 1),
(3, 61, 1),
(3, 62, 1),
(3, 72, 1),
(3, 79, 1),
(3, 80, 1),
(3, 82, 1),
(3, 83, 1),
(4, 44, 1),
(4, 45, 1),
(4, 46, 1),
(4, 47, 1),
(4, 48, 1),
(4, 49, 1),
(4, 50, 1),
(4, 51, 1),
(4, 52, 1),
(4, 53, 1),
(4, 54, 1),
(4, 55, 1),
(4, 56, 1),
(4, 57, 1),
(4, 58, 1),
(4, 59, 1),
(4, 60, 1),
(4, 61, 1),
(4, 62, 1),
(4, 63, 1),
(4, 64, 1),
(4, 65, 1),
(4, 66, 1),
(4, 67, 1),
(4, 68, 1),
(4, 69, 1),
(4, 70, 1),
(4, 71, 1),
(4, 72, 1),
(4, 73, 1),
(4, 74, 1),
(4, 75, 1),
(4, 76, 1),
(4, 77, 1),
(4, 78, 1),
(4, 79, 1),
(4, 80, 1),
(4, 81, 1),
(4, 82, 1),
(4, 83, 1),
(4, 84, 1),
(5, 85, 1),
(5, 86, 1),
(5, 87, 1),
(5, 88, 1),
(5, 89, 1),
(5, 90, 1),
(5, 91, 1),
(5, 92, 1),
(5, 93, 1),
(5, 94, 1),
(5, 95, 1),
(5, 96, 1),
(5, 97, 1),
(5, 98, 1),
(5, 99, 1),
(5, 100, 1),
(5, 101, 1),
(5, 102, 1),
(5, 103, 1),
(5, 104, 1),
(5, 105, 1),
(5, 106, 1),
(5, 107, 1),
(5, 108, 1),
(5, 109, 1),
(5, 110, 1),
(5, 111, 1),
(5, 112, 1),
(5, 113, 1),
(5, 114, 1),
(5, 115, 1),
(5, 116, 1),
(5, 117, 1),
(6, 85, 1),
(6, 86, 1),
(6, 87, 1),
(6, 88, 1),
(6, 89, 1),
(6, 92, 1),
(6, 93, 1),
(6, 94, 1),
(6, 96, 1),
(6, 97, 1),
(6, 98, 1),
(6, 99, 1),
(6, 100, 1),
(6, 101, 1),
(6, 102, 1),
(6, 103, 1),
(6, 106, 1),
(6, 107, 1),
(6, 108, 1),
(6, 109, 1),
(6, 110, 1),
(6, 111, 1),
(6, 112, 1),
(6, 113, 1),
(6, 114, 1),
(6, 115, 1),
(6, 117, 1),
(7, 85, 1),
(7, 87, 1),
(7, 88, 1),
(7, 89, 1),
(7, 92, 1),
(7, 93, 1),
(7, 94, 1),
(7, 99, 1),
(7, 100, 1),
(7, 101, 1),
(7, 102, 1),
(7, 105, 1),
(7, 106, 1),
(7, 107, 1),
(7, 108, 1),
(7, 109, 1),
(7, 114, 1),
(7, 115, 1),
(7, 117, 1),
(8, 85, 1),
(8, 87, 1),
(8, 88, 1),
(8, 89, 1),
(8, 92, 1),
(8, 93, 1),
(8, 94, 1),
(8, 96, 0),
(8, 97, 0),
(8, 109, 0),
(8, 114, 0),
(8, 115, 1),
(8, 117, 1),
(9, 85, 1),
(9, 87, 0),
(9, 88, 1),
(9, 89, 1),
(9, 92, 1),
(9, 93, 1),
(9, 94, 1),
(9, 99, 1),
(9, 100, 1),
(9, 101, 1),
(9, 102, 1),
(9, 105, 1),
(9, 106, 1),
(9, 107, 1),
(9, 108, 1),
(9, 109, 1),
(9, 114, 1),
(9, 115, 1),
(9, 117, 1),
(10, 31, 1),
(10, 32, 1),
(10, 33, 1),
(10, 34, 1),
(10, 35, 1),
(10, 36, 1),
(10, 37, 1),
(10, 38, 1),
(10, 39, 1),
(10, 40, 1),
(10, 41, 1),
(10, 42, 1),
(10, 43, 1),
(11, 31, 1),
(11, 32, 1),
(11, 34, 1),
(11, 35, 1),
(11, 36, 1),
(11, 37, 1),
(11, 38, 1),
(11, 39, 1),
(11, 40, 1),
(11, 41, 1),
(11, 43, 1),
(12, 31, 1),
(12, 34, 1),
(12, 35, 1),
(12, 36, 1),
(12, 40, 1),
(13, 31, 1),
(13, 32, 1),
(13, 35, 1),
(14, 1, 1),
(14, 2, 1),
(14, 3, 1),
(14, 4, 1),
(14, 5, 1),
(14, 6, 1),
(14, 7, 1),
(14, 8, 1),
(14, 9, 1),
(14, 10, 1),
(14, 11, 1),
(14, 12, 1),
(14, 13, 1),
(14, 14, 1),
(14, 15, 1),
(14, 16, 1),
(14, 17, 1),
(14, 18, 1),
(14, 19, 1),
(14, 20, 1),
(14, 21, 1),
(14, 22, 1),
(14, 23, 1),
(14, 24, 1),
(14, 25, 1),
(14, 26, 1),
(14, 27, 1),
(14, 28, 1),
(14, 29, 1),
(14, 30, 1),
(15, 1, 1),
(15, 3, 1),
(15, 4, 1),
(15, 5, 1),
(15, 6, 1),
(15, 7, 1),
(15, 8, 1),
(15, 9, 1),
(15, 11, 1),
(15, 13, 1),
(15, 14, 1),
(15, 15, 1),
(15, 17, 1),
(15, 18, 1),
(15, 19, 1),
(15, 20, 1),
(15, 21, 1),
(15, 22, 1),
(15, 23, 1),
(15, 24, 1),
(15, 25, 1),
(15, 27, 1),
(15, 29, 1),
(15, 30, 1),
(16, 1, 0),
(17, 1, 1),
(17, 7, 1),
(17, 14, 1),
(17, 19, 1),
(17, 20, 1),
(17, 23, 1),
(17, 27, 1),
(18, 1, 1),
(18, 4, 1),
(18, 7, 1),
(18, 8, 1),
(18, 9, 1),
(18, 13, 1),
(18, 14, 1),
(18, 15, 1),
(18, 17, 1),
(18, 18, 1),
(18, 19, 1),
(18, 20, 1),
(18, 21, 1),
(18, 22, 1),
(18, 23, 1),
(18, 24, 1),
(18, 25, 1),
(18, 27, 1),
(18, 29, 1),
(19, 1, 1),
(19, 7, 1),
(19, 14, 1),
(19, 19, 1),
(19, 20, 1),
(20, 1, 1),
(20, 3, 1),
(20, 4, 1),
(20, 7, 1),
(20, 8, 1),
(20, 9, 1),
(20, 13, 1),
(20, 14, 1),
(20, 15, 0),
(20, 17, 1),
(20, 18, 1),
(20, 19, 1),
(20, 20, 1),
(20, 21, 1),
(20, 22, 1),
(20, 23, 1),
(20, 24, 1),
(20, 25, 1),
(20, 27, 1),
(20, 29, 1),
(21, 1, 1),
(21, 3, 1),
(21, 4, 1),
(21, 5, 1),
(21, 6, 1),
(21, 7, 1),
(21, 8, 1),
(21, 9, 1),
(21, 11, 1),
(21, 13, 1),
(21, 14, 1),
(21, 15, 1),
(21, 16, 1),
(21, 17, 1),
(21, 18, 1),
(21, 19, 1),
(21, 20, 1),
(21, 21, 1),
(21, 22, 1),
(21, 23, 1),
(21, 24, 1),
(21, 25, 1),
(21, 27, 1),
(21, 29, 1),
(21, 30, 1),
(22, 1, 1),
(22, 4, 1),
(22, 7, 1),
(22, 8, 1),
(22, 9, 1),
(22, 13, 1),
(22, 14, 1),
(22, 15, 1),
(22, 16, 1),
(22, 17, 1),
(22, 18, 1),
(22, 19, 1),
(22, 20, 1),
(22, 21, 1),
(22, 22, 1),
(22, 23, 1),
(22, 24, 1),
(22, 25, 1),
(22, 27, 1),
(22, 29, 1),
(23, 96, 0),
(23, 97, 0),
(23, 114, 0),
(24, 15, 0);

-- --------------------------------------------------------

--
-- Structure de la table `phpbb_acl_users`
--

CREATE TABLE IF NOT EXISTS `phpbb_acl_users` (
  `user_id` mediumint(8) unsigned NOT NULL DEFAULT '0',
  `forum_id` mediumint(8) unsigned NOT NULL DEFAULT '0',
  `auth_option_id` mediumint(8) unsigned NOT NULL DEFAULT '0',
  `auth_role_id` mediumint(8) unsigned NOT NULL DEFAULT '0',
  `auth_setting` tinyint(2) NOT NULL DEFAULT '0',
  KEY `user_id` (`user_id`),
  KEY `auth_option_id` (`auth_option_id`),
  KEY `auth_role_id` (`auth_role_id`)
) ENGINE=InnoDB DEFAULT CHARSET=utf8 COLLATE=utf8_bin;

--
-- Contenu de la table `phpbb_acl_users`
--

INSERT INTO `phpbb_acl_users` (`user_id`, `forum_id`, `auth_option_id`, `auth_role_id`, `auth_setting`) VALUES
(2, 0, 0, 5, 0),
(54, 0, 0, 5, 0),
(54, 0, 0, 4, 0),
(67, 0, 86, 0, 1),
(67, 0, 88, 0, 1),
(67, 0, 93, 0, 1),
(67, 0, 110, 0, 1),
(67, 0, 115, 0, 1),
(67, 0, 87, 0, 1),
(67, 0, 89, 0, 1),
(67, 0, 92, 0, 1),
(67, 0, 94, 0, 1),
(67, 0, 111, 0, 1),
(67, 0, 112, 0, 1),
(67, 0, 113, 0, 1),
(67, 0, 96, 0, 1),
(67, 0, 97, 0, 1),
(67, 0, 98, 0, 1),
(67, 0, 99, 0, 1),
(67, 0, 100, 0, 1),
(67, 0, 101, 0, 1),
(67, 0, 102, 0, 1),
(67, 0, 103, 0, 1),
(67, 0, 106, 0, 1),
(67, 0, 107, 0, 1),
(67, 0, 108, 0, 1),
(67, 0, 109, 0, 1),
(67, 0, 114, 0, 1),
(67, 0, 85, 0, 1);

-- --------------------------------------------------------

--
-- Structure de la table `phpbb_attachments`
--

CREATE TABLE IF NOT EXISTS `phpbb_attachments` (
  `attach_id` mediumint(8) unsigned NOT NULL AUTO_INCREMENT,
  `post_msg_id` mediumint(8) unsigned NOT NULL DEFAULT '0',
  `topic_id` mediumint(8) unsigned NOT NULL DEFAULT '0',
  `in_message` tinyint(1) unsigned NOT NULL DEFAULT '0',
  `poster_id` mediumint(8) unsigned NOT NULL DEFAULT '0',
  `is_orphan` tinyint(1) unsigned NOT NULL DEFAULT '1',
  `physical_filename` varchar(255) COLLATE utf8_bin NOT NULL DEFAULT '',
  `real_filename` varchar(255) COLLATE utf8_bin NOT NULL DEFAULT '',
  `download_count` mediumint(8) unsigned NOT NULL DEFAULT '0',
  `attach_comment` text COLLATE utf8_bin NOT NULL,
  `extension` varchar(100) COLLATE utf8_bin NOT NULL DEFAULT '',
  `mimetype` varchar(100) COLLATE utf8_bin NOT NULL DEFAULT '',
  `filesize` int(20) unsigned NOT NULL DEFAULT '0',
  `filetime` int(11) unsigned NOT NULL DEFAULT '0',
  `thumbnail` tinyint(1) unsigned NOT NULL DEFAULT '0',
  PRIMARY KEY (`attach_id`),
  KEY `filetime` (`filetime`),
  KEY `post_msg_id` (`post_msg_id`),
  KEY `topic_id` (`topic_id`),
  KEY `poster_id` (`poster_id`),
  KEY `is_orphan` (`is_orphan`)
) ENGINE=InnoDB DEFAULT CHARSET=utf8 COLLATE=utf8_bin AUTO_INCREMENT=1 ;

-- --------------------------------------------------------

--
-- Structure de la table `phpbb_banlist`
--

CREATE TABLE IF NOT EXISTS `phpbb_banlist` (
  `ban_id` mediumint(8) unsigned NOT NULL AUTO_INCREMENT,
  `ban_userid` mediumint(8) unsigned NOT NULL DEFAULT '0',
  `ban_ip` varchar(40) COLLATE utf8_bin NOT NULL DEFAULT '',
  `ban_email` varchar(100) COLLATE utf8_bin NOT NULL DEFAULT '',
  `ban_start` int(11) unsigned NOT NULL DEFAULT '0',
  `ban_end` int(11) unsigned NOT NULL DEFAULT '0',
  `ban_exclude` tinyint(1) unsigned NOT NULL DEFAULT '0',
  `ban_reason` varchar(255) COLLATE utf8_bin NOT NULL DEFAULT '',
  `ban_give_reason` varchar(255) COLLATE utf8_bin NOT NULL DEFAULT '',
  PRIMARY KEY (`ban_id`),
  KEY `ban_end` (`ban_end`),
  KEY `ban_user` (`ban_userid`,`ban_exclude`),
  KEY `ban_email` (`ban_email`,`ban_exclude`),
  KEY `ban_ip` (`ban_ip`,`ban_exclude`)
) ENGINE=InnoDB DEFAULT CHARSET=utf8 COLLATE=utf8_bin AUTO_INCREMENT=1 ;

-- --------------------------------------------------------

--
-- Structure de la table `phpbb_bbcodes`
--

CREATE TABLE IF NOT EXISTS `phpbb_bbcodes` (
  `bbcode_id` smallint(4) unsigned NOT NULL DEFAULT '0',
  `bbcode_tag` varchar(16) COLLATE utf8_bin NOT NULL DEFAULT '',
  `bbcode_helpline` varchar(255) COLLATE utf8_bin NOT NULL DEFAULT '',
  `display_on_posting` tinyint(1) unsigned NOT NULL DEFAULT '0',
  `bbcode_match` text COLLATE utf8_bin NOT NULL,
  `bbcode_tpl` mediumtext COLLATE utf8_bin NOT NULL,
  `first_pass_match` mediumtext COLLATE utf8_bin NOT NULL,
  `first_pass_replace` mediumtext COLLATE utf8_bin NOT NULL,
  `second_pass_match` mediumtext COLLATE utf8_bin NOT NULL,
  `second_pass_replace` mediumtext COLLATE utf8_bin NOT NULL,
  PRIMARY KEY (`bbcode_id`),
  KEY `display_on_post` (`display_on_posting`)
) ENGINE=InnoDB DEFAULT CHARSET=utf8 COLLATE=utf8_bin;

-- --------------------------------------------------------

--
-- Structure de la table `phpbb_bookmarks`
--

CREATE TABLE IF NOT EXISTS `phpbb_bookmarks` (
  `topic_id` mediumint(8) unsigned NOT NULL DEFAULT '0',
  `user_id` mediumint(8) unsigned NOT NULL DEFAULT '0',
  PRIMARY KEY (`topic_id`,`user_id`)
) ENGINE=InnoDB DEFAULT CHARSET=utf8 COLLATE=utf8_bin;

-- --------------------------------------------------------

--
-- Structure de la table `phpbb_bots`
--

CREATE TABLE IF NOT EXISTS `phpbb_bots` (
  `bot_id` mediumint(8) unsigned NOT NULL AUTO_INCREMENT,
  `bot_active` tinyint(1) unsigned NOT NULL DEFAULT '1',
  `bot_name` varchar(255) COLLATE utf8_bin NOT NULL DEFAULT '',
  `user_id` mediumint(8) unsigned NOT NULL DEFAULT '0',
  `bot_agent` varchar(255) COLLATE utf8_bin NOT NULL DEFAULT '',
  `bot_ip` varchar(255) COLLATE utf8_bin NOT NULL DEFAULT '',
  PRIMARY KEY (`bot_id`),
  KEY `bot_active` (`bot_active`)
) ENGINE=InnoDB  DEFAULT CHARSET=utf8 COLLATE=utf8_bin AUTO_INCREMENT=52 ;

--
-- Contenu de la table `phpbb_bots`
--

INSERT INTO `phpbb_bots` (`bot_id`, `bot_active`, `bot_name`, `user_id`, `bot_agent`, `bot_ip`) VALUES
(1, 1, 'AdsBot [Google]', 3, 'AdsBot-Google', ''),
(2, 1, 'Alexa [Bot]', 4, 'ia_archiver', ''),
(3, 1, 'Alta Vista [Bot]', 5, 'Scooter/', ''),
(4, 1, 'Ask Jeeves [Bot]', 6, 'Ask Jeeves', ''),
(5, 1, 'Baidu [Spider]', 7, 'Baiduspider+(', ''),
(6, 1, 'Bing [Bot]', 8, 'bingbot/', ''),
(7, 1, 'Exabot [Bot]', 9, 'Exabot/', ''),
(8, 1, 'FAST Enterprise [Crawler]', 10, 'FAST Enterprise Crawler', ''),
(9, 1, 'FAST WebCrawler [Crawler]', 11, 'FAST-WebCrawler/', ''),
(10, 1, 'Francis [Bot]', 12, 'http://www.neomo.de/', ''),
(11, 1, 'Gigabot [Bot]', 13, 'Gigabot/', ''),
(12, 1, 'Google Adsense [Bot]', 14, 'Mediapartners-Google', ''),
(13, 1, 'Google Desktop', 15, 'Google Desktop', ''),
(14, 1, 'Google Feedfetcher', 16, 'Feedfetcher-Google', ''),
(15, 1, 'Google [Bot]', 17, 'Googlebot', ''),
(16, 1, 'Heise IT-Markt [Crawler]', 18, 'heise-IT-Markt-Crawler', ''),
(17, 1, 'Heritrix [Crawler]', 19, 'heritrix/1.', ''),
(18, 1, 'IBM Research [Bot]', 20, 'ibm.com/cs/crawler', ''),
(19, 1, 'ICCrawler - ICjobs', 21, 'ICCrawler - ICjobs', ''),
(20, 1, 'ichiro [Crawler]', 22, 'ichiro/', ''),
(21, 1, 'Majestic-12 [Bot]', 23, 'MJ12bot/', ''),
(22, 1, 'Metager [Bot]', 24, 'MetagerBot/', ''),
(23, 1, 'MSN NewsBlogs', 25, 'msnbot-NewsBlogs/', ''),
(24, 1, 'MSN [Bot]', 26, 'msnbot/', ''),
(25, 1, 'MSNbot Media', 27, 'msnbot-media/', ''),
(26, 1, 'NG-Search [Bot]', 28, 'NG-Search/', ''),
(27, 1, 'Nutch [Bot]', 29, 'http://lucene.apache.org/nutch/', ''),
(28, 1, 'Nutch/CVS [Bot]', 30, 'NutchCVS/', ''),
(29, 1, 'OmniExplorer [Bot]', 31, 'OmniExplorer_Bot/', ''),
(30, 1, 'Online link [Validator]', 32, 'online link validator', ''),
(31, 1, 'psbot [Picsearch]', 33, 'psbot/0', ''),
(32, 1, 'Seekport [Bot]', 34, 'Seekbot/', ''),
(33, 1, 'Sensis [Crawler]', 35, 'Sensis Web Crawler', ''),
(34, 1, 'SEO Crawler', 36, 'SEO search Crawler/', ''),
(35, 1, 'Seoma [Crawler]', 37, 'Seoma [SEO Crawler]', ''),
(36, 1, 'SEOSearch [Crawler]', 38, 'SEOsearch/', ''),
(37, 1, 'Snappy [Bot]', 39, 'Snappy/1.1 ( http://www.urltrends.com/ )', ''),
(38, 1, 'Steeler [Crawler]', 40, 'http://www.tkl.iis.u-tokyo.ac.jp/~crawler/', ''),
(39, 1, 'Synoo [Bot]', 41, 'SynooBot/', ''),
(40, 1, 'Telekom [Bot]', 42, 'crawleradmin.t-info@telekom.de', ''),
(41, 1, 'TurnitinBot [Bot]', 43, 'TurnitinBot/', ''),
(42, 1, 'Voyager [Bot]', 44, 'voyager/1.0', ''),
(43, 1, 'W3 [Sitesearch]', 45, 'W3 SiteSearch Crawler', ''),
(44, 1, 'W3C [Linkcheck]', 46, 'W3C-checklink/', ''),
(45, 1, 'W3C [Validator]', 47, 'W3C_*Validator', ''),
(46, 1, 'WiseNut [Bot]', 48, 'http://www.WISEnutbot.com', ''),
(47, 1, 'YaCy [Bot]', 49, 'yacybot', ''),
(48, 1, 'Yahoo MMCrawler [Bot]', 50, 'Yahoo-MMCrawler/', ''),
(49, 1, 'Yahoo Slurp [Bot]', 51, 'Yahoo! DE Slurp', ''),
(50, 1, 'Yahoo [Bot]', 52, 'Yahoo! Slurp', ''),
(51, 1, 'YahooSeeker [Bot]', 53, 'YahooSeeker/', '');

-- --------------------------------------------------------

--
-- Structure de la table `phpbb_config`
--

CREATE TABLE IF NOT EXISTS `phpbb_config` (
  `config_name` varchar(255) COLLATE utf8_bin NOT NULL DEFAULT '',
  `config_value` varchar(255) COLLATE utf8_bin NOT NULL DEFAULT '',
  `is_dynamic` tinyint(1) unsigned NOT NULL DEFAULT '0',
  PRIMARY KEY (`config_name`),
  KEY `is_dynamic` (`is_dynamic`)
) ENGINE=InnoDB DEFAULT CHARSET=utf8 COLLATE=utf8_bin;

--
-- Contenu de la table `phpbb_config`
--

INSERT INTO `phpbb_config` (`config_name`, `config_value`, `is_dynamic`) VALUES
('active_sessions', '0', 0),
('allow_attachments', '1', 0),
('allow_autologin', '1', 0),
('allow_avatar', '1', 0),
('allow_avatar_local', '0', 0),
('allow_avatar_remote', '0', 0),
('allow_avatar_remote_upload', '0', 0),
('allow_avatar_upload', '1', 0),
('allow_bbcode', '1', 0),
('allow_birthdays', '1', 0),
('allow_bookmarks', '1', 0),
('allow_emailreuse', '0', 0),
('allow_forum_notify', '1', 0),
('allow_mass_pm', '1', 0),
('allow_name_chars', 'USERNAME_CHARS_ANY', 0),
('allow_namechange', '0', 0),
('allow_nocensors', '0', 0),
('allow_pm_attach', '0', 0),
('allow_pm_report', '1', 0),
('allow_post_flash', '1', 0),
('allow_post_links', '1', 0),
('allow_privmsg', '1', 0),
('allow_quick_reply', '1', 0),
('allow_sig', '1', 0),
('allow_sig_bbcode', '1', 0),
('allow_sig_flash', '0', 0),
('allow_sig_img', '1', 0),
('allow_sig_links', '1', 0),
('allow_sig_pm', '1', 0),
('allow_sig_smilies', '1', 0),
('allow_smilies', '1', 0),
('allow_topic_notify', '1', 0),
('attachment_quota', '52428800', 0),
('auth_bbcode_pm', '1', 0),
('auth_flash_pm', '0', 0),
('auth_img_pm', '1', 0),
('auth_method', 'db', 0),
('auth_smilies_pm', '1', 0),
('avatar_filesize', '6144', 0),
('avatar_gallery_path', 'images/avatars/gallery', 0),
('avatar_max_height', '90', 0),
('avatar_max_width', '90', 0),
('avatar_min_height', '20', 0),
('avatar_min_width', '20', 0),
('avatar_path', 'images/avatars/upload', 0),
('avatar_salt', '90d60db55b84766a3bf69ac930fcc60f', 0),
('board_contact', 'ben.garcia0401@gmail.com', 0),
('board_disable', '0', 0),
('board_disable_msg', '', 0),
('board_dst', '0', 0),
('board_email', 'ben.garcia0401@gmail.com', 0),
('board_email_form', '0', 0),
('board_email_sig', 'Cordialement, le responsable', 0),
('board_hide_emails', '1', 0),
('board_startdate', '1375611362', 0),
('board_timezone', '0', 0),
('browser_check', '1', 0),
('bump_interval', '10', 0),
('bump_type', 'd', 0),
('cache_gc', '7200', 0),
('cache_last_gc', '1409135963', 1),
('captcha_gd', '1', 0),
('captcha_gd_3d_noise', '1', 0),
('captcha_gd_fonts', '1', 0),
('captcha_gd_foreground_noise', '0', 0),
('captcha_gd_wave', '0', 0),
('captcha_gd_x_grid', '25', 0),
('captcha_gd_y_grid', '25', 0),
('captcha_plugin', 'phpbb_captcha_gd', 0),
('check_attachment_content', '1', 0),
('check_dnsbl', '0', 0),
('chg_passforce', '0', 0),
('confirm_refresh', '1', 0),
('cookie_domain', 'foot-chamadelle.super-h.fr', 0),
('cookie_name', 'phpbb3_9zs9c', 0),
('cookie_path', '/', 0),
('cookie_secure', '0', 0),
('coppa_enable', '0', 0),
('coppa_fax', '', 0),
('coppa_mail', '', 0),
('cron_lock', '0', 1),
('database_gc', '604800', 0),
('database_last_gc', '1409135996', 1),
('dbms_version', '5.5.31-1~dotdeb.0', 0),
('default_dateformat', 'd F Y, H:i', 0),
('default_lang', 'fr', 0),
('default_style', '1', 0),
('delete_time', '0', 0),
('display_last_edited', '1', 0),
('display_order', '0', 0),
('edit_time', '0', 0),
('email_check_mx', '1', 0),
('email_enable', '1', 0),
('email_function_name', 'mail', 0),
('email_max_chunk_size', '50', 0),
('email_package_size', '20', 0),
('enable_confirm', '1', 0),
('enable_pm_icons', '1', 0),
('enable_post_confirm', '1', 0),
('feed_enable', '1', 0),
('feed_forum', '1', 0),
('feed_http_auth', '0', 0),
('feed_item_statistics', '1', 0),
('feed_limit_post', '15', 0),
('feed_limit_topic', '10', 0),
('feed_overall', '1', 0),
('feed_overall_forums', '0', 0),
('feed_topic', '1', 0),
('feed_topics_active', '0', 0),
('feed_topics_new', '1', 0),
('flood_interval', '15', 0),
('force_server_vars', '0', 0),
('form_token_lifetime', '7200', 0),
('form_token_mintime', '0', 0),
('form_token_sid_guests', '1', 0),
('forward_pm', '1', 0),
('forwarded_for_check', '0', 0),
('full_folder_action', '2', 0),
('fulltext_mysql_max_word_len', '254', 0),
('fulltext_mysql_min_word_len', '4', 0),
('fulltext_native_common_thres', '5', 0),
('fulltext_native_load_upd', '1', 0),
('fulltext_native_max_chars', '14', 0),
('fulltext_native_min_chars', '3', 0),
('gzip_compress', '0', 0),
('hot_threshold', '25', 0),
('icons_path', 'images/icons', 0),
('img_create_thumbnail', '0', 0),
('img_display_inlined', '1', 0),
('img_imagick', '', 0),
('img_link_height', '0', 0),
('img_link_width', '0', 0),
('img_max_height', '0', 0),
('img_max_thumb_width', '400', 0),
('img_max_width', '0', 0),
('img_min_thumb_filesize', '12000', 0),
('ip_check', '3', 0),
('ip_login_limit_max', '50', 0),
('ip_login_limit_time', '21600', 0),
('ip_login_limit_use_forwarded', '0', 0),
('jab_enable', '0', 0),
('jab_host', '', 0),
('jab_package_size', '20', 0),
('jab_password', '', 0),
('jab_port', '5222', 0),
('jab_use_ssl', '0', 0),
('jab_username', '', 0),
('last_queue_run', '0', 1),
('ldap_base_dn', '', 0),
('ldap_email', '', 0),
('ldap_password', '', 0),
('ldap_port', '', 0),
('ldap_server', '', 0),
('ldap_uid', '', 0),
('ldap_user', '', 0),
('ldap_user_filter', '', 0),
('limit_load', '0', 0),
('limit_search_load', '0', 0),
('load_anon_lastread', '0', 0),
('load_birthdays', '1', 0),
('load_cpf_memberlist', '0', 0),
('load_cpf_viewprofile', '1', 0),
('load_cpf_viewtopic', '0', 0),
('load_db_lastread', '1', 0),
('load_db_track', '1', 0),
('load_jumpbox', '1', 0),
('load_moderators', '1', 0),
('load_online', '1', 0),
('load_online_guests', '1', 0),
('load_online_time', '5', 0),
('load_onlinetrack', '1', 0),
('load_search', '1', 0),
('load_tplcompile', '0', 0),
('load_unreads_search', '1', 0),
('load_user_activity', '1', 0),
('max_attachments', '3', 0),
('max_attachments_pm', '1', 0),
('max_autologin_time', '0', 0),
('max_filesize', '262144', 0),
('max_filesize_pm', '262144', 0),
('max_login_attempts', '3', 0),
('max_name_chars', '20', 0),
('max_num_search_keywords', '10', 0),
('max_pass_chars', '100', 0),
('max_poll_options', '10', 0),
('max_post_chars', '60000', 0),
('max_post_font_size', '200', 0),
('max_post_img_height', '0', 0),
('max_post_img_width', '0', 0),
('max_post_smilies', '0', 0),
('max_post_urls', '0', 0),
('max_quote_depth', '3', 0),
('max_reg_attempts', '5', 0),
('max_sig_chars', '255', 0),
('max_sig_font_size', '200', 0),
('max_sig_img_height', '0', 0),
('max_sig_img_width', '0', 0),
('max_sig_smilies', '0', 0),
('max_sig_urls', '5', 0),
('mime_triggers', 'body|head|html|img|plaintext|a href|pre|script|table|title', 0),
('min_name_chars', '3', 0),
('min_pass_chars', '6', 0),
('min_post_chars', '1', 0),
('min_search_author_chars', '3', 0),
('new_member_group_default', '0', 0),
('new_member_post_limit', '3', 0),
('newest_user_colour', '', 1),
('newest_user_id', '70', 1),
('newest_username', 'jojo33', 1),
('num_files', '0', 1),
('num_posts', '80', 1),
('num_topics', '21', 1),
('num_users', '18', 1),
('override_user_style', '0', 0),
('pass_complex', 'PASS_TYPE_ANY', 0),
('pm_edit_time', '0', 0),
('pm_max_boxes', '4', 0),
('pm_max_msgs', '50', 0),
('pm_max_recipients', '0', 0),
('posts_per_page', '10', 0),
('print_pm', '1', 0),
('questionnaire_unique_id', 'bf6dc14e5258962d', 0),
('queue_interval', '60', 0),
('rand_seed', '749bb4e61b10478d3146758f489a335f', 1),
('rand_seed_last_update', '1409136461', 1),
('ranks_path', 'images/ranks', 0),
('record_online_date', '1375612126', 1),
('record_online_users', '2', 1),
('referer_validation', '1', 0),
('require_activation', '0', 0),
('script_path', '/forum', 0),
('search_anonymous_interval', '0', 0),
('search_block_size', '250', 0),
('search_gc', '7200', 0),
('search_indexing_state', '', 1),
('search_interval', '0', 0),
('search_last_gc', '1409136064', 1),
('search_store_results', '1800', 0),
('search_type', 'fulltext_native', 0),
('secure_allow_deny', '1', 0),
('secure_allow_empty_referer', '1', 0),
('secure_downloads', '0', 0),
('server_name', 'foot-chamadelle.super-h.fr', 0),
('server_port', '80', 0),
('server_protocol', 'http://', 0),
('session_gc', '3600', 0),
('session_last_gc', '1409136163', 1),
('session_length', '3600', 0),
('site_desc', 'Le forum des footballeurs du vendredi soir', 0),
('sitename', 'Foot Chamadelle', 0),
('smilies_path', 'images/smilies', 0),
('smilies_per_page', '50', 0),
('smtp_auth_method', 'PLAIN', 0),
('smtp_delivery', '0', 0),
('smtp_host', '', 0),
('smtp_password', '', 0),
('smtp_port', '25', 0),
('smtp_username', '', 0),
('topics_per_page', '25', 0),
('tpl_allow_php', '0', 0),
('upload_dir_size', '0', 1),
('upload_icons_path', 'images/upload_icons', 0),
('upload_path', 'files', 0),
('version', '3.0.11', 0),
('warnings_expire_days', '90', 0),
('warnings_gc', '14400', 0),
('warnings_last_gc', '1409135986', 1);

-- --------------------------------------------------------

--
-- Structure de la table `phpbb_confirm`
--

CREATE TABLE IF NOT EXISTS `phpbb_confirm` (
  `confirm_id` char(32) COLLATE utf8_bin NOT NULL DEFAULT '',
  `session_id` char(32) COLLATE utf8_bin NOT NULL DEFAULT '',
  `confirm_type` tinyint(3) NOT NULL DEFAULT '0',
  `code` varchar(8) COLLATE utf8_bin NOT NULL DEFAULT '',
  `seed` int(10) unsigned NOT NULL DEFAULT '0',
  `attempts` mediumint(8) unsigned NOT NULL DEFAULT '0',
  PRIMARY KEY (`session_id`,`confirm_id`),
  KEY `confirm_type` (`confirm_type`)
) ENGINE=InnoDB DEFAULT CHARSET=utf8 COLLATE=utf8_bin;

-- --------------------------------------------------------

--
-- Structure de la table `phpbb_disallow`
--

CREATE TABLE IF NOT EXISTS `phpbb_disallow` (
  `disallow_id` mediumint(8) unsigned NOT NULL AUTO_INCREMENT,
  `disallow_username` varchar(255) COLLATE utf8_bin NOT NULL DEFAULT '',
  PRIMARY KEY (`disallow_id`)
) ENGINE=InnoDB DEFAULT CHARSET=utf8 COLLATE=utf8_bin AUTO_INCREMENT=1 ;

-- --------------------------------------------------------

--
-- Structure de la table `phpbb_drafts`
--

CREATE TABLE IF NOT EXISTS `phpbb_drafts` (
  `draft_id` mediumint(8) unsigned NOT NULL AUTO_INCREMENT,
  `user_id` mediumint(8) unsigned NOT NULL DEFAULT '0',
  `topic_id` mediumint(8) unsigned NOT NULL DEFAULT '0',
  `forum_id` mediumint(8) unsigned NOT NULL DEFAULT '0',
  `save_time` int(11) unsigned NOT NULL DEFAULT '0',
  `draft_subject` varchar(255) COLLATE utf8_bin NOT NULL DEFAULT '',
  `draft_message` mediumtext COLLATE utf8_bin NOT NULL,
  PRIMARY KEY (`draft_id`),
  KEY `save_time` (`save_time`)
) ENGINE=InnoDB  DEFAULT CHARSET=utf8 COLLATE=utf8_bin AUTO_INCREMENT=2 ;

--
-- Contenu de la table `phpbb_drafts`
--

INSERT INTO `phpbb_drafts` (`draft_id`, `user_id`, `topic_id`, `forum_id`, `save_time`, `draft_subject`, `draft_message`) VALUES
(1, 54, 2, 9, 1378650087, 'Re: Repas début de saison', 'Voilà les têtes de vainqueurs :\n\n[img]http://imageshack.us/a/img716/985/7ilu.jpg[/img]\n[img]http://imageshack.us/a/img59/8272/nmdk.jpg[/img]\n[img]http://imageshack.us/a/img27/1706/2ux5.jpg[/img]\n[img]http://imageshack.us/a/img23/2252/5ak7.jpg[/img]');

-- --------------------------------------------------------

--
-- Structure de la table `phpbb_extensions`
--

CREATE TABLE IF NOT EXISTS `phpbb_extensions` (
  `extension_id` mediumint(8) unsigned NOT NULL AUTO_INCREMENT,
  `group_id` mediumint(8) unsigned NOT NULL DEFAULT '0',
  `extension` varchar(100) COLLATE utf8_bin NOT NULL DEFAULT '',
  PRIMARY KEY (`extension_id`)
) ENGINE=InnoDB  DEFAULT CHARSET=utf8 COLLATE=utf8_bin AUTO_INCREMENT=67 ;

--
-- Contenu de la table `phpbb_extensions`
--

INSERT INTO `phpbb_extensions` (`extension_id`, `group_id`, `extension`) VALUES
(1, 1, 'gif'),
(2, 1, 'png'),
(3, 1, 'jpeg'),
(4, 1, 'jpg'),
(5, 1, 'tif'),
(6, 1, 'tiff'),
(7, 1, 'tga'),
(8, 2, 'gtar'),
(9, 2, 'gz'),
(10, 2, 'tar'),
(11, 2, 'zip'),
(12, 2, 'rar'),
(13, 2, 'ace'),
(14, 2, 'torrent'),
(15, 2, 'tgz'),
(16, 2, 'bz2'),
(17, 2, '7z'),
(18, 3, 'txt'),
(19, 3, 'c'),
(20, 3, 'h'),
(21, 3, 'cpp'),
(22, 3, 'hpp'),
(23, 3, 'diz'),
(24, 3, 'csv'),
(25, 3, 'ini'),
(26, 3, 'log'),
(27, 3, 'js'),
(28, 3, 'xml'),
(29, 4, 'xls'),
(30, 4, 'xlsx'),
(31, 4, 'xlsm'),
(32, 4, 'xlsb'),
(33, 4, 'doc'),
(34, 4, 'docx'),
(35, 4, 'docm'),
(36, 4, 'dot'),
(37, 4, 'dotx'),
(38, 4, 'dotm'),
(39, 4, 'pdf'),
(40, 4, 'ai'),
(41, 4, 'ps'),
(42, 4, 'ppt'),
(43, 4, 'pptx'),
(44, 4, 'pptm'),
(45, 4, 'odg'),
(46, 4, 'odp'),
(47, 4, 'ods'),
(48, 4, 'odt'),
(49, 4, 'rtf'),
(50, 5, 'rm'),
(51, 5, 'ram'),
(52, 6, 'wma'),
(53, 6, 'wmv'),
(54, 7, 'swf'),
(55, 8, 'mov'),
(56, 8, 'm4v'),
(57, 8, 'm4a'),
(58, 8, 'mp4'),
(59, 8, '3gp'),
(60, 8, '3g2'),
(61, 8, 'qt'),
(62, 9, 'mpeg'),
(63, 9, 'mpg'),
(64, 9, 'mp3'),
(65, 9, 'ogg'),
(66, 9, 'ogm');

-- --------------------------------------------------------

--
-- Structure de la table `phpbb_extension_groups`
--

CREATE TABLE IF NOT EXISTS `phpbb_extension_groups` (
  `group_id` mediumint(8) unsigned NOT NULL AUTO_INCREMENT,
  `group_name` varchar(255) COLLATE utf8_bin NOT NULL DEFAULT '',
  `cat_id` tinyint(2) NOT NULL DEFAULT '0',
  `allow_group` tinyint(1) unsigned NOT NULL DEFAULT '0',
  `download_mode` tinyint(1) unsigned NOT NULL DEFAULT '1',
  `upload_icon` varchar(255) COLLATE utf8_bin NOT NULL DEFAULT '',
  `max_filesize` int(20) unsigned NOT NULL DEFAULT '0',
  `allowed_forums` text COLLATE utf8_bin NOT NULL,
  `allow_in_pm` tinyint(1) unsigned NOT NULL DEFAULT '0',
  PRIMARY KEY (`group_id`)
) ENGINE=InnoDB  DEFAULT CHARSET=utf8 COLLATE=utf8_bin AUTO_INCREMENT=10 ;

--
-- Contenu de la table `phpbb_extension_groups`
--

INSERT INTO `phpbb_extension_groups` (`group_id`, `group_name`, `cat_id`, `allow_group`, `download_mode`, `upload_icon`, `max_filesize`, `allowed_forums`, `allow_in_pm`) VALUES
(1, 'IMAGES', 1, 1, 1, '', 0, '', 0),
(2, 'ARCHIVES', 0, 1, 1, '', 0, '', 0),
(3, 'PLAIN_TEXT', 0, 0, 1, '', 0, '', 0),
(4, 'DOCUMENTS', 0, 0, 1, '', 0, '', 0),
(5, 'REAL_MEDIA', 3, 0, 1, '', 0, '', 0),
(6, 'WINDOWS_MEDIA', 2, 0, 1, '', 0, '', 0),
(7, 'FLASH_FILES', 5, 0, 1, '', 0, '', 0),
(8, 'QUICKTIME_MEDIA', 6, 0, 1, '', 0, '', 0),
(9, 'DOWNLOADABLE_FILES', 0, 0, 1, '', 0, '', 0);

-- --------------------------------------------------------

--
-- Structure de la table `phpbb_forums`
--

CREATE TABLE IF NOT EXISTS `phpbb_forums` (
  `forum_id` mediumint(8) unsigned NOT NULL AUTO_INCREMENT,
  `parent_id` mediumint(8) unsigned NOT NULL DEFAULT '0',
  `left_id` mediumint(8) unsigned NOT NULL DEFAULT '0',
  `right_id` mediumint(8) unsigned NOT NULL DEFAULT '0',
  `forum_parents` mediumtext COLLATE utf8_bin NOT NULL,
  `forum_name` varchar(255) COLLATE utf8_bin NOT NULL DEFAULT '',
  `forum_desc` text COLLATE utf8_bin NOT NULL,
  `forum_desc_bitfield` varchar(255) COLLATE utf8_bin NOT NULL DEFAULT '',
  `forum_desc_options` int(11) unsigned NOT NULL DEFAULT '7',
  `forum_desc_uid` varchar(8) COLLATE utf8_bin NOT NULL DEFAULT '',
  `forum_link` varchar(255) COLLATE utf8_bin NOT NULL DEFAULT '',
  `forum_password` varchar(40) COLLATE utf8_bin NOT NULL DEFAULT '',
  `forum_style` mediumint(8) unsigned NOT NULL DEFAULT '0',
  `forum_image` varchar(255) COLLATE utf8_bin NOT NULL DEFAULT '',
  `forum_rules` text COLLATE utf8_bin NOT NULL,
  `forum_rules_link` varchar(255) COLLATE utf8_bin NOT NULL DEFAULT '',
  `forum_rules_bitfield` varchar(255) COLLATE utf8_bin NOT NULL DEFAULT '',
  `forum_rules_options` int(11) unsigned NOT NULL DEFAULT '7',
  `forum_rules_uid` varchar(8) COLLATE utf8_bin NOT NULL DEFAULT '',
  `forum_topics_per_page` tinyint(4) NOT NULL DEFAULT '0',
  `forum_type` tinyint(4) NOT NULL DEFAULT '0',
  `forum_status` tinyint(4) NOT NULL DEFAULT '0',
  `forum_posts` mediumint(8) unsigned NOT NULL DEFAULT '0',
  `forum_topics` mediumint(8) unsigned NOT NULL DEFAULT '0',
  `forum_topics_real` mediumint(8) unsigned NOT NULL DEFAULT '0',
  `forum_last_post_id` mediumint(8) unsigned NOT NULL DEFAULT '0',
  `forum_last_poster_id` mediumint(8) unsigned NOT NULL DEFAULT '0',
  `forum_last_post_subject` varchar(255) COLLATE utf8_bin NOT NULL DEFAULT '',
  `forum_last_post_time` int(11) unsigned NOT NULL DEFAULT '0',
  `forum_last_poster_name` varchar(255) COLLATE utf8_bin NOT NULL DEFAULT '',
  `forum_last_poster_colour` varchar(6) COLLATE utf8_bin NOT NULL DEFAULT '',
  `forum_flags` tinyint(4) NOT NULL DEFAULT '32',
  `forum_options` int(20) unsigned NOT NULL DEFAULT '0',
  `display_subforum_list` tinyint(1) unsigned NOT NULL DEFAULT '1',
  `display_on_index` tinyint(1) unsigned NOT NULL DEFAULT '1',
  `enable_indexing` tinyint(1) unsigned NOT NULL DEFAULT '1',
  `enable_icons` tinyint(1) unsigned NOT NULL DEFAULT '1',
  `enable_prune` tinyint(1) unsigned NOT NULL DEFAULT '0',
  `prune_next` int(11) unsigned NOT NULL DEFAULT '0',
  `prune_days` mediumint(8) unsigned NOT NULL DEFAULT '0',
  `prune_viewed` mediumint(8) unsigned NOT NULL DEFAULT '0',
  `prune_freq` mediumint(8) unsigned NOT NULL DEFAULT '0',
  PRIMARY KEY (`forum_id`),
  KEY `left_right_id` (`left_id`,`right_id`),
  KEY `forum_lastpost_id` (`forum_last_post_id`)
) ENGINE=InnoDB  DEFAULT CHARSET=utf8 COLLATE=utf8_bin AUTO_INCREMENT=10 ;

--
-- Contenu de la table `phpbb_forums`
--

INSERT INTO `phpbb_forums` (`forum_id`, `parent_id`, `left_id`, `right_id`, `forum_parents`, `forum_name`, `forum_desc`, `forum_desc_bitfield`, `forum_desc_options`, `forum_desc_uid`, `forum_link`, `forum_password`, `forum_style`, `forum_image`, `forum_rules`, `forum_rules_link`, `forum_rules_bitfield`, `forum_rules_options`, `forum_rules_uid`, `forum_topics_per_page`, `forum_type`, `forum_status`, `forum_posts`, `forum_topics`, `forum_topics_real`, `forum_last_post_id`, `forum_last_poster_id`, `forum_last_post_subject`, `forum_last_post_time`, `forum_last_poster_name`, `forum_last_poster_colour`, `forum_flags`, `forum_options`, `display_subforum_list`, `display_on_index`, `enable_indexing`, `enable_icons`, `enable_prune`, `prune_next`, `prune_days`, `prune_viewed`, `prune_freq`) VALUES
(3, 9, 6, 7, 'a:1:{i:9;a:2:{i:0;s:16:"Forum Chamadelle";i:1;i:1;}}', 'L''avant match', 'Sujet concernant les informations d''avant match', '', 7, '', '', '', 0, '', '', '', '', 7, '', 0, 1, 0, 11, 4, 4, 32, 59, 'MATCH DU  VENDREDI 27 SEPT  A CARBON BLANC', 1379856405, 'francis', '003300', 48, 0, 1, 0, 1, 0, 0, 0, 7, 7, 1),
(4, 9, 8, 9, 'a:1:{i:9;a:2:{i:0;s:16:"Forum Chamadelle";i:1;i:1;}}', 'L''après match', 'Discussions d''un match joué', '', 7, '', '', '', 0, '', '', '', '', 7, '', 0, 1, 0, 1, 1, 1, 46, 54, 'Meilleur Buteur', 1380828939, 'Papounet', '003300', 48, 0, 1, 0, 1, 0, 0, 0, 7, 7, 1),
(5, 9, 10, 11, 'a:1:{i:9;a:2:{i:0;s:16:"Forum Chamadelle";i:1;i:1;}}', 'La buvette', 'Discussions en dehors des matchs', '', 7, '', '', '', 0, '', '', '', '', 7, '', 0, 1, 0, 6, 3, 3, 64, 55, 'Re: Saint Valentin', 1392273307, 'Gégé', '003300', 48, 0, 1, 0, 1, 0, 0, 0, 7, 7, 1),
(6, 9, 12, 13, 'a:1:{i:9;a:2:{i:0;s:16:"Forum Chamadelle";i:1;i:1;}}', 'Evénements', 'Organiser des événements (sorties,tournois ...)', '', 7, '', '', '', 0, '', '', '', '', 7, '', 0, 1, 0, 58, 12, 12, 81, 54, 'Re: REPAS Participants pour le 15 juin 2014', 1401005275, 'Papounet', '003300', 48, 0, 1, 0, 1, 0, 0, 0, 7, 7, 1),
(7, 9, 4, 5, 'a:1:{i:9;a:2:{i:0;s:16:"Forum Chamadelle";i:1;i:1;}}', 'Covoiturage', 'On ne cause ici que du covoiturage.', '', 7, '', '', '', 0, '', '', '', '', 7, '', 0, 1, 0, 4, 1, 1, 40, 63, 'Re: Déplacement Carbon Blanc', 1380121583, 'nicobel', '003300', 48, 0, 1, 0, 1, 0, 0, 0, 7, 7, 1),
(8, 0, 1, 2, '', 'Forum Génissac', '', '', 7, '', '', '', 0, '', '', '', '', 7, '', 0, 1, 0, 0, 0, 0, 0, 0, '', 0, '', '', 48, 0, 1, 0, 1, 0, 0, 0, 7, 7, 1),
(9, 0, 3, 14, '', 'Forum Chamadelle', '', '', 7, '', '', '', 0, '', '', '', '', 7, '', 0, 1, 0, 47, 15, 15, 48, 55, 'Bonne fin d''année à tous !!', 1387730817, 'Gégé', '003300', 48, 0, 1, 0, 1, 0, 0, 0, 7, 7, 1);

-- --------------------------------------------------------

--
-- Structure de la table `phpbb_forums_access`
--

CREATE TABLE IF NOT EXISTS `phpbb_forums_access` (
  `forum_id` mediumint(8) unsigned NOT NULL DEFAULT '0',
  `user_id` mediumint(8) unsigned NOT NULL DEFAULT '0',
  `session_id` char(32) COLLATE utf8_bin NOT NULL DEFAULT '',
  PRIMARY KEY (`forum_id`,`user_id`,`session_id`)
) ENGINE=InnoDB DEFAULT CHARSET=utf8 COLLATE=utf8_bin;

-- --------------------------------------------------------

--
-- Structure de la table `phpbb_forums_track`
--

CREATE TABLE IF NOT EXISTS `phpbb_forums_track` (
  `user_id` mediumint(8) unsigned NOT NULL DEFAULT '0',
  `forum_id` mediumint(8) unsigned NOT NULL DEFAULT '0',
  `mark_time` int(11) unsigned NOT NULL DEFAULT '0',
  PRIMARY KEY (`user_id`,`forum_id`)
) ENGINE=InnoDB DEFAULT CHARSET=utf8 COLLATE=utf8_bin;

--
-- Contenu de la table `phpbb_forums_track`
--

INSERT INTO `phpbb_forums_track` (`user_id`, `forum_id`, `mark_time`) VALUES
(54, 6, 1401005275),
(55, 5, 1392273307),
(55, 6, 1401032738),
(56, 6, 1389644415),
(58, 6, 1389598489),
(61, 4, 1400790789),
(63, 6, 1389636572),
(65, 6, 1389816518);

-- --------------------------------------------------------

--
-- Structure de la table `phpbb_forums_watch`
--

CREATE TABLE IF NOT EXISTS `phpbb_forums_watch` (
  `forum_id` mediumint(8) unsigned NOT NULL DEFAULT '0',
  `user_id` mediumint(8) unsigned NOT NULL DEFAULT '0',
  `notify_status` tinyint(1) unsigned NOT NULL DEFAULT '0',
  KEY `forum_id` (`forum_id`),
  KEY `user_id` (`user_id`),
  KEY `notify_stat` (`notify_status`)
) ENGINE=InnoDB DEFAULT CHARSET=utf8 COLLATE=utf8_bin;

-- --------------------------------------------------------

--
-- Structure de la table `phpbb_groups`
--

CREATE TABLE IF NOT EXISTS `phpbb_groups` (
  `group_id` mediumint(8) unsigned NOT NULL AUTO_INCREMENT,
  `group_type` tinyint(4) NOT NULL DEFAULT '1',
  `group_founder_manage` tinyint(1) unsigned NOT NULL DEFAULT '0',
  `group_skip_auth` tinyint(1) unsigned NOT NULL DEFAULT '0',
  `group_name` varchar(255) COLLATE utf8_bin NOT NULL DEFAULT '',
  `group_desc` text COLLATE utf8_bin NOT NULL,
  `group_desc_bitfield` varchar(255) COLLATE utf8_bin NOT NULL DEFAULT '',
  `group_desc_options` int(11) unsigned NOT NULL DEFAULT '7',
  `group_desc_uid` varchar(8) COLLATE utf8_bin NOT NULL DEFAULT '',
  `group_display` tinyint(1) unsigned NOT NULL DEFAULT '0',
  `group_avatar` varchar(255) COLLATE utf8_bin NOT NULL DEFAULT '',
  `group_avatar_type` tinyint(2) NOT NULL DEFAULT '0',
  `group_avatar_width` smallint(4) unsigned NOT NULL DEFAULT '0',
  `group_avatar_height` smallint(4) unsigned NOT NULL DEFAULT '0',
  `group_rank` mediumint(8) unsigned NOT NULL DEFAULT '0',
  `group_colour` varchar(6) COLLATE utf8_bin NOT NULL DEFAULT '',
  `group_sig_chars` mediumint(8) unsigned NOT NULL DEFAULT '0',
  `group_receive_pm` tinyint(1) unsigned NOT NULL DEFAULT '0',
  `group_message_limit` mediumint(8) unsigned NOT NULL DEFAULT '0',
  `group_max_recipients` mediumint(8) unsigned NOT NULL DEFAULT '0',
  `group_legend` tinyint(1) unsigned NOT NULL DEFAULT '1',
  PRIMARY KEY (`group_id`),
  KEY `group_legend_name` (`group_legend`,`group_name`)
) ENGINE=InnoDB  DEFAULT CHARSET=utf8 COLLATE=utf8_bin AUTO_INCREMENT=10 ;

--
-- Contenu de la table `phpbb_groups`
--

INSERT INTO `phpbb_groups` (`group_id`, `group_type`, `group_founder_manage`, `group_skip_auth`, `group_name`, `group_desc`, `group_desc_bitfield`, `group_desc_options`, `group_desc_uid`, `group_display`, `group_avatar`, `group_avatar_type`, `group_avatar_width`, `group_avatar_height`, `group_rank`, `group_colour`, `group_sig_chars`, `group_receive_pm`, `group_message_limit`, `group_max_recipients`, `group_legend`) VALUES
(1, 3, 0, 0, 'GUESTS', '', '', 7, '', 0, '', 0, 0, 0, 0, '', 0, 0, 0, 5, 0),
(2, 3, 0, 0, 'REGISTERED', '', '', 7, '', 0, '', 0, 0, 0, 0, '', 0, 0, 0, 5, 0),
(3, 3, 0, 0, 'REGISTERED_COPPA', '', '', 7, '', 0, '', 0, 0, 0, 0, '', 0, 0, 0, 5, 0),
(4, 3, 0, 0, 'GLOBAL_MODERATORS', '', '', 7, '', 0, '', 0, 0, 0, 0, '00AA00', 0, 0, 0, 0, 1),
(5, 3, 1, 0, 'ADMINISTRATORS', '', '', 7, '', 0, '', 0, 0, 0, 0, 'AA0000', 0, 0, 0, 0, 1),
(6, 3, 0, 0, 'BOTS', '', '', 7, '', 0, '', 0, 0, 0, 0, '9E8DA7', 0, 0, 0, 5, 0),
(7, 3, 0, 0, 'NEWLY_REGISTERED', '', '', 7, '', 0, '', 0, 0, 0, 0, '', 0, 0, 0, 5, 0),
(8, 1, 0, 0, 'Chamadelle', 'Joueurs de Chamadelle', '', 7, '', 0, '', 0, 0, 0, 0, '003300', 0, 0, 0, 0, 1),
(9, 0, 0, 0, 'Génissac', 'Joueurs de Génissac', '', 7, '', 0, '', 0, 0, 0, 0, '', 0, 0, 0, 0, 1);

-- --------------------------------------------------------

--
-- Structure de la table `phpbb_icons`
--

CREATE TABLE IF NOT EXISTS `phpbb_icons` (
  `icons_id` mediumint(8) unsigned NOT NULL AUTO_INCREMENT,
  `icons_url` varchar(255) COLLATE utf8_bin NOT NULL DEFAULT '',
  `icons_width` tinyint(4) NOT NULL DEFAULT '0',
  `icons_height` tinyint(4) NOT NULL DEFAULT '0',
  `icons_order` mediumint(8) unsigned NOT NULL DEFAULT '0',
  `display_on_posting` tinyint(1) unsigned NOT NULL DEFAULT '1',
  PRIMARY KEY (`icons_id`),
  KEY `display_on_posting` (`display_on_posting`)
) ENGINE=InnoDB  DEFAULT CHARSET=utf8 COLLATE=utf8_bin AUTO_INCREMENT=11 ;

--
-- Contenu de la table `phpbb_icons`
--

INSERT INTO `phpbb_icons` (`icons_id`, `icons_url`, `icons_width`, `icons_height`, `icons_order`, `display_on_posting`) VALUES
(1, 'misc/fire.gif', 16, 16, 1, 1),
(2, 'smile/redface.gif', 16, 16, 9, 1),
(3, 'smile/mrgreen.gif', 16, 16, 10, 1),
(4, 'misc/heart.gif', 16, 16, 4, 1),
(5, 'misc/star.gif', 16, 16, 2, 1),
(6, 'misc/radioactive.gif', 16, 16, 3, 1),
(7, 'misc/thinking.gif', 16, 16, 5, 1),
(8, 'smile/info.gif', 16, 16, 8, 1),
(9, 'smile/question.gif', 16, 16, 6, 1),
(10, 'smile/alert.gif', 16, 16, 7, 1);

-- --------------------------------------------------------

--
-- Structure de la table `phpbb_lang`
--

CREATE TABLE IF NOT EXISTS `phpbb_lang` (
  `lang_id` tinyint(4) NOT NULL AUTO_INCREMENT,
  `lang_iso` varchar(30) COLLATE utf8_bin NOT NULL DEFAULT '',
  `lang_dir` varchar(30) COLLATE utf8_bin NOT NULL DEFAULT '',
  `lang_english_name` varchar(100) COLLATE utf8_bin NOT NULL DEFAULT '',
  `lang_local_name` varchar(255) COLLATE utf8_bin NOT NULL DEFAULT '',
  `lang_author` varchar(255) COLLATE utf8_bin NOT NULL DEFAULT '',
  PRIMARY KEY (`lang_id`),
  KEY `lang_iso` (`lang_iso`)
) ENGINE=InnoDB  DEFAULT CHARSET=utf8 COLLATE=utf8_bin AUTO_INCREMENT=3 ;

--
-- Contenu de la table `phpbb_lang`
--

INSERT INTO `phpbb_lang` (`lang_id`, `lang_iso`, `lang_dir`, `lang_english_name`, `lang_local_name`, `lang_author`) VALUES
(1, 'fr', 'fr', 'French', 'Français', 'phpBB.fr'),
(2, 'en', 'en', 'British English', 'British English', 'phpBB Group');

-- --------------------------------------------------------

--
-- Structure de la table `phpbb_log`
--

CREATE TABLE IF NOT EXISTS `phpbb_log` (
  `log_id` mediumint(8) unsigned NOT NULL AUTO_INCREMENT,
  `log_type` tinyint(4) NOT NULL DEFAULT '0',
  `user_id` mediumint(8) unsigned NOT NULL DEFAULT '0',
  `forum_id` mediumint(8) unsigned NOT NULL DEFAULT '0',
  `topic_id` mediumint(8) unsigned NOT NULL DEFAULT '0',
  `reportee_id` mediumint(8) unsigned NOT NULL DEFAULT '0',
  `log_ip` varchar(40) COLLATE utf8_bin NOT NULL DEFAULT '',
  `log_time` int(11) unsigned NOT NULL DEFAULT '0',
  `log_operation` text COLLATE utf8_bin NOT NULL,
  `log_data` mediumtext COLLATE utf8_bin NOT NULL,
  PRIMARY KEY (`log_id`),
  KEY `log_type` (`log_type`),
  KEY `forum_id` (`forum_id`),
  KEY `topic_id` (`topic_id`),
  KEY `reportee_id` (`reportee_id`),
  KEY `user_id` (`user_id`)
) ENGINE=InnoDB  DEFAULT CHARSET=utf8 COLLATE=utf8_bin AUTO_INCREMENT=132 ;

--
-- Contenu de la table `phpbb_log`
--

INSERT INTO `phpbb_log` (`log_id`, `log_type`, `user_id`, `forum_id`, `topic_id`, `reportee_id`, `log_ip`, `log_time`, `log_operation`, `log_data`) VALUES
(1, 0, 2, 0, 0, 0, '89.224.7.112', 1375611367, 'LOG_INSTALL_INSTALLED', 'a:1:{i:0;s:6:"3.0.11";}'),
(2, 0, 2, 0, 0, 0, '89.224.7.112', 1375611440, 'LOG_FORUM_DEL_FORUMS', 'a:1:{i:0;s:26:"Votre première catégorie";}'),
(3, 0, 2, 0, 0, 0, '89.224.7.112', 1375611661, 'LOG_FORUM_ADD', 'a:1:{i:0;s:13:"L''avant match";}'),
(4, 0, 2, 0, 0, 0, '89.224.7.112', 1375611781, 'LOG_FORUM_ADD', 'a:1:{i:0;s:14:"L''après match";}'),
(5, 0, 2, 0, 0, 0, '89.224.7.112', 1375611818, 'LOG_FORUM_ADD', 'a:1:{i:0;s:10:"La buvette";}'),
(6, 0, 2, 0, 0, 0, '89.224.7.112', 1375611887, 'LOG_FORUM_ADD', 'a:1:{i:0;s:11:"Evénements";}'),
(7, 0, 2, 0, 0, 0, '89.224.7.112', 1375612781, 'LOG_ACL_ADD_FORUM_LOCAL_F_', 'a:2:{i:0;s:54:"L''avant match, L''après match, La buvette, Evénements";i:1;s:40:"<span class="sep">Administrateurs</span>";}'),
(8, 0, 2, 0, 0, 0, '89.224.7.112', 1375612846, 'LOG_ACL_ADD_FORUM_LOCAL_F_', 'a:2:{i:0;s:54:"L''avant match, L''après match, La buvette, Evénements";i:1;s:220:"<span class="sep">Invités</span>, <span class="sep">Utilisateurs inscrits</span>, <span class="sep">Modérateurs globaux</span>, <span class="sep">Robots</span>, <span class="sep">Utilisateurs récemment inscrits</span>";}'),
(9, 0, 2, 0, 0, 0, '89.224.7.112', 1375613093, 'LOG_ADMIN_AUTH_SUCCESS', ''),
(10, 0, 2, 0, 0, 0, '89.224.7.112', 1375613121, 'LOG_ACL_DEL_FORUM_LOCAL_F_', 'a:2:{i:0;s:54:"L''avant match, L''après match, La buvette, Evénements";i:1;s:33:"<span class="sep">Invités</span>";}'),
(11, 0, 2, 0, 0, 0, '89.224.7.112', 1375613235, 'LOG_ADMIN_AUTH_SUCCESS', ''),
(12, 0, 2, 0, 0, 0, '89.224.7.112', 1375613316, 'LOG_CONFIG_SETTINGS', ''),
(13, 0, 2, 0, 0, 0, '89.224.7.112', 1375613321, 'LOG_CONFIG_SETTINGS', ''),
(14, 3, 1, 0, 0, 55, '109.15.50.148', 1378536406, 'LOG_USER_NEW_PASSWORD', 'a:1:{i:0;s:6:"Gégé";}'),
(15, 3, 55, 0, 0, 55, '109.15.50.148', 1378536522, 'LOG_USER_NEW_PASSWORD', 'a:1:{i:0;s:6:"Gégé";}'),
(16, 0, 2, 0, 0, 0, '212.194.177.22', 1379967904, 'LOG_ADMIN_AUTH_SUCCESS', ''),
(17, 0, 2, 0, 0, 0, '212.194.177.22', 1379968056, 'LOG_FORUM_ADD', 'a:1:{i:0;s:11:"Covoiturage";}'),
(18, 0, 2, 0, 0, 0, '212.194.177.22', 1379968224, 'LOG_FORUM_EDIT', 'a:1:{i:0;s:11:"Covoiturage";}'),
(19, 0, 2, 0, 0, 0, '212.194.177.22', 1379968409, 'LOG_FORUM_MOVE_UP', 'a:2:{i:0;s:11:"Covoiturage";i:1;s:11:"Evénements";}'),
(20, 0, 2, 0, 0, 0, '212.194.177.22', 1379968410, 'LOG_FORUM_MOVE_UP', 'a:2:{i:0;s:11:"Evénements";i:1;s:11:"Covoiturage";}'),
(21, 0, 2, 0, 0, 0, '212.194.177.22', 1379968410, 'LOG_FORUM_MOVE_UP', 'a:2:{i:0;s:11:"Covoiturage";i:1;s:11:"Evénements";}'),
(22, 0, 2, 0, 0, 0, '212.194.177.22', 1379968411, 'LOG_FORUM_MOVE_UP', 'a:2:{i:0;s:11:"Evénements";i:1;s:11:"Covoiturage";}'),
(23, 0, 2, 0, 0, 0, '212.194.177.22', 1379968412, 'LOG_FORUM_MOVE_UP', 'a:2:{i:0;s:11:"Covoiturage";i:1;s:11:"Evénements";}'),
(24, 0, 2, 0, 0, 0, '212.194.177.22', 1379968415, 'LOG_FORUM_MOVE_UP', 'a:2:{i:0;s:11:"Covoiturage";i:1;s:10:"La buvette";}'),
(25, 0, 2, 0, 0, 0, '212.194.177.22', 1379968417, 'LOG_FORUM_MOVE_UP', 'a:2:{i:0;s:11:"Covoiturage";i:1;s:14:"L''après match";}'),
(26, 0, 2, 0, 0, 0, '212.194.177.22', 1379968418, 'LOG_FORUM_MOVE_UP', 'a:2:{i:0;s:11:"Covoiturage";i:1;s:13:"L''avant match";}'),
(27, 0, 2, 0, 0, 0, '212.194.177.22', 1379968427, 'LOG_FORUM_SYNC', 'a:1:{i:0;s:11:"Covoiturage";}'),
(28, 0, 2, 0, 0, 0, '212.194.177.22', 1379968517, 'LOG_FORUM_EDIT', 'a:1:{i:0;s:11:"Covoiturage";}'),
(29, 0, 2, 0, 0, 0, '212.194.177.22', 1379968566, 'LOG_FORUM_EDIT', 'a:1:{i:0;s:13:"L''avant match";}'),
(30, 0, 2, 0, 0, 0, '212.194.177.22', 1379968584, 'LOG_FORUM_EDIT', 'a:1:{i:0;s:11:"Covoiturage";}'),
(31, 0, 2, 0, 0, 0, '212.194.177.22', 1379968589, 'LOG_FORUM_SYNC', 'a:1:{i:0;s:11:"Covoiturage";}'),
(32, 0, 2, 0, 0, 0, '212.194.177.22', 1379968721, 'LOG_ADMIN_AUTH_SUCCESS', ''),
(33, 0, 2, 0, 0, 0, '212.194.177.22', 1379968924, 'LOG_ACL_ADD_FORUM_LOCAL_F_', 'a:2:{i:0;s:67:"L''avant match, L''après match, La buvette, Evénements, Covoiturage";i:1;s:46:"<span class="sep">Utilisateurs inscrits</span>";}'),
(34, 1, 2, 9, 9, 0, '212.194.177.22', 1379969002, 'LOG_MOVE', 'a:2:{i:0;s:13:"L''avant match";i:1;s:11:"Covoiturage";}'),
(35, 1, 2, 9, 9, 0, '212.194.177.22', 1379969028, 'LOG_DELETE_TOPIC', 'a:2:{i:0;s:11:"covoiturage";i:1;s:6:"lenine";}'),
(36, 1, 2, 9, 8, 0, '212.194.177.22', 1379969194, 'LOG_MOVE', 'a:2:{i:0;s:11:"Evénements";i:1;s:13:"L''avant match";}'),
(37, 0, 2, 0, 0, 0, '89.224.7.112', 1380002260, 'LOG_ADMIN_AUTH_SUCCESS', ''),
(38, 0, 2, 0, 0, 0, '89.224.7.112', 1380002388, 'LOG_TEMPLATE_CACHE_CLEARED', 'a:2:{i:0;s:9:"prosilver";i:1;s:17:"Tous les fichiers";}'),
(39, 0, 2, 0, 0, 0, '89.224.7.112', 1380396803, 'LOG_ADMIN_AUTH_SUCCESS', ''),
(40, 0, 2, 0, 0, 0, '89.224.7.112', 1380398498, 'LOG_TEMPLATE_CACHE_CLEARED', 'a:2:{i:0;s:9:"prosilver";i:1;s:17:"Tous les fichiers";}'),
(41, 0, 2, 0, 0, 0, '89.224.7.112', 1380400466, 'LOG_IMAGESET_REFRESHED', 'a:1:{i:0;s:9:"prosilver";}'),
(42, 0, 2, 0, 0, 0, '89.224.7.112', 1380400611, 'LOG_IMAGESET_REFRESHED', 'a:1:{i:0;s:9:"prosilver";}'),
(43, 0, 2, 0, 0, 0, '89.224.7.112', 1380518717, 'LOG_ADMIN_AUTH_SUCCESS', ''),
(44, 0, 2, 0, 0, 0, '89.224.7.112', 1380518752, 'LOG_IMAGESET_REFRESHED', 'a:1:{i:0;s:9:"prosilver";}'),
(45, 0, 2, 0, 0, 0, '89.224.7.112', 1380519418, 'LOG_IMAGESET_REFRESHED', 'a:1:{i:0;s:9:"prosilver";}'),
(46, 0, 2, 0, 0, 0, '89.224.7.112', 1380570376, 'LOG_ADMIN_AUTH_SUCCESS', ''),
(47, 0, 2, 0, 0, 0, '89.224.7.112', 1380570442, 'LOG_ACL_TRANSFER_PERMISSIONS', 'a:1:{i:0;s:8:"Papounet";}'),
(48, 0, 2, 0, 0, 0, '89.224.7.112', 1380570476, 'LOG_ACL_RESTORE_PERMISSIONS', 'a:1:{i:0;s:8:"Papounet";}'),
(49, 0, 2, 0, 0, 0, '89.224.7.112', 1380570646, 'LOG_ACL_ADD_USER_GLOBAL_U_', 'a:1:{i:0;s:8:"Papounet";}'),
(50, 0, 2, 0, 0, 0, '89.224.7.112', 1380570679, 'LOG_ACL_TRANSFER_PERMISSIONS', 'a:1:{i:0;s:8:"Papounet";}'),
(51, 0, 2, 0, 0, 0, '89.224.7.112', 1380570686, 'LOG_ACL_RESTORE_PERMISSIONS', 'a:1:{i:0;s:8:"Papounet";}'),
(52, 0, 2, 0, 0, 0, '89.224.7.112', 1380571005, 'LOG_ACL_ADD_ADMIN_GLOBAL_A_', 'a:1:{i:0;s:8:"Papounet";}'),
(53, 0, 2, 0, 0, 0, '89.224.7.112', 1380571028, 'LOG_ACL_TRANSFER_PERMISSIONS', 'a:1:{i:0;s:8:"Papounet";}'),
(54, 0, 2, 0, 0, 0, '89.224.7.112', 1380571043, 'LOG_ACL_RESTORE_PERMISSIONS', 'a:1:{i:0;s:8:"Papounet";}'),
(55, 0, 2, 0, 0, 0, '89.224.7.112', 1380571067, 'LOG_ACL_ADD_ADMIN_GLOBAL_A_', 'a:1:{i:0;s:8:"Papounet";}'),
(56, 0, 2, 0, 0, 0, '89.224.7.112', 1380571090, 'LOG_ACL_TRANSFER_PERMISSIONS', 'a:1:{i:0;s:8:"Papounet";}'),
(57, 0, 2, 0, 0, 0, '89.224.7.112', 1380571105, 'LOG_ACL_RESTORE_PERMISSIONS', 'a:1:{i:0;s:8:"Papounet";}'),
(58, 3, 2, 0, 0, 2, '89.224.7.112', 1380571172, 'LOG_USER_NEW_PASSWORD', 'a:1:{i:0;s:9:"webmaster";}'),
(59, 0, 2, 0, 0, 0, '89.224.7.112', 1380571172, 'LOG_USER_USER_UPDATE', 'a:1:{i:0;s:9:"webmaster";}'),
(60, 0, 2, 0, 0, 0, '89.224.7.112', 1380571200, 'LOG_ADMIN_AUTH_SUCCESS', ''),
(61, 0, 54, 0, 0, 0, '212.51.165.198', 1381747738, 'LOG_ADMIN_AUTH_SUCCESS', ''),
(62, 0, 54, 0, 0, 0, '212.51.165.198', 1381748134, 'LOG_GROUP_CREATED', 'a:1:{i:0;s:10:"Chamadelle";}'),
(63, 0, 54, 0, 0, 0, '212.51.165.198', 1381748274, 'LOG_USERS_ADDED', 'a:2:{i:0;s:10:"Chamadelle";i:1;s:8:"Papounet";}'),
(64, 0, 54, 0, 0, 0, '212.51.165.198', 1381748400, 'LOG_GROUP_DEFAULTS', 'a:2:{i:0;s:10:"Chamadelle";i:1;s:123:"webmaster, Papounet, Gégé, horst, CHRIS89, Julien E, francis, WWF Nico, Balles Neuves, lolo, nicobel, mat, lenine, tauzin";}'),
(65, 0, 54, 0, 0, 0, '212.51.165.198', 1381748400, 'LOG_USERS_ADDED', 'a:2:{i:0;s:10:"Chamadelle";i:1;s:123:"webmaster, Papounet, Gégé, horst, CHRIS89, Julien E, francis, WWF Nico, Balles Neuves, lolo, nicobel, mat, lenine, tauzin";}'),
(66, 0, 54, 0, 0, 0, '212.51.165.198', 1381748466, 'LOG_GROUP_PROMOTED', 'a:2:{i:0;s:10:"Chamadelle";i:1;s:19:"webmaster, Papounet";}'),
(67, 0, 54, 0, 0, 0, '212.51.165.198', 1381748986, 'LOG_ADMIN_AUTH_SUCCESS', ''),
(68, 0, 54, 0, 0, 0, '212.51.165.198', 1381749011, 'LOG_ACL_TRANSFER_PERMISSIONS', 'a:1:{i:0;s:7:"JOUEUR1";}'),
(69, 0, 54, 0, 0, 0, '212.51.165.198', 1381749114, 'LOG_ACL_RESTORE_PERMISSIONS', 'a:1:{i:0;s:7:"JOUEUR1";}'),
(70, 0, 54, 0, 0, 0, '212.51.165.198', 1381750020, 'LOG_GROUP_CREATED', 'a:1:{i:0;s:9:"Génissac";}'),
(71, 0, 54, 0, 0, 0, '212.51.165.198', 1381750203, 'LOG_GROUP_DEFAULTS', 'a:2:{i:0;s:9:"Génissac";i:1;s:7:"JOUEUR1";}'),
(72, 0, 54, 0, 0, 0, '212.51.165.198', 1381750203, 'LOG_USERS_ADDED', 'a:2:{i:0;s:9:"Génissac";i:1;s:7:"JOUEUR1";}'),
(73, 0, 54, 0, 0, 0, '212.51.165.198', 1381750315, 'LOG_ACL_ADD_USER_GLOBAL_U_', 'a:1:{i:0;s:7:"JOUEUR1";}'),
(74, 0, 54, 0, 0, 0, '212.51.165.198', 1381835854, 'LOG_ADMIN_AUTH_SUCCESS', ''),
(75, 0, 54, 0, 0, 0, '212.51.165.198', 1381835926, 'LOG_ACL_ADD_GROUP_GLOBAL_U_', 'a:1:{i:0;s:9:"Génissac";}'),
(76, 0, 54, 0, 0, 0, '212.51.165.198', 1381921806, 'LOG_ADMIN_AUTH_SUCCESS', ''),
(77, 0, 54, 0, 0, 0, '212.51.165.198', 1383136071, 'LOG_ACL_TRANSFER_PERMISSIONS', 'a:1:{i:0;s:7:"JOUEUR1";}'),
(78, 0, 54, 0, 0, 0, '212.51.165.198', 1383136136, 'LOG_ADMIN_AUTH_SUCCESS', ''),
(79, 0, 54, 0, 0, 0, '212.51.165.198', 1383136154, 'LOG_ACL_RESTORE_PERMISSIONS', 'a:1:{i:0;s:7:"JOUEUR1";}'),
(80, 0, 54, 0, 0, 0, '212.51.165.198', 1383652323, 'LOG_ADMIN_AUTH_SUCCESS', ''),
(81, 0, 54, 0, 0, 0, '212.51.165.198', 1383652462, 'LOG_FORUM_ADD', 'a:1:{i:0;s:15:"Forum Génissac";}'),
(82, 0, 54, 0, 0, 0, '212.51.165.198', 1383652607, 'LOG_ACL_ADD_FORUM_LOCAL_F_', 'a:2:{i:0;s:15:"Forum Génissac";i:1;s:9:"Génissac";}'),
(83, 0, 54, 0, 0, 0, '212.51.165.198', 1383652698, 'LOG_ADMIN_AUTH_SUCCESS', ''),
(84, 0, 54, 0, 0, 0, '212.51.165.198', 1383653045, 'LOG_ADMIN_AUTH_SUCCESS', ''),
(85, 3, 1, 0, 0, 67, '212.51.165.198', 1383653223, 'LOG_USER_NEW_PASSWORD', 'a:1:{i:0;s:7:"JOUEUR1";}'),
(86, 0, 54, 0, 0, 0, '212.51.165.198', 1383654365, 'LOG_ADMIN_AUTH_SUCCESS', ''),
(87, 0, 54, 0, 0, 0, '212.51.165.198', 1383654575, 'LOG_ACL_ADD_GROUP_LOCAL_F_', 'a:2:{i:0;s:67:"L''avant match, L''après match, La buvette, Evénements, Covoiturage";i:1;s:9:"Génissac";}'),
(88, 0, 54, 0, 0, 0, '212.51.165.198', 1383739430, 'LOG_ADMIN_AUTH_SUCCESS', ''),
(89, 0, 54, 0, 0, 0, '212.51.165.198', 1383739966, 'LOG_FORUM_SYNC', 'a:1:{i:0;s:15:"Forum Génissac";}'),
(90, 0, 54, 0, 0, 0, '212.51.165.198', 1383740074, 'LOG_ACL_ADD_GROUP_LOCAL_F_', 'a:2:{i:0;s:67:"L''avant match, L''après match, La buvette, Evénements, Covoiturage";i:1;s:10:"Chamadelle";}'),
(91, 0, 54, 0, 0, 0, '212.51.165.198', 1383740103, 'LOG_ACL_ADD_GROUP_LOCAL_F_', 'a:2:{i:0;s:15:"Forum Génissac";i:1;s:9:"Génissac";}'),
(92, 0, 54, 0, 0, 0, '212.51.165.198', 1383740442, 'LOG_ADMIN_AUTH_SUCCESS', ''),
(93, 0, 54, 0, 0, 0, '212.51.165.198', 1383740715, 'LOG_FORUM_ADD', 'a:1:{i:0;s:16:"Forum Chamadelle";}'),
(94, 0, 54, 0, 0, 0, '212.51.165.198', 1383740761, 'LOG_ACL_ADD_FORUM_LOCAL_F_', 'a:2:{i:0;s:16:"Forum Chamadelle";i:1;s:10:"Chamadelle";}'),
(95, 0, 54, 0, 0, 0, '212.51.165.198', 1383740932, 'LOG_FORUM_EDIT', 'a:1:{i:0;s:11:"Covoiturage";}'),
(96, 0, 54, 0, 0, 0, '212.51.165.198', 1383740932, 'LOG_FORUM_COPIED_PERMISSIONS', 'a:2:{i:0;s:16:"Forum Chamadelle";i:1;s:11:"Covoiturage";}'),
(97, 0, 54, 0, 0, 0, '212.51.165.198', 1383740973, 'LOG_FORUM_EDIT', 'a:1:{i:0;s:13:"L''avant match";}'),
(98, 0, 54, 0, 0, 0, '212.51.165.198', 1383740973, 'LOG_FORUM_COPIED_PERMISSIONS', 'a:2:{i:0;s:16:"Forum Chamadelle";i:1;s:13:"L''avant match";}'),
(99, 0, 54, 0, 0, 0, '212.51.165.198', 1383740999, 'LOG_FORUM_EDIT', 'a:1:{i:0;s:14:"L''après match";}'),
(100, 0, 54, 0, 0, 0, '212.51.165.198', 1383740999, 'LOG_FORUM_COPIED_PERMISSIONS', 'a:2:{i:0;s:16:"Forum Chamadelle";i:1;s:14:"L''après match";}'),
(101, 0, 54, 0, 0, 0, '212.51.165.198', 1383741022, 'LOG_FORUM_EDIT', 'a:1:{i:0;s:10:"La buvette";}'),
(102, 0, 54, 0, 0, 0, '212.51.165.198', 1383741022, 'LOG_FORUM_COPIED_PERMISSIONS', 'a:2:{i:0;s:16:"Forum Chamadelle";i:1;s:10:"La buvette";}'),
(103, 0, 54, 0, 0, 0, '212.51.165.198', 1383741047, 'LOG_FORUM_EDIT', 'a:1:{i:0;s:11:"Evénements";}'),
(104, 0, 54, 0, 0, 0, '212.51.165.198', 1383741047, 'LOG_FORUM_COPIED_PERMISSIONS', 'a:2:{i:0;s:16:"Forum Chamadelle";i:1;s:11:"Evénements";}'),
(105, 0, 54, 0, 0, 0, '212.51.165.198', 1383741201, 'LOG_ADMIN_AUTH_SUCCESS', ''),
(106, 0, 54, 0, 0, 0, '212.51.165.198', 1383741831, 'LOG_FORUM_EDIT', 'a:1:{i:0;s:11:"Covoiturage";}'),
(107, 0, 54, 0, 0, 0, '212.51.165.198', 1383741869, 'LOG_FORUM_EDIT', 'a:1:{i:0;s:13:"L''avant match";}'),
(108, 0, 54, 0, 0, 0, '212.51.165.198', 1383741903, 'LOG_FORUM_EDIT', 'a:1:{i:0;s:14:"L''après match";}'),
(109, 0, 54, 0, 0, 0, '212.51.165.198', 1383741903, 'LOG_FORUM_COPIED_PERMISSIONS', 'a:2:{i:0;s:16:"Forum Chamadelle";i:1;s:14:"L''après match";}'),
(110, 0, 54, 0, 0, 0, '212.51.165.198', 1383741932, 'LOG_FORUM_EDIT', 'a:1:{i:0;s:10:"La buvette";}'),
(111, 0, 54, 0, 0, 0, '212.51.165.198', 1383741932, 'LOG_FORUM_COPIED_PERMISSIONS', 'a:2:{i:0;s:16:"Forum Chamadelle";i:1;s:10:"La buvette";}'),
(112, 0, 54, 0, 0, 0, '212.51.165.198', 1383741994, 'LOG_FORUM_EDIT', 'a:1:{i:0;s:11:"Evénements";}'),
(113, 0, 54, 0, 0, 0, '212.51.165.198', 1383741994, 'LOG_FORUM_COPIED_PERMISSIONS', 'a:2:{i:0;s:16:"Forum Chamadelle";i:1;s:11:"Evénements";}'),
(114, 0, 54, 0, 0, 0, '212.51.165.198', 1383742134, 'LOG_RESYNC_STATS', ''),
(115, 0, 54, 0, 0, 0, '212.194.177.22', 1383770905, 'LOG_ADMIN_AUTH_SUCCESS', ''),
(116, 0, 54, 0, 0, 0, '212.194.177.22', 1383770923, 'LOG_RESYNC_POST_MARKING', ''),
(117, 3, 1, 0, 0, 65, '92.146.11.72', 1389738143, 'LOG_USER_NEW_PASSWORD', 'a:1:{i:0;s:6:"lenine";}'),
(118, 0, 54, 0, 0, 0, '62.212.103.37', 1389893757, 'LOG_ADMIN_AUTH_SUCCESS', ''),
(119, 0, 54, 0, 0, 0, '62.212.103.37', 1389894477, 'LOG_MODULE_DISABLE', 'a:1:{i:0;s:22:"Préférences du forum";}'),
(120, 0, 54, 0, 0, 0, '62.212.103.37', 1389894481, 'LOG_MODULE_ENABLE', 'a:1:{i:0;s:22:"Préférences du forum";}'),
(121, 0, 54, 0, 0, 0, '212.51.165.198', 1391081931, 'LOG_ADMIN_AUTH_SUCCESS', ''),
(122, 0, 54, 0, 0, 0, '212.51.165.198', 1391086147, 'LOG_RESYNC_POSTCOUNTS', ''),
(123, 0, 54, 0, 0, 0, '212.51.165.198', 1391086231, 'LOG_RESYNC_POST_MARKING', ''),
(124, 0, 54, 0, 0, 0, '212.51.165.198', 1391086323, 'LOG_FORUM_SYNC', 'a:1:{i:0;s:11:"Covoiturage";}'),
(125, 0, 54, 0, 0, 0, '212.51.165.198', 1391086331, 'LOG_FORUM_SYNC', 'a:1:{i:0;s:13:"L''avant match";}'),
(126, 0, 54, 0, 0, 0, '212.51.165.198', 1391086341, 'LOG_FORUM_SYNC', 'a:1:{i:0;s:14:"L''après match";}'),
(127, 0, 54, 0, 0, 0, '212.51.165.198', 1391086347, 'LOG_FORUM_SYNC', 'a:1:{i:0;s:10:"La buvette";}'),
(128, 0, 54, 0, 0, 0, '212.51.165.198', 1391086351, 'LOG_FORUM_SYNC', 'a:1:{i:0;s:11:"Evénements";}'),
(129, 0, 54, 0, 0, 0, '212.51.165.198', 1409136177, 'LOG_ACL_TRANSFER_PERMISSIONS', 'a:1:{i:0;s:6:"jojo33";}'),
(130, 0, 54, 0, 0, 0, '212.51.165.198', 1409136250, 'LOG_ACL_RESTORE_PERMISSIONS', 'a:1:{i:0;s:6:"jojo33";}'),
(131, 0, 54, 0, 0, 0, '212.51.165.198', 1409136465, 'LOG_ADMIN_AUTH_SUCCESS', '');

-- --------------------------------------------------------

--
-- Structure de la table `phpbb_login_attempts`
--

CREATE TABLE IF NOT EXISTS `phpbb_login_attempts` (
  `attempt_ip` varchar(40) COLLATE utf8_bin NOT NULL DEFAULT '',
  `attempt_browser` varchar(150) COLLATE utf8_bin NOT NULL DEFAULT '',
  `attempt_forwarded_for` varchar(255) COLLATE utf8_bin NOT NULL DEFAULT '',
  `attempt_time` int(11) unsigned NOT NULL DEFAULT '0',
  `user_id` mediumint(8) unsigned NOT NULL DEFAULT '0',
  `username` varchar(255) COLLATE utf8_bin NOT NULL DEFAULT '0',
  `username_clean` varchar(255) COLLATE utf8_bin NOT NULL DEFAULT '0',
  KEY `att_ip` (`attempt_ip`,`attempt_time`),
  KEY `att_for` (`attempt_forwarded_for`,`attempt_time`),
  KEY `att_time` (`attempt_time`),
  KEY `user_id` (`user_id`)
) ENGINE=InnoDB DEFAULT CHARSET=utf8 COLLATE=utf8_bin;

-- --------------------------------------------------------

--
-- Structure de la table `phpbb_moderator_cache`
--

CREATE TABLE IF NOT EXISTS `phpbb_moderator_cache` (
  `forum_id` mediumint(8) unsigned NOT NULL DEFAULT '0',
  `user_id` mediumint(8) unsigned NOT NULL DEFAULT '0',
  `username` varchar(255) COLLATE utf8_bin NOT NULL DEFAULT '',
  `group_id` mediumint(8) unsigned NOT NULL DEFAULT '0',
  `group_name` varchar(255) COLLATE utf8_bin NOT NULL DEFAULT '',
  `display_on_index` tinyint(1) unsigned NOT NULL DEFAULT '1',
  KEY `disp_idx` (`display_on_index`),
  KEY `forum_id` (`forum_id`)
) ENGINE=InnoDB DEFAULT CHARSET=utf8 COLLATE=utf8_bin;

-- --------------------------------------------------------

--
-- Structure de la table `phpbb_modules`
--

CREATE TABLE IF NOT EXISTS `phpbb_modules` (
  `module_id` mediumint(8) unsigned NOT NULL AUTO_INCREMENT,
  `module_enabled` tinyint(1) unsigned NOT NULL DEFAULT '1',
  `module_display` tinyint(1) unsigned NOT NULL DEFAULT '1',
  `module_basename` varchar(255) COLLATE utf8_bin NOT NULL DEFAULT '',
  `module_class` varchar(10) COLLATE utf8_bin NOT NULL DEFAULT '',
  `parent_id` mediumint(8) unsigned NOT NULL DEFAULT '0',
  `left_id` mediumint(8) unsigned NOT NULL DEFAULT '0',
  `right_id` mediumint(8) unsigned NOT NULL DEFAULT '0',
  `module_langname` varchar(255) COLLATE utf8_bin NOT NULL DEFAULT '',
  `module_mode` varchar(255) COLLATE utf8_bin NOT NULL DEFAULT '',
  `module_auth` varchar(255) COLLATE utf8_bin NOT NULL DEFAULT '',
  PRIMARY KEY (`module_id`),
  KEY `left_right_id` (`left_id`,`right_id`),
  KEY `module_enabled` (`module_enabled`),
  KEY `class_left_id` (`module_class`,`left_id`)
) ENGINE=InnoDB  DEFAULT CHARSET=utf8 COLLATE=utf8_bin AUTO_INCREMENT=199 ;

--
-- Contenu de la table `phpbb_modules`
--

INSERT INTO `phpbb_modules` (`module_id`, `module_enabled`, `module_display`, `module_basename`, `module_class`, `parent_id`, `left_id`, `right_id`, `module_langname`, `module_mode`, `module_auth`) VALUES
(1, 1, 1, '', 'acp', 0, 1, 64, 'ACP_CAT_GENERAL', '', ''),
(2, 1, 1, '', 'acp', 1, 4, 17, 'ACP_QUICK_ACCESS', '', ''),
(3, 1, 1, '', 'acp', 1, 18, 41, 'ACP_BOARD_CONFIGURATION', '', ''),
(4, 1, 1, '', 'acp', 1, 42, 49, 'ACP_CLIENT_COMMUNICATION', '', ''),
(5, 1, 1, '', 'acp', 1, 50, 63, 'ACP_SERVER_CONFIGURATION', '', ''),
(6, 1, 1, '', 'acp', 0, 65, 84, 'ACP_CAT_FORUMS', '', ''),
(7, 1, 1, '', 'acp', 6, 66, 71, 'ACP_MANAGE_FORUMS', '', ''),
(8, 1, 1, '', 'acp', 6, 72, 83, 'ACP_FORUM_BASED_PERMISSIONS', '', ''),
(9, 1, 1, '', 'acp', 0, 85, 110, 'ACP_CAT_POSTING', '', ''),
(10, 1, 1, '', 'acp', 9, 86, 99, 'ACP_MESSAGES', '', ''),
(11, 1, 1, '', 'acp', 9, 100, 109, 'ACP_ATTACHMENTS', '', ''),
(12, 1, 1, '', 'acp', 0, 111, 166, 'ACP_CAT_USERGROUP', '', ''),
(13, 1, 1, '', 'acp', 12, 112, 145, 'ACP_CAT_USERS', '', ''),
(14, 1, 1, '', 'acp', 12, 146, 153, 'ACP_GROUPS', '', ''),
(15, 1, 1, '', 'acp', 12, 154, 165, 'ACP_USER_SECURITY', '', ''),
(16, 1, 1, '', 'acp', 0, 167, 216, 'ACP_CAT_PERMISSIONS', '', ''),
(17, 1, 1, '', 'acp', 16, 170, 179, 'ACP_GLOBAL_PERMISSIONS', '', ''),
(18, 1, 1, '', 'acp', 16, 180, 191, 'ACP_FORUM_BASED_PERMISSIONS', '', ''),
(19, 1, 1, '', 'acp', 16, 192, 201, 'ACP_PERMISSION_ROLES', '', ''),
(20, 1, 1, '', 'acp', 16, 202, 215, 'ACP_PERMISSION_MASKS', '', ''),
(21, 1, 1, '', 'acp', 0, 217, 230, 'ACP_CAT_STYLES', '', ''),
(22, 1, 1, '', 'acp', 21, 218, 221, 'ACP_STYLE_MANAGEMENT', '', ''),
(23, 1, 1, '', 'acp', 21, 222, 229, 'ACP_STYLE_COMPONENTS', '', ''),
(24, 1, 1, '', 'acp', 0, 231, 250, 'ACP_CAT_MAINTENANCE', '', ''),
(25, 1, 1, '', 'acp', 24, 232, 241, 'ACP_FORUM_LOGS', '', ''),
(26, 1, 1, '', 'acp', 24, 242, 249, 'ACP_CAT_DATABASE', '', ''),
(27, 1, 1, '', 'acp', 0, 251, 276, 'ACP_CAT_SYSTEM', '', ''),
(28, 1, 1, '', 'acp', 27, 252, 255, 'ACP_AUTOMATION', '', ''),
(29, 1, 1, '', 'acp', 27, 256, 267, 'ACP_GENERAL_TASKS', '', ''),
(30, 1, 1, '', 'acp', 27, 268, 275, 'ACP_MODULE_MANAGEMENT', '', ''),
(31, 1, 1, '', 'acp', 0, 277, 278, 'ACP_CAT_DOT_MODS', '', ''),
(32, 1, 1, 'attachments', 'acp', 3, 19, 20, 'ACP_ATTACHMENT_SETTINGS', 'attach', 'acl_a_attach'),
(33, 1, 1, 'attachments', 'acp', 11, 101, 102, 'ACP_ATTACHMENT_SETTINGS', 'attach', 'acl_a_attach'),
(34, 1, 1, 'attachments', 'acp', 11, 103, 104, 'ACP_MANAGE_EXTENSIONS', 'extensions', 'acl_a_attach'),
(35, 1, 1, 'attachments', 'acp', 11, 105, 106, 'ACP_EXTENSION_GROUPS', 'ext_groups', 'acl_a_attach'),
(36, 1, 1, 'attachments', 'acp', 11, 107, 108, 'ACP_ORPHAN_ATTACHMENTS', 'orphan', 'acl_a_attach'),
(37, 1, 1, 'ban', 'acp', 15, 155, 156, 'ACP_BAN_EMAILS', 'email', 'acl_a_ban'),
(38, 1, 1, 'ban', 'acp', 15, 157, 158, 'ACP_BAN_IPS', 'ip', 'acl_a_ban'),
(39, 1, 1, 'ban', 'acp', 15, 159, 160, 'ACP_BAN_USERNAMES', 'user', 'acl_a_ban'),
(40, 1, 1, 'bbcodes', 'acp', 10, 87, 88, 'ACP_BBCODES', 'bbcodes', 'acl_a_bbcode'),
(41, 1, 1, 'board', 'acp', 3, 21, 22, 'ACP_BOARD_SETTINGS', 'settings', 'acl_a_board'),
(42, 1, 1, 'board', 'acp', 3, 23, 24, 'ACP_BOARD_FEATURES', 'features', 'acl_a_board'),
(43, 1, 1, 'board', 'acp', 3, 25, 26, 'ACP_AVATAR_SETTINGS', 'avatar', 'acl_a_board'),
(44, 1, 1, 'board', 'acp', 3, 27, 28, 'ACP_MESSAGE_SETTINGS', 'message', 'acl_a_board'),
(45, 1, 1, 'board', 'acp', 10, 89, 90, 'ACP_MESSAGE_SETTINGS', 'message', 'acl_a_board'),
(46, 1, 1, 'board', 'acp', 3, 29, 30, 'ACP_POST_SETTINGS', 'post', 'acl_a_board'),
(47, 1, 1, 'board', 'acp', 10, 91, 92, 'ACP_POST_SETTINGS', 'post', 'acl_a_board'),
(48, 1, 1, 'board', 'acp', 3, 31, 32, 'ACP_SIGNATURE_SETTINGS', 'signature', 'acl_a_board'),
(49, 1, 1, 'board', 'acp', 3, 33, 34, 'ACP_FEED_SETTINGS', 'feed', 'acl_a_board'),
(50, 1, 1, 'board', 'acp', 3, 35, 36, 'ACP_REGISTER_SETTINGS', 'registration', 'acl_a_board'),
(51, 1, 1, 'board', 'acp', 4, 43, 44, 'ACP_AUTH_SETTINGS', 'auth', 'acl_a_server'),
(52, 1, 1, 'board', 'acp', 4, 45, 46, 'ACP_EMAIL_SETTINGS', 'email', 'acl_a_server'),
(53, 1, 1, 'board', 'acp', 5, 51, 52, 'ACP_COOKIE_SETTINGS', 'cookie', 'acl_a_server'),
(54, 1, 1, 'board', 'acp', 5, 53, 54, 'ACP_SERVER_SETTINGS', 'server', 'acl_a_server'),
(55, 1, 1, 'board', 'acp', 5, 55, 56, 'ACP_SECURITY_SETTINGS', 'security', 'acl_a_server'),
(56, 1, 1, 'board', 'acp', 5, 57, 58, 'ACP_LOAD_SETTINGS', 'load', 'acl_a_server'),
(57, 1, 1, 'bots', 'acp', 29, 257, 258, 'ACP_BOTS', 'bots', 'acl_a_bots'),
(58, 1, 1, 'captcha', 'acp', 3, 37, 38, 'ACP_VC_SETTINGS', 'visual', 'acl_a_board'),
(59, 1, 0, 'captcha', 'acp', 3, 39, 40, 'ACP_VC_CAPTCHA_DISPLAY', 'img', 'acl_a_board'),
(60, 1, 1, 'database', 'acp', 26, 243, 244, 'ACP_BACKUP', 'backup', 'acl_a_backup'),
(61, 1, 1, 'database', 'acp', 26, 245, 246, 'ACP_RESTORE', 'restore', 'acl_a_backup'),
(62, 1, 1, 'disallow', 'acp', 15, 161, 162, 'ACP_DISALLOW_USERNAMES', 'usernames', 'acl_a_names'),
(63, 1, 1, 'email', 'acp', 29, 259, 260, 'ACP_MASS_EMAIL', 'email', 'acl_a_email && cfg_email_enable'),
(64, 1, 1, 'forums', 'acp', 7, 67, 68, 'ACP_MANAGE_FORUMS', 'manage', 'acl_a_forum'),
(65, 1, 1, 'groups', 'acp', 14, 147, 148, 'ACP_GROUPS_MANAGE', 'manage', 'acl_a_group'),
(66, 1, 1, 'icons', 'acp', 10, 93, 94, 'ACP_ICONS', 'icons', 'acl_a_icons'),
(67, 1, 1, 'icons', 'acp', 10, 95, 96, 'ACP_SMILIES', 'smilies', 'acl_a_icons'),
(68, 1, 1, 'inactive', 'acp', 13, 115, 116, 'ACP_INACTIVE_USERS', 'list', 'acl_a_user'),
(69, 1, 1, 'jabber', 'acp', 4, 47, 48, 'ACP_JABBER_SETTINGS', 'settings', 'acl_a_jabber'),
(70, 1, 1, 'language', 'acp', 29, 261, 262, 'ACP_LANGUAGE_PACKS', 'lang_packs', 'acl_a_language'),
(71, 1, 1, 'logs', 'acp', 25, 233, 234, 'ACP_ADMIN_LOGS', 'admin', 'acl_a_viewlogs'),
(72, 1, 1, 'logs', 'acp', 25, 235, 236, 'ACP_MOD_LOGS', 'mod', 'acl_a_viewlogs'),
(73, 1, 1, 'logs', 'acp', 25, 237, 238, 'ACP_USERS_LOGS', 'users', 'acl_a_viewlogs'),
(74, 1, 1, 'logs', 'acp', 25, 239, 240, 'ACP_CRITICAL_LOGS', 'critical', 'acl_a_viewlogs'),
(75, 1, 1, 'main', 'acp', 1, 2, 3, 'ACP_INDEX', 'main', ''),
(76, 1, 1, 'modules', 'acp', 30, 269, 270, 'ACP', 'acp', 'acl_a_modules'),
(77, 1, 1, 'modules', 'acp', 30, 271, 272, 'UCP', 'ucp', 'acl_a_modules'),
(78, 1, 1, 'modules', 'acp', 30, 273, 274, 'MCP', 'mcp', 'acl_a_modules'),
(79, 1, 1, 'permission_roles', 'acp', 19, 193, 194, 'ACP_ADMIN_ROLES', 'admin_roles', 'acl_a_roles && acl_a_aauth'),
(80, 1, 1, 'permission_roles', 'acp', 19, 195, 196, 'ACP_USER_ROLES', 'user_roles', 'acl_a_roles && acl_a_uauth'),
(81, 1, 1, 'permission_roles', 'acp', 19, 197, 198, 'ACP_MOD_ROLES', 'mod_roles', 'acl_a_roles && acl_a_mauth'),
(82, 1, 1, 'permission_roles', 'acp', 19, 199, 200, 'ACP_FORUM_ROLES', 'forum_roles', 'acl_a_roles && acl_a_fauth'),
(83, 1, 1, 'permissions', 'acp', 16, 168, 169, 'ACP_PERMISSIONS', 'intro', 'acl_a_authusers || acl_a_authgroups || acl_a_viewauth'),
(84, 1, 0, 'permissions', 'acp', 20, 203, 204, 'ACP_PERMISSION_TRACE', 'trace', 'acl_a_viewauth'),
(85, 1, 1, 'permissions', 'acp', 18, 181, 182, 'ACP_FORUM_PERMISSIONS', 'setting_forum_local', 'acl_a_fauth && (acl_a_authusers || acl_a_authgroups)'),
(86, 1, 1, 'permissions', 'acp', 18, 183, 184, 'ACP_FORUM_PERMISSIONS_COPY', 'setting_forum_copy', 'acl_a_fauth && acl_a_authusers && acl_a_authgroups && acl_a_mauth'),
(87, 1, 1, 'permissions', 'acp', 18, 185, 186, 'ACP_FORUM_MODERATORS', 'setting_mod_local', 'acl_a_mauth && (acl_a_authusers || acl_a_authgroups)'),
(88, 1, 1, 'permissions', 'acp', 17, 171, 172, 'ACP_USERS_PERMISSIONS', 'setting_user_global', 'acl_a_authusers && (acl_a_aauth || acl_a_mauth || acl_a_uauth)'),
(89, 1, 1, 'permissions', 'acp', 13, 117, 118, 'ACP_USERS_PERMISSIONS', 'setting_user_global', 'acl_a_authusers && (acl_a_aauth || acl_a_mauth || acl_a_uauth)'),
(90, 1, 1, 'permissions', 'acp', 18, 187, 188, 'ACP_USERS_FORUM_PERMISSIONS', 'setting_user_local', 'acl_a_authusers && (acl_a_mauth || acl_a_fauth)'),
(91, 1, 1, 'permissions', 'acp', 13, 119, 120, 'ACP_USERS_FORUM_PERMISSIONS', 'setting_user_local', 'acl_a_authusers && (acl_a_mauth || acl_a_fauth)'),
(92, 1, 1, 'permissions', 'acp', 17, 173, 174, 'ACP_GROUPS_PERMISSIONS', 'setting_group_global', 'acl_a_authgroups && (acl_a_aauth || acl_a_mauth || acl_a_uauth)'),
(93, 1, 1, 'permissions', 'acp', 14, 149, 150, 'ACP_GROUPS_PERMISSIONS', 'setting_group_global', 'acl_a_authgroups && (acl_a_aauth || acl_a_mauth || acl_a_uauth)'),
(94, 1, 1, 'permissions', 'acp', 18, 189, 190, 'ACP_GROUPS_FORUM_PERMISSIONS', 'setting_group_local', 'acl_a_authgroups && (acl_a_mauth || acl_a_fauth)'),
(95, 1, 1, 'permissions', 'acp', 14, 151, 152, 'ACP_GROUPS_FORUM_PERMISSIONS', 'setting_group_local', 'acl_a_authgroups && (acl_a_mauth || acl_a_fauth)'),
(96, 1, 1, 'permissions', 'acp', 17, 175, 176, 'ACP_ADMINISTRATORS', 'setting_admin_global', 'acl_a_aauth && (acl_a_authusers || acl_a_authgroups)'),
(97, 1, 1, 'permissions', 'acp', 17, 177, 178, 'ACP_GLOBAL_MODERATORS', 'setting_mod_global', 'acl_a_mauth && (acl_a_authusers || acl_a_authgroups)'),
(98, 1, 1, 'permissions', 'acp', 20, 205, 206, 'ACP_VIEW_ADMIN_PERMISSIONS', 'view_admin_global', 'acl_a_viewauth'),
(99, 1, 1, 'permissions', 'acp', 20, 207, 208, 'ACP_VIEW_USER_PERMISSIONS', 'view_user_global', 'acl_a_viewauth'),
(100, 1, 1, 'permissions', 'acp', 20, 209, 210, 'ACP_VIEW_GLOBAL_MOD_PERMISSIONS', 'view_mod_global', 'acl_a_viewauth'),
(101, 1, 1, 'permissions', 'acp', 20, 211, 212, 'ACP_VIEW_FORUM_MOD_PERMISSIONS', 'view_mod_local', 'acl_a_viewauth'),
(102, 1, 1, 'permissions', 'acp', 20, 213, 214, 'ACP_VIEW_FORUM_PERMISSIONS', 'view_forum_local', 'acl_a_viewauth'),
(103, 1, 1, 'php_info', 'acp', 29, 263, 264, 'ACP_PHP_INFO', 'info', 'acl_a_phpinfo'),
(104, 1, 1, 'profile', 'acp', 13, 121, 122, 'ACP_CUSTOM_PROFILE_FIELDS', 'profile', 'acl_a_profile'),
(105, 1, 1, 'prune', 'acp', 7, 69, 70, 'ACP_PRUNE_FORUMS', 'forums', 'acl_a_prune'),
(106, 1, 1, 'prune', 'acp', 15, 163, 164, 'ACP_PRUNE_USERS', 'users', 'acl_a_userdel'),
(107, 1, 1, 'ranks', 'acp', 13, 123, 124, 'ACP_MANAGE_RANKS', 'ranks', 'acl_a_ranks'),
(108, 1, 1, 'reasons', 'acp', 29, 265, 266, 'ACP_MANAGE_REASONS', 'main', 'acl_a_reasons'),
(109, 1, 1, 'search', 'acp', 5, 59, 60, 'ACP_SEARCH_SETTINGS', 'settings', 'acl_a_search'),
(110, 1, 1, 'search', 'acp', 26, 247, 248, 'ACP_SEARCH_INDEX', 'index', 'acl_a_search'),
(111, 1, 1, 'send_statistics', 'acp', 5, 61, 62, 'ACP_SEND_STATISTICS', 'send_statistics', 'acl_a_server'),
(112, 1, 1, 'styles', 'acp', 22, 219, 220, 'ACP_STYLES', 'style', 'acl_a_styles'),
(113, 1, 1, 'styles', 'acp', 23, 223, 224, 'ACP_TEMPLATES', 'template', 'acl_a_styles'),
(114, 1, 1, 'styles', 'acp', 23, 225, 226, 'ACP_THEMES', 'theme', 'acl_a_styles'),
(115, 1, 1, 'styles', 'acp', 23, 227, 228, 'ACP_IMAGESETS', 'imageset', 'acl_a_styles'),
(116, 1, 1, 'update', 'acp', 28, 253, 254, 'ACP_VERSION_CHECK', 'version_check', 'acl_a_board'),
(117, 1, 1, 'users', 'acp', 13, 113, 114, 'ACP_MANAGE_USERS', 'overview', 'acl_a_user'),
(118, 1, 0, 'users', 'acp', 13, 125, 126, 'ACP_USER_FEEDBACK', 'feedback', 'acl_a_user'),
(119, 1, 0, 'users', 'acp', 13, 127, 128, 'ACP_USER_WARNINGS', 'warnings', 'acl_a_user'),
(120, 1, 0, 'users', 'acp', 13, 129, 130, 'ACP_USER_PROFILE', 'profile', 'acl_a_user'),
(121, 1, 0, 'users', 'acp', 13, 131, 132, 'ACP_USER_PREFS', 'prefs', 'acl_a_user'),
(122, 1, 0, 'users', 'acp', 13, 133, 134, 'ACP_USER_AVATAR', 'avatar', 'acl_a_user'),
(123, 1, 0, 'users', 'acp', 13, 135, 136, 'ACP_USER_RANK', 'rank', 'acl_a_user'),
(124, 1, 0, 'users', 'acp', 13, 137, 138, 'ACP_USER_SIG', 'sig', 'acl_a_user'),
(125, 1, 0, 'users', 'acp', 13, 139, 140, 'ACP_USER_GROUPS', 'groups', 'acl_a_user && acl_a_group'),
(126, 1, 0, 'users', 'acp', 13, 141, 142, 'ACP_USER_PERM', 'perm', 'acl_a_user && acl_a_viewauth'),
(127, 1, 0, 'users', 'acp', 13, 143, 144, 'ACP_USER_ATTACH', 'attach', 'acl_a_user'),
(128, 1, 1, 'words', 'acp', 10, 97, 98, 'ACP_WORDS', 'words', 'acl_a_words'),
(129, 1, 1, 'users', 'acp', 2, 5, 6, 'ACP_MANAGE_USERS', 'overview', 'acl_a_user'),
(130, 1, 1, 'groups', 'acp', 2, 7, 8, 'ACP_GROUPS_MANAGE', 'manage', 'acl_a_group'),
(131, 1, 1, 'forums', 'acp', 2, 9, 10, 'ACP_MANAGE_FORUMS', 'manage', 'acl_a_forum'),
(132, 1, 1, 'logs', 'acp', 2, 11, 12, 'ACP_MOD_LOGS', 'mod', 'acl_a_viewlogs'),
(133, 1, 1, 'bots', 'acp', 2, 13, 14, 'ACP_BOTS', 'bots', 'acl_a_bots'),
(134, 1, 1, 'php_info', 'acp', 2, 15, 16, 'ACP_PHP_INFO', 'info', 'acl_a_phpinfo'),
(135, 1, 1, 'permissions', 'acp', 8, 73, 74, 'ACP_FORUM_PERMISSIONS', 'setting_forum_local', 'acl_a_fauth && (acl_a_authusers || acl_a_authgroups)'),
(136, 1, 1, 'permissions', 'acp', 8, 75, 76, 'ACP_FORUM_PERMISSIONS_COPY', 'setting_forum_copy', 'acl_a_fauth && acl_a_authusers && acl_a_authgroups && acl_a_mauth'),
(137, 1, 1, 'permissions', 'acp', 8, 77, 78, 'ACP_FORUM_MODERATORS', 'setting_mod_local', 'acl_a_mauth && (acl_a_authusers || acl_a_authgroups)'),
(138, 1, 1, 'permissions', 'acp', 8, 79, 80, 'ACP_USERS_FORUM_PERMISSIONS', 'setting_user_local', 'acl_a_authusers && (acl_a_mauth || acl_a_fauth)'),
(139, 1, 1, 'permissions', 'acp', 8, 81, 82, 'ACP_GROUPS_FORUM_PERMISSIONS', 'setting_group_local', 'acl_a_authgroups && (acl_a_mauth || acl_a_fauth)'),
(140, 1, 1, '', 'mcp', 0, 1, 10, 'MCP_MAIN', '', ''),
(141, 1, 1, '', 'mcp', 0, 11, 18, 'MCP_QUEUE', '', ''),
(142, 1, 1, '', 'mcp', 0, 19, 32, 'MCP_REPORTS', '', ''),
(143, 1, 1, '', 'mcp', 0, 33, 38, 'MCP_NOTES', '', ''),
(144, 1, 1, '', 'mcp', 0, 39, 48, 'MCP_WARN', '', ''),
(145, 1, 1, '', 'mcp', 0, 49, 56, 'MCP_LOGS', '', ''),
(146, 1, 1, '', 'mcp', 0, 57, 64, 'MCP_BAN', '', ''),
(147, 1, 1, 'ban', 'mcp', 146, 58, 59, 'MCP_BAN_USERNAMES', 'user', 'acl_m_ban'),
(148, 1, 1, 'ban', 'mcp', 146, 60, 61, 'MCP_BAN_IPS', 'ip', 'acl_m_ban'),
(149, 1, 1, 'ban', 'mcp', 146, 62, 63, 'MCP_BAN_EMAILS', 'email', 'acl_m_ban'),
(150, 1, 1, 'logs', 'mcp', 145, 50, 51, 'MCP_LOGS_FRONT', 'front', 'acl_m_ || aclf_m_'),
(151, 1, 1, 'logs', 'mcp', 145, 52, 53, 'MCP_LOGS_FORUM_VIEW', 'forum_logs', 'acl_m_,$id'),
(152, 1, 1, 'logs', 'mcp', 145, 54, 55, 'MCP_LOGS_TOPIC_VIEW', 'topic_logs', 'acl_m_,$id'),
(153, 1, 1, 'main', 'mcp', 140, 2, 3, 'MCP_MAIN_FRONT', 'front', ''),
(154, 1, 1, 'main', 'mcp', 140, 4, 5, 'MCP_MAIN_FORUM_VIEW', 'forum_view', 'acl_m_,$id'),
(155, 1, 1, 'main', 'mcp', 140, 6, 7, 'MCP_MAIN_TOPIC_VIEW', 'topic_view', 'acl_m_,$id'),
(156, 1, 1, 'main', 'mcp', 140, 8, 9, 'MCP_MAIN_POST_DETAILS', 'post_details', 'acl_m_,$id || (!$id && aclf_m_)'),
(157, 1, 1, 'notes', 'mcp', 143, 34, 35, 'MCP_NOTES_FRONT', 'front', ''),
(158, 1, 1, 'notes', 'mcp', 143, 36, 37, 'MCP_NOTES_USER', 'user_notes', ''),
(159, 1, 1, 'pm_reports', 'mcp', 142, 20, 21, 'MCP_PM_REPORTS_OPEN', 'pm_reports', 'aclf_m_report'),
(160, 1, 1, 'pm_reports', 'mcp', 142, 22, 23, 'MCP_PM_REPORTS_CLOSED', 'pm_reports_closed', 'aclf_m_report'),
(161, 1, 1, 'pm_reports', 'mcp', 142, 24, 25, 'MCP_PM_REPORT_DETAILS', 'pm_report_details', 'aclf_m_report'),
(162, 1, 1, 'queue', 'mcp', 141, 12, 13, 'MCP_QUEUE_UNAPPROVED_TOPICS', 'unapproved_topics', 'aclf_m_approve'),
(163, 1, 1, 'queue', 'mcp', 141, 14, 15, 'MCP_QUEUE_UNAPPROVED_POSTS', 'unapproved_posts', 'aclf_m_approve'),
(164, 1, 1, 'queue', 'mcp', 141, 16, 17, 'MCP_QUEUE_APPROVE_DETAILS', 'approve_details', 'acl_m_approve,$id || (!$id && aclf_m_approve)'),
(165, 1, 1, 'reports', 'mcp', 142, 26, 27, 'MCP_REPORTS_OPEN', 'reports', 'aclf_m_report'),
(166, 1, 1, 'reports', 'mcp', 142, 28, 29, 'MCP_REPORTS_CLOSED', 'reports_closed', 'aclf_m_report'),
(167, 1, 1, 'reports', 'mcp', 142, 30, 31, 'MCP_REPORT_DETAILS', 'report_details', 'acl_m_report,$id || (!$id && aclf_m_report)'),
(168, 1, 1, 'warn', 'mcp', 144, 40, 41, 'MCP_WARN_FRONT', 'front', 'aclf_m_warn'),
(169, 1, 1, 'warn', 'mcp', 144, 42, 43, 'MCP_WARN_LIST', 'list', 'aclf_m_warn'),
(170, 1, 1, 'warn', 'mcp', 144, 44, 45, 'MCP_WARN_USER', 'warn_user', 'aclf_m_warn'),
(171, 1, 1, 'warn', 'mcp', 144, 46, 47, 'MCP_WARN_POST', 'warn_post', 'acl_m_warn && acl_f_read,$id'),
(172, 1, 1, '', 'ucp', 0, 1, 12, 'UCP_MAIN', '', ''),
(173, 1, 1, '', 'ucp', 0, 13, 22, 'UCP_PROFILE', '', ''),
(174, 1, 1, '', 'ucp', 0, 23, 30, 'UCP_PREFS', '', ''),
(175, 1, 1, '', 'ucp', 0, 31, 42, 'UCP_PM', '', ''),
(176, 1, 1, '', 'ucp', 0, 43, 48, 'UCP_USERGROUPS', '', ''),
(177, 1, 1, '', 'ucp', 0, 49, 54, 'UCP_ZEBRA', '', ''),
(178, 1, 1, 'attachments', 'ucp', 172, 10, 11, 'UCP_MAIN_ATTACHMENTS', 'attachments', 'acl_u_attach'),
(179, 1, 1, 'groups', 'ucp', 176, 44, 45, 'UCP_USERGROUPS_MEMBER', 'membership', ''),
(180, 1, 1, 'groups', 'ucp', 176, 46, 47, 'UCP_USERGROUPS_MANAGE', 'manage', ''),
(181, 1, 1, 'main', 'ucp', 172, 2, 3, 'UCP_MAIN_FRONT', 'front', ''),
(182, 1, 1, 'main', 'ucp', 172, 4, 5, 'UCP_MAIN_SUBSCRIBED', 'subscribed', ''),
(183, 1, 1, 'main', 'ucp', 172, 6, 7, 'UCP_MAIN_BOOKMARKS', 'bookmarks', 'cfg_allow_bookmarks'),
(184, 1, 1, 'main', 'ucp', 172, 8, 9, 'UCP_MAIN_DRAFTS', 'drafts', ''),
(185, 1, 0, 'pm', 'ucp', 175, 32, 33, 'UCP_PM_VIEW', 'view', 'cfg_allow_privmsg'),
(186, 1, 1, 'pm', 'ucp', 175, 34, 35, 'UCP_PM_COMPOSE', 'compose', 'cfg_allow_privmsg'),
(187, 1, 1, 'pm', 'ucp', 175, 36, 37, 'UCP_PM_DRAFTS', 'drafts', 'cfg_allow_privmsg'),
(188, 1, 1, 'pm', 'ucp', 175, 38, 39, 'UCP_PM_OPTIONS', 'options', 'cfg_allow_privmsg'),
(189, 1, 0, 'pm', 'ucp', 175, 40, 41, 'UCP_PM_POPUP_TITLE', 'popup', 'cfg_allow_privmsg'),
(190, 1, 1, 'prefs', 'ucp', 174, 24, 25, 'UCP_PREFS_PERSONAL', 'personal', ''),
(191, 1, 1, 'prefs', 'ucp', 174, 26, 27, 'UCP_PREFS_POST', 'post', ''),
(192, 1, 1, 'prefs', 'ucp', 174, 28, 29, 'UCP_PREFS_VIEW', 'view', ''),
(193, 1, 1, 'profile', 'ucp', 173, 14, 15, 'UCP_PROFILE_PROFILE_INFO', 'profile_info', ''),
(194, 1, 1, 'profile', 'ucp', 173, 16, 17, 'UCP_PROFILE_SIGNATURE', 'signature', ''),
(195, 1, 1, 'profile', 'ucp', 173, 18, 19, 'UCP_PROFILE_AVATAR', 'avatar', 'cfg_allow_avatar && (cfg_allow_avatar_local || cfg_allow_avatar_remote || cfg_allow_avatar_upload || cfg_allow_avatar_remote_upload)'),
(196, 1, 1, 'profile', 'ucp', 173, 20, 21, 'UCP_PROFILE_REG_DETAILS', 'reg_details', ''),
(197, 1, 1, 'zebra', 'ucp', 177, 50, 51, 'UCP_ZEBRA_FRIENDS', 'friends', ''),
(198, 1, 1, 'zebra', 'ucp', 177, 52, 53, 'UCP_ZEBRA_FOES', 'foes', '');

-- --------------------------------------------------------

--
-- Structure de la table `phpbb_poll_options`
--

CREATE TABLE IF NOT EXISTS `phpbb_poll_options` (
  `poll_option_id` tinyint(4) NOT NULL DEFAULT '0',
  `topic_id` mediumint(8) unsigned NOT NULL DEFAULT '0',
  `poll_option_text` text COLLATE utf8_bin NOT NULL,
  `poll_option_total` mediumint(8) unsigned NOT NULL DEFAULT '0',
  KEY `poll_opt_id` (`poll_option_id`),
  KEY `topic_id` (`topic_id`)
) ENGINE=InnoDB DEFAULT CHARSET=utf8 COLLATE=utf8_bin;

-- --------------------------------------------------------

--
-- Structure de la table `phpbb_poll_votes`
--

CREATE TABLE IF NOT EXISTS `phpbb_poll_votes` (
  `topic_id` mediumint(8) unsigned NOT NULL DEFAULT '0',
  `poll_option_id` tinyint(4) NOT NULL DEFAULT '0',
  `vote_user_id` mediumint(8) unsigned NOT NULL DEFAULT '0',
  `vote_user_ip` varchar(40) COLLATE utf8_bin NOT NULL DEFAULT '',
  KEY `topic_id` (`topic_id`),
  KEY `vote_user_id` (`vote_user_id`),
  KEY `vote_user_ip` (`vote_user_ip`)
) ENGINE=InnoDB DEFAULT CHARSET=utf8 COLLATE=utf8_bin;

-- --------------------------------------------------------

--
-- Structure de la table `phpbb_posts`
--

CREATE TABLE IF NOT EXISTS `phpbb_posts` (
  `post_id` mediumint(8) unsigned NOT NULL AUTO_INCREMENT,
  `topic_id` mediumint(8) unsigned NOT NULL DEFAULT '0',
  `forum_id` mediumint(8) unsigned NOT NULL DEFAULT '0',
  `poster_id` mediumint(8) unsigned NOT NULL DEFAULT '0',
  `icon_id` mediumint(8) unsigned NOT NULL DEFAULT '0',
  `poster_ip` varchar(40) COLLATE utf8_bin NOT NULL DEFAULT '',
  `post_time` int(11) unsigned NOT NULL DEFAULT '0',
  `post_approved` tinyint(1) unsigned NOT NULL DEFAULT '1',
  `post_reported` tinyint(1) unsigned NOT NULL DEFAULT '0',
  `enable_bbcode` tinyint(1) unsigned NOT NULL DEFAULT '1',
  `enable_smilies` tinyint(1) unsigned NOT NULL DEFAULT '1',
  `enable_magic_url` tinyint(1) unsigned NOT NULL DEFAULT '1',
  `enable_sig` tinyint(1) unsigned NOT NULL DEFAULT '1',
  `post_username` varchar(255) COLLATE utf8_bin NOT NULL DEFAULT '',
  `post_subject` varchar(255) CHARACTER SET utf8 COLLATE utf8_unicode_ci NOT NULL DEFAULT '',
  `post_text` mediumtext COLLATE utf8_bin NOT NULL,
  `post_checksum` varchar(32) COLLATE utf8_bin NOT NULL DEFAULT '',
  `post_attachment` tinyint(1) unsigned NOT NULL DEFAULT '0',
  `bbcode_bitfield` varchar(255) COLLATE utf8_bin NOT NULL DEFAULT '',
  `bbcode_uid` varchar(8) COLLATE utf8_bin NOT NULL DEFAULT '',
  `post_postcount` tinyint(1) unsigned NOT NULL DEFAULT '1',
  `post_edit_time` int(11) unsigned NOT NULL DEFAULT '0',
  `post_edit_reason` varchar(255) COLLATE utf8_bin NOT NULL DEFAULT '',
  `post_edit_user` mediumint(8) unsigned NOT NULL DEFAULT '0',
  `post_edit_count` smallint(4) unsigned NOT NULL DEFAULT '0',
  `post_edit_locked` tinyint(1) unsigned NOT NULL DEFAULT '0',
  PRIMARY KEY (`post_id`),
  KEY `forum_id` (`forum_id`),
  KEY `topic_id` (`topic_id`),
  KEY `poster_ip` (`poster_ip`),
  KEY `poster_id` (`poster_id`),
  KEY `post_approved` (`post_approved`),
  KEY `post_username` (`post_username`),
  KEY `tid_post_time` (`topic_id`,`post_time`)
) ENGINE=InnoDB  DEFAULT CHARSET=utf8 COLLATE=utf8_bin AUTO_INCREMENT=82 ;

--
-- Contenu de la table `phpbb_posts`
--

INSERT INTO `phpbb_posts` (`post_id`, `topic_id`, `forum_id`, `poster_id`, `icon_id`, `poster_ip`, `post_time`, `post_approved`, `post_reported`, `enable_bbcode`, `enable_smilies`, `enable_magic_url`, `enable_sig`, `post_username`, `post_subject`, `post_text`, `post_checksum`, `post_attachment`, `bbcode_bitfield`, `bbcode_uid`, `post_postcount`, `post_edit_time`, `post_edit_reason`, `post_edit_user`, `post_edit_count`, `post_edit_locked`) VALUES
(1, 1, 6, 54, 0, '212.194.177.22', 1377547587, 1, 0, 1, 1, 1, 1, '', 'Tournoi d''Abzac', 'Salut la communauté,\n\nComme tous les ans, le foot loisir d''Abzac organise son tournoi pour annoncer la reprise. Hé voui, les vacances c''est presque terminé pour tout le monde  <!-- s:lol: --><img src="{SMILIES_PATH}/icon_lol.gif" alt=":lol:" title="Rieur" /><!-- s:lol: --> \nLa date limite de réponse était fixée au 2 août. Je n''ai vu que RV répondre favorablement à l''invitation.\n\nAvons nous donné une réponse de participation  <!-- s:?: --><img src="{SMILIES_PATH}/icon_question.gif" alt=":?:" title="Question" /><!-- s:?: --> \n\nY a-t-il malgré tout des joueurs prêts à y aller  <!-- s:?: --><img src="{SMILIES_PATH}/icon_question.gif" alt=":?:" title="Question" /><!-- s:?: -->', '73da20e4b9e1f8586b5d3d24293e5bce', 0, '', '2x9f1h0q', 1, 0, '', 0, 0, 0),
(2, 2, 9, 54, 0, '212.194.177.22', 1377726566, 1, 0, 1, 1, 1, 1, '', 'Repas début de saison', 'Je relais le message de Francis :\n\nrepas de debut de saison le vendredi 6 septembre a EOLE\nprevoir un budget aux alentours des 20€ en portant le vin.\nnous evoquerons la saison a venir mais surtout celles passées!\nrendez vous a partir de 20heures:les conjoints sont les bienvenus\n\nj ai besoin de vos reponses au plus tard pour le mardi 3 septembre\n\na bientot\n\nfrancis\n\nRépondre à ce post en recopiant les participants :\n\n- Christophe GAUD\n- Christophe Lenoir\n- François ROLLAND', 'e22da0c9771518ad0c3f2e32fe2d840a', 0, '', '2xm2ga94', 1, 0, '', 0, 0, 0),
(3, 3, 9, 55, 0, '93.3.241.146', 1377753534, 1, 0, 1, 1, 1, 1, '', 'Saison 2013/2014 recrutement', '**** Salut, une saison va commencer, je suis content d''être le premier a poster sur le forum !!!! ****\n\nJ''espère que tout le monde a passé de bonne vacances, vous allez voir à la rentrée, je suis super affuté, j''ai fait un régime hyper calorifique a base de junk food sur les plages espagnoles et de bières, je suis au taquet  <!-- s:lol: --><img src="{SMILIES_PATH}/icon_lol.gif" alt=":lol:" title="Rieur" /><!-- s:lol: --> \n\nSi quelqu''un a prévu de recruter du monde pour la saison, ce serait pas mal de l''indiquer ici, j''ai personne cette année, mon coiffeur s''est engagé avec l''équipe de Guitres, je comptais pourtant bien le recruter ...', '8468ce606fa2bb61206492e3fd3ec2c5', 0, '', '252n2e4v', 1, 0, '', 0, 0, 0),
(4, 3, 9, 56, 0, '109.222.27.183', 1377804346, 1, 0, 1, 1, 1, 1, '', 'Re: Saison 2013/2014 recrutement', 'Allez je participe à mon tour. Personne en vue non plus pour le recrutement pour ma part!!! RV le 6 septembre au restau', '445847a07955129238ea899df3582cdc', 0, '', '3i7uki3w', 1, 0, '', 0, 0, 0),
(5, 2, 9, 54, 0, '212.194.177.22', 1377806473, 1, 0, 1, 1, 1, 1, '', 'Re: Repas début de saison', 'Répondre à ce post en recopiant les participants :\n\n- Christophe GAUD\n- Christophe Lenoir\n- François ROLLAND\n- grom\n- Vincent', '57fe6cdb192630ec8194a060bc254802', 0, '', 'ct76yuzg', 1, 0, '', 0, 0, 0),
(6, 2, 9, 58, 0, '195.25.239.98', 1377867881, 1, 0, 1, 1, 1, 1, '', 'Re: Repas début de saison', 'Répondre à ce post en recopiant les participants :\n\n- Christophe GAUD\n- Christophe Lenoir\n- François ROLLAND\n- grom\n- Vincent\n- Julien E', '3a42daabe2eeb9624c6e81bc74529722', 0, '', '22qkobh2', 1, 0, '', 0, 0, 0),
(7, 2, 9, 59, 0, '90.50.252.176', 1377878671, 1, 0, 1, 1, 1, 1, '', 'Re: Repas début de saison', '- Christophe GAUD\n- Christophe Lenoir\n- François ROLLAND\n- grom\n- Vincent\n- Julien E\n- Francis\n- Hervé \n- Ghislain \n- Eric R\n\n\n\nAbs : \nCyrille, José', '4c8980075678bc6526725030f58a61b0', 0, '', '302e8zag', 1, 0, '', 0, 0, 0),
(8, 2, 9, 60, 0, '78.206.210.81', 1378068855, 1, 0, 1, 1, 1, 1, '', 'Re: Repas début de saison', 'OK pour moi !\nEst-ce qu''il y aura une démo de l''utilisation de notre blog?...\nA vendredi!\n\n- Christophe GAUD\n- Christophe Lenoir\n- François ROLLAND\n- grom\n- Vincent\n- Julien E\n- Francis\n- Hervé \n- Ghislain \n- Eric R\n- Nico Nallet\n\nAbs : \nCyrille, José', 'cf892c5843c6704f19d0f09824bc129e', 0, '', '5jxb74l6', 1, 0, '', 0, 0, 0),
(9, 2, 9, 54, 0, '212.51.165.198', 1378116999, 1, 0, 1, 1, 1, 1, '', 'Re: Repas début de saison', 'Pourquoi pas une démo, il faudra une connexion internet (possible avec les portables). Par contre on va pas emmener de rétro  <!-- s:? --><img src="{SMILIES_PATH}/icon_e_confused.gif" alt=":?" title="Troublé" /><!-- s:? -->  au resto  <!-- s:o --><img src="{SMILIES_PATH}/icon_e_surprised.gif" alt=":o" title="Étonné" /><!-- s:o --> \nJ''amène mon ordi portable  <!-- s:ugeek: --><img src="{SMILIES_PATH}/icon_e_ugeek.gif" alt=":ugeek:" title="Geek expérimenté" /><!-- s:ugeek: -->', '6de85b7dbd59df2e2231e07a9cc324eb', 0, '', '79oo88yf', 1, 0, '', 0, 0, 0),
(10, 2, 9, 54, 0, '212.194.177.22', 1378149057, 1, 0, 1, 1, 1, 1, '', 'Re: Repas début de saison', '[quote=&quot;WWF Nico&quot;:37nx7yjn]OK pour moi !\nEst-ce qu''il y aura une démo de l''utilisation de notre blog?...\nA vendredi!\n\n- Christophe GAUD\n- Christophe Lenoir\n- François ROLLAND\n- grom\n- Vincent\n- Julien E\n- Francis\n- Hervé \n- Ghislain \n- Eric R\n- Nico Nallet\n- Nico bel\n- dédé\n\n\nAbs : \nCyrille, José, Micka[/quote:37nx7yjn]', 'c89f4955fb837cf670bdec2d5981e9c4', 0, 'gA==', '37nx7yjn', 1, 0, '', 0, 0, 0),
(11, 2, 9, 55, 0, '78.127.25.42', 1378155920, 1, 0, 1, 1, 1, 1, '', 'Re: Repas début de saison', 'Je peux fournir le hotspot wifi avec mon portable normalement ...', '396a0ae69de55369df6e39153b21f62a', 0, '', '84hzs5f4', 1, 0, '', 0, 0, 0),
(12, 4, 9, 54, 0, '212.194.177.22', 1378319756, 1, 0, 1, 1, 1, 1, '', 'Match Frontenac', 'Vue que le match des girondins contre le PSG a été avancé au vendredi, je ne viendrais pas. \nJe ramène l''équipement de gardien vendredi au repas.\n\nA vendredi  <!-- s;) --><img src="{SMILIES_PATH}/icon_e_wink.gif" alt=";)" title="Clin d’œil" /><!-- s;) -->', 'fec0f9ece0bf12e67c0fee5f9af64a2d', 0, '', '2ytn1pgc', 1, 0, '', 0, 0, 0),
(13, 4, 9, 55, 0, '109.15.50.148', 1378321708, 1, 0, 1, 1, 1, 1, '', 'Re: Match Frontenac', 'Baah tu vas pas aller voir ce match de merde alors qu''on joue notre première journée !!!\nNous aussi on a du Zlatan, en moins grand et moins rapide mais de bonne qualité tout de même, l''autre là payé des centaines de milliers d''euros et qui en peut plus de se rêver moi je donnerai pas un rond pour le voir se tripoter la nouille sur un terrain.', '80269532d67e389ebea3a2b13972cf68', 0, '', '1al5xhbw', 1, 0, '', 0, 0, 0),
(14, 4, 9, 54, 0, '212.194.177.22', 1378323434, 1, 0, 1, 1, 1, 1, '', 'Re: Match Frontenac', 'Oui mais des fois il vaut mieux payer pour voire du foot  <!-- s:lol: --><img src="{SMILIES_PATH}/icon_lol.gif" alt=":lol:" title="Rieur" /><!-- s:lol: -->', 'd7e95d7905678e07fd59f633b94def33', 0, '', '3i5h9u5v', 1, 0, '', 0, 0, 0),
(15, 4, 9, 54, 0, '212.194.177.22', 1378323624, 1, 0, 1, 1, 1, 1, '', 'Re: Match Frontenac', 'Oui mais des fois il vaut mieux payer pour voire du foot  <!-- s:lol: --><img src="{SMILIES_PATH}/icon_lol.gif" alt=":lol:" title="Rieur" /><!-- s:lol: --> \nHé oui il arrive aussi à ce tripoter la nouille en même temps qu''il marque des buts !', '7ac58ffc7ef9bc99d6ec76d495e92b43', 0, '', '11e6mwtj', 1, 0, '', 0, 0, 0),
(16, 5, 9, 60, 0, '78.206.210.81', 1378587422, 1, 0, 1, 1, 1, 1, '', 'age exigé pour recrue ?', 'j''ai été contacté par le fils de mon voisin (mon voisin étant Thierry Desalle qui a joué à l''origine de l''asso avec certains d''entre vous) pour venir jouer avec nous. Le hic, c''est qu''il a 18-19 ans, et qu''il vient d''arrêter de jouer en club (ce qui signifie qu''il n''a pas du acheter ses pieds au même magasin que Nico ou Dédé...). Il attend une réponse de ma part. Qu''en pensez-vous? Merci de vos avis rapides.\nPerso, pour du super occasionnel, je pense que ça peut le faire, mais je redoute la réaction de certains adversaires.', '6d3fa62646d3184261eb1b5fc039c37e', 0, '', '29ivxh62', 1, 0, '', 0, 0, 0),
(17, 5, 9, 55, 0, '109.15.50.148', 1378626448, 1, 0, 1, 1, 1, 1, '', 'Re: age exigé pour recrue ?', 'Moi j''ai mon ptit neveu qui joue en U15 a Lormont, il vous dépose à tous en vitesse de pointe et tient le rythme pendant deux marathons  <!-- s:D --><img src="{SMILIES_PATH}/icon_e_biggrin.gif" alt=":D" title="Heureux" /><!-- s:D --> \n\nOn couine comme des gorets quand les équipes en face ont des jeunes qui courent comme des avions on va pas faire pareil.... perso j''y suis pas favorable.', '748e341112d8940b4850bf971274b969', 0, '', '2xmrlb4d', 1, 0, '', 0, 0, 0),
(18, 5, 9, 54, 0, '212.194.177.22', 1378633258, 1, 0, 1, 1, 1, 1, '', 'Re: age exigé pour recrue ?', 'Si l''âge n''a pas d''importance, Benjamin peut jouer avec nous et j''aurai encore deux collègues qui pourraient venir.\n\nSincèrement on n''est pas une équipe de corpo ! je partage le même avis que gégé.', '5a1e7de36d604400884aa09398767549', 0, '', '3ca4twe1', 1, 0, '', 0, 0, 0),
(19, 2, 9, 57, 0, '92.146.80.12', 1378633378, 1, 0, 1, 1, 1, 1, '', 'Re: Repas début de saison', 'Un grand plaisir de revoir toute la troupe pour un excellent repas.\nEn espérant qu''on soit aussi nombreux sur le rectangle vert qu''autour de la table...\nBonne saison à tous\n\nPS : François, essaie de publier les photos, il y a des belles têtes de vainqueur...', '8dd837dd8c2b4fc9eb560e9696947840', 0, '', '1flowcee', 1, 0, '', 0, 0, 0),
(20, 2, 9, 54, 0, '212.194.177.22', 1378653212, 1, 0, 1, 1, 1, 1, '', 'Re: Repas début de saison', 'Voilà les têtes de vainqueurs : cliquer sur l''image pour agrandir\n\n[url=http&#58;//imageshack&#46;us/photo/my-images/716/7ilu&#46;jpg/:2h52kwu3][img:2h52kwu3]http&#58;//imageshack&#46;us/scaled/thumb/716/7ilu&#46;jpg[/img:2h52kwu3][/url:2h52kwu3]\n\n[url=http&#58;//imageshack&#46;us/photo/my-images/59/nmdk&#46;jpg/:2h52kwu3][img:2h52kwu3]http&#58;//imageshack&#46;us/scaled/thumb/59/nmdk&#46;jpg[/img:2h52kwu3][/url:2h52kwu3]\n\n[url=http&#58;//imageshack&#46;us/photo/my-images/27/2ux5&#46;jpg/:2h52kwu3][img:2h52kwu3]http&#58;//imageshack&#46;us/scaled/thumb/27/2ux5&#46;jpg[/img:2h52kwu3][/url:2h52kwu3]\n\n[url=http&#58;//imageshack&#46;us/photo/my-images/23/5ak7&#46;jpg/:2h52kwu3][img:2h52kwu3]http&#58;//imageshack&#46;us/scaled/thumb/23/5ak7&#46;jpg[/img:2h52kwu3][/url:2h52kwu3]', 'edafd714ded829c16cebe83d838ce5d3', 0, 'GA==', '2h52kwu3', 1, 0, '', 0, 0, 0),
(21, 3, 9, 65, 0, '90.5.73.129', 1378797254, 1, 0, 1, 1, 1, 1, '', 'Re: Saison 2013/2014 recrutement', '[size=150:1s9hc8fz][size=150]Rappel pour le challenge; ce n''est pas moi qui fixe les règles mais l''ensemble des correspondants des différentes équipes.\n[b:1s9hc8fz]Ne sont admis que les joueurs de + de 35 ans.[/b:1s9hc8fz][/size:1s9hc8fz][/size]', 'a3e6907dc0d367a01a8ad3d1c5759d20', 0, 'RA==', '1s9hc8fz', 1, 0, '', 0, 0, 0),
(22, 5, 9, 56, 0, '92.149.4.107', 1379231154, 1, 0, 1, 1, 1, 1, '', 'Re: age exigé pour recrue ?', '[quote=&quot;Gégé&quot;:1aqpfqde]\nOn couine comme des gorets[/quote:1aqpfqde]\n\ntoi tu as mangé comme un goret et tu couines quand l''assiette est vide!!!!! <!-- s:twisted: --><img src="{SMILIES_PATH}/icon_twisted.gif" alt=":twisted:" title="Diabolique et souriant" /><!-- s:twisted: -->', '9e806ce4d89210a7fec42faaf2bdb640', 0, 'gA==', '1aqpfqde', 1, 1379231322, '', 56, 1, 0),
(23, 5, 9, 56, 0, '92.149.4.107', 1379231220, 1, 0, 1, 1, 1, 1, '', 'Re: age exigé pour recrue ?', '[quote=&quot;Papounet&quot;:3ofaten7] Benjamin peut jouer avec nous.[/quote:3ofaten7]\n\nRemarque, ça ne sera jamais pire que Dédé!!! <!-- s:D --><img src="{SMILIES_PATH}/icon_e_biggrin.gif" alt=":D" title="Heureux" /><!-- s:D -->', '86a8fa811a4bc9053204024a3fcfbbe5', 0, 'gA==', '3ofaten7', 1, 0, '', 0, 0, 0),
(24, 6, 9, 54, 0, '212.194.177.22', 1379240218, 1, 0, 1, 1, 1, 1, '', 'Covoiturage Match ste terre', 'Ceux qui souhaitent covoiturer peuvent poster ici.\n\nFrançois ROLLAND :\nChristophe si tu viens on peut covoiturer ? par contre je ne reste pas manger.', 'c01a6d18ea4a84e6602894facc24a898', 0, '', 'bs0gin7m', 1, 0, '', 0, 0, 0),
(25, 6, 9, 55, 0, '78.112.211.211', 1379274451, 1, 0, 1, 1, 1, 1, '', 'Re: Covoiturage Match ste terre', 'Perso je prends ma caisse et je passe chercher Nico Bel chez lui, il me reste 2/3 places pour co voiturer faites le moi savoir  <!-- s:roll: --><img src="{SMILIES_PATH}/icon_rolleyes.gif" alt=":roll:" title="Roule des yeux" /><!-- s:roll: -->', 'a8b9ad370c6044fff70cb2aa519b592f', 0, '', 'y27su6kq', 1, 0, '', 0, 0, 0),
(26, 6, 9, 56, 0, '109.215.17.108', 1379390451, 1, 0, 1, 1, 1, 1, '', 'Re: Covoiturage Match ste terre', 'On est 3 de guîtres, Juju Ghis et moi, ça rentre dans gégé ça!!!!!!', '1f3df9ad531d9b2ae385af5b148db762', 0, '', '3baecg93', 1, 0, '', 0, 0, 0),
(27, 6, 9, 55, 0, '78.112.211.211', 1379516606, 1, 0, 1, 1, 1, 1, '', 'Re: Covoiturage Match ste terre', 'Salut, j''ai un petit problème de dos, je ne sais pas si je vais pouvoir venir jouer....\n\nJ''ai un rendez vous avec un ostéo demain soir, je vous tiens au courant  <!-- s:( --><img src="{SMILIES_PATH}/icon_e_sad.gif" alt=":(" title="Triste" /><!-- s:( -->', '04975c9fe71968ba084feaf2f774ce8d', 0, '', '2ew58d1f', 1, 0, '', 0, 0, 0),
(28, 6, 9, 65, 0, '86.217.143.49', 1379533293, 1, 0, 1, 1, 1, 1, '', 'Re: Covoiturage Match ste terre', 'françois, pourrait on ajouter une rubrique co-voiturage avec :\nqui vient?\nd''ou on part?\nqui a une voiture, conduit?\nà + \nghislain', '1487a0ef106d9d8fa6f652156a2c0b6c', 0, '', '2byo2d9v', 1, 0, '', 0, 0, 0),
(29, 5, 9, 65, 0, '86.217.143.49', 1379533366, 1, 0, 1, 1, 1, 1, '', 'Re: age exigé pour recrue ?', 'il ne pourra être accepté par les autres équipes; challenge réservé aux + de 35 ans', 'fe8b3d598c1e09e7a8d634c13428d7e3', 0, '', '2i7qd5k5', 1, 0, '', 0, 0, 0),
(30, 7, 9, 65, 0, '86.217.143.49', 1379533488, 1, 0, 1, 1, 1, 1, '', 'Apéro', 'si quelqu''un se rend en Espagne, il est invité à faire le plein.', '2797091aa9cb572121f8cdb1e9bde01c', 0, '', 'frzu1vmq', 1, 0, '', 0, 0, 0),
(31, 6, 9, 54, 0, '212.194.177.22', 1379537823, 1, 0, 1, 1, 1, 1, '', 'Re: Covoiturage Match ste terre', 'On avait prévu de mettre le covoiturage dans cette rubrique avant match.\nOn peut créer une nouvelle rubrique si vous le souhaitez, uniquement réservée pour le covoiturage.', '3ac2c5c3946ccc3fb13cf8126046435d', 0, '', '478trnfw', 1, 0, '', 0, 0, 0),
(32, 8, 9, 59, 0, '90.60.103.71', 1379856405, 1, 0, 1, 1, 1, 1, '', 'MATCH DU  VENDREDI 27 SEPT  A CARBON BLANC', 'LE MATCH DE VENDREDI SE JOUE A CARBON BLANC ET NON A CHAMADELLE', 'c5820d06815f1f7735e22937636c1d67', 0, '', '25m8adz1', 1, 0, '', 0, 0, 0),
(34, 11, 9, 2, 0, '212.194.177.22', 1379969127, 1, 0, 1, 1, 1, 1, '', 'Déplacement Carbon Blanc', 'On organise un départ de Guîtres - St Denis; départ à 19H30-19h45\nQui s''inscrit?\nlenine', '9fedcf9e60fe17c0133d15627064ca2d', 0, '', '2wyrfx9u', 1, 0, '', 0, 0, 0),
(35, 13, 9, 2, 0, '212.194.177.22', 1379969440, 1, 0, 1, 1, 1, 1, '', 'SORTIE SKI', 'Comme la saison précédente, une sortie ski peut encore être envisageable, surtout qu''il reste encore du Lou Gascoun !\nCette fois ci on s''y prend un peu plutôt afin de ne pas se retrouver à 5 à vider 6 caisses de vins !!\n\nIndiquer ici si cela vous intéresse, à combien et pour quand ?', 'bb6d958239dbc7bfac1dd3b963ad966b', 0, '', '2tyl1ssq', 1, 0, '', 0, 0, 0),
(36, 11, 9, 58, 0, '195.25.239.98', 1380032740, 1, 0, 1, 1, 1, 1, '', 'Re: Déplacement Carbon Blanc', 'Je suis partant pour le covoiturage.', '51f89f0b0d9f9ba5f119f037abeedded', 0, '', '3q1fd6nl', 1, 0, '', 0, 0, 0),
(37, 11, 9, 55, 0, '109.12.84.248', 1380045723, 1, 0, 1, 1, 1, 1, '', 'Re: Déplacement Carbon Blanc', 'Idem je suis partant de St Denis', 'b402c7642391136a3ae1f3b751b49f74', 0, '', '3r9n5xs6', 1, 0, '', 0, 0, 0),
(38, 13, 9, 55, 0, '109.12.84.248', 1380045783, 1, 0, 1, 1, 1, 1, '', 'Re: SORTIE SKI', 'Je suis intéressé, je viendrai tout seul et je m''adapte à la date...', 'db8cd70d057445d43a8bd22bf10bdbc1', 0, '', '26pqrelt', 1, 0, '', 0, 0, 0),
(39, 13, 9, 56, 0, '92.156.8.65', 1380049568, 1, 0, 1, 1, 1, 1, '', 'Re: SORTIE SKI', 'Pour ceux qui veulent prendre des leçons de ski, de vitesse (hein mon Cyrille), venez, je serai là à priori (je m''adapte à la date comme Gégé)', '42611b728147b7a2b7fe714897080dd5', 0, '', '3hokt38x', 1, 0, '', 0, 0, 0),
(40, 11, 9, 63, 0, '78.115.122.189', 1380121583, 1, 0, 1, 1, 1, 1, '', 'Re: Déplacement Carbon Blanc', 'Idem, je suis partant pour le covoiturage.', '011798b6f127ffde2b311230b8eaa22f', 0, '', 'rwfkuzhz', 1, 0, '', 0, 0, 0),
(41, 13, 9, 65, 0, '86.217.201.130', 1380217153, 1, 0, 1, 1, 1, 1, '', 'Re: SORTIE SKI', 'Nous on peut être 3, cela dépend de la date; il faut qu''on jongle avec les astreintes de marianne', '13c8c3cfbcfb6bc50cf02cc7237a4c43', 0, '', '1de6cvjr', 1, 0, '', 0, 0, 0),
(42, 14, 9, 54, 0, '212.194.177.22', 1380222204, 1, 0, 1, 1, 1, 1, '', 'SORTIE SKI', 'Comme la saison précédente, une sortie ski peut encore être envisageable, surtout qu''il reste encore du Lou Gascoun  <!-- s:lol: --><img src="{SMILIES_PATH}/icon_lol.gif" alt=":lol:" title="Rieur" /><!-- s:lol: --> \n\nCette fois ci on s''y prend un peu plutôt afin de ne pas se retrouver à 5 à vider 6 caisses de vins !! Indiquer ici si cela vous intéresse, à combien et pour quand ?', 'ee85bc3e94a3673b06828156f02c0f86', 0, '', '1tudpfhq', 1, 0, '', 0, 0, 0),
(43, 14, 9, 61, 0, '93.21.248.24', 1380480442, 1, 0, 1, 1, 1, 1, '', 'Re: SORTIE SKI', 'Je suis partant pour le ski bien entendu !', '1fea369ffd30dba7e66de64c1e0cffb7', 0, '', '2s6t0ldu', 1, 0, '', 0, 0, 0),
(44, 14, 9, 63, 0, '78.115.105.215', 1380733918, 1, 0, 1, 1, 1, 1, '', 'Re: SORTIE SKI', 'Nous serons 3!!', 'fbf16351725a900d0cb626c9d508e9cc', 0, '', 'my9ckx95', 1, 0, '', 0, 0, 0),
(45, 14, 9, 54, 0, '212.194.177.22', 1380737196, 1, 0, 1, 1, 1, 1, '', 'Re: SORTIE SKI', 'Je pense que de mon côté on sera 3 voir 4 mais avec 2 ou 3 enfants.', '77a229e18c14a860cb54d86c6bb30a5f', 0, '', '26437flm', 1, 0, '', 0, 0, 0),
(46, 15, 9, 54, 0, '212.194.177.22', 1380828939, 1, 0, 1, 1, 1, 1, '', 'Meilleur Buteur', 'Afin de motiver Dédé à jouer devant je lance ici un classement des meilleurs buteurs de l''équipe.\nChaque semaine on mettra à jour ce sujet.\n\nCLASSEMENT  au 3/10/2013 :\n\n- JP 1 match : 1 but', '8c5ab3a1ba257564496f63c4ca3bb4c6', 0, '', '1xp8jwwh', 1, 0, '', 0, 0, 0),
(47, 16, 9, 54, 0, '212.194.177.22', 1380830491, 1, 0, 1, 1, 1, 1, '', 'Le bon coin', 'Oyé Oyé !\n\nOn a toujours besoin d''un petit coup de main,d''outils ou de conseils. Alors je vous propose d''étaler ici tous vos talents ou équipements qui pourraient être utiles aux uns ou aux autres.\n\n- François ROLLAND : \n                     . je sais pousser les brouettes. Donne coup de main si prévenu à l''avance\n                     . je sais faire évoluer les consoles wii\n                     . si vous avez perdu des données informatique je peux essayer de les récupérer\n                     . possède une ponceuse, une scie circulaire, niveau laser plutôt pour intérieur', 'd6eb64776628e2a55ed26f9e5f03b9be', 0, '', '3e8wuk5i', 1, 0, '', 0, 0, 0),
(48, 17, 9, 55, 0, '93.4.88.57', 1387730817, 1, 0, 1, 1, 1, 1, '', 'Bonne fin d''année à tous !!', 'Salut les footeux, tout est contenu dans le tire, je vous souhaite une bonne fin d''année à tous et mes meilleurs voeux pour 2014.\nJ''espère que le père Noël m''apportera les même chaussures que Dédé  <!-- s:D --><img src="{SMILIES_PATH}/icon_e_biggrin.gif" alt=":D" title="Heureux" /><!-- s:D -->', '229edb51039f929f27c33c4b50864834', 0, '', '3d2w3klg', 1, 0, '', 0, 0, 0),
(49, 18, 6, 54, 0, '212.194.177.22', 1389561096, 1, 0, 1, 1, 1, 1, '', 'REPAS DU 7 FEVRIER', 'Salut à tous,\n\nCe n''''est pas une nouveauté mais on projette de partager un bon petit moment gastronomique autour d''une raclette (pas celle du vestiaire après le match  <!-- s:lol: --><img src="{SMILIES_PATH}/icon_lol.gif" alt=":lol:" title="Rieur" /><!-- s:lol: --> ) le vendredi 7 février.\nLe match contre salleboeuf (portent bien leur nom eux  <!-- s:twisted: --><img src="{SMILIES_PATH}/icon_twisted.gif" alt=":twisted:" title="Diabolique et souriant" /><!-- s:twisted: --> ) serait donc annulé.\n\nAussi certains ont évoqué l''idée de faire ce repas le samedi 8.\n\nDonc merci d''écrire ici qui vient et à quelle(s) date(s).\n\nParticipants aux repas :\n\n- François ROLLAND (7 ou 8)', '0c5b6daf8c29d22f02a6f487a3a94859', 0, '', '1crkme7n', 1, 0, '', 0, 0, 0),
(50, 18, 6, 58, 0, '195.25.239.98', 1389598489, 1, 0, 1, 1, 1, 1, '', 'Re: REPAS DU 7 FEVRIER', 'Bonjour à tous,\n\nJe suis partant pour une soirée raclette, plutôt le 7 pour ma part.\n\n++\n\nJulien', '1d57d7425b6ed436a17db3357a17f69c', 0, '', '1x74vlae', 1, 0, '', 0, 0, 0),
(51, 18, 6, 63, 0, '88.139.201.242', 1389636572, 1, 0, 1, 1, 1, 1, '', 'Re: REPAS DU 7 FEVRIER', 'Bonjour à tous\nPour moi 7 ou 8.\nBonne semaine.', 'ddcea2261e4e803ea2eb02a20a02886b', 0, '', '1he1kb8p', 1, 0, '', 0, 0, 0),
(52, 18, 6, 55, 0, '78.112.209.164', 1389639962, 1, 0, 1, 1, 1, 1, '', 'Re: REPAS DU 7 FEVRIER', 'Salut les gars, pour ma part je suis plutot dispo le 7 d''autant plus que salleboeuf on voulait plus trop les jouer...', '4d7a046d97e4e6dd306173a754e9a497', 0, '', '1kpv726z', 1, 0, '', 0, 0, 0),
(53, 18, 6, 54, 0, '212.194.177.22', 1389643455, 1, 0, 1, 1, 1, 1, '', 'Re: REPAS DU 7 FEVRIER', 'Participants aux repas :\n\n- François ROLLAND (7 ou 8)\n- Gégé (7)\n- Nicolas (7 ou 8)\n- Julien (7)', 'f2b4688b30c13a990105a1da42e18ef2', 0, '', '22ql1cj0', 1, 0, '', 0, 0, 0),
(54, 18, 6, 56, 0, '109.222.175.13', 1389644415, 1, 0, 1, 1, 1, 1, '', 'Re: REPAS DU 7 FEVRIER', 'moi le 7 ou le 8, mais comme disait Gégé, &quot;y sont un peu con non à Salleboeuf ?&quot; alors si on peut éviter...', '48c94fe839905e8733c60bf78469a93e', 0, '', 'erkpolwf', 1, 0, '', 0, 0, 0),
(55, 18, 6, 54, 0, '212.194.177.22', 1389650495, 1, 0, 1, 1, 1, 1, '', 'Re: REPAS DU 7 FEVRIER', 'Il faut copier ce message à chaque réponse et ajouter la sienne  <!-- s:shock: --><img src="{SMILIES_PATH}/icon_eek.gif" alt=":shock:" title="Scandalisé" /><!-- s:shock: -->  chcrenenieu\n\nParticipants aux repas :\n\n- François ROLLAND (7 ou 8)\n- Gégé (7)\n- Nicolas (7 ou 8)\n- Julien (7)\n- Christophe G. (7 ou 8)', 'df2b8c6ac3695da9238bcf5193a1d12b', 0, '', '1r3vfe5j', 1, 0, '', 0, 0, 0),
(56, 18, 6, 65, 0, '92.146.11.72', 1389738373, 1, 0, 1, 1, 1, 1, '', 'Re: REPAS DU 7 FEVRIER', 'ok pour le 7 mais le 8 je suis là aussi!\nà vendredi', 'f1630feafb69513847309ccb727af398', 0, '', '2u0lszyo', 1, 0, '', 0, 0, 0),
(57, 18, 6, 54, 0, '212.51.165.198', 1389795929, 1, 0, 1, 1, 1, 1, '', 'Re: REPAS DU 7 FEVRIER', 'Arrrg !\nToujours pas compris  <!-- s:( --><img src="{SMILIES_PATH}/icon_e_sad.gif" alt=":(" title="Triste" /><!-- s:( --> \n\nParticipants aux repas :\n\n- François ROLLAND (7 ou 8)\n- Gégé (7)\n- Nicolas (7 ou 8)\n- Julien (7)\n- Christophe G. (7 ou 8)\n- Lénine (7 ou 8)\n- José (7)', '7036d107cd217b5fbce57f10866b20e2', 0, '', 'e9cfs0nm', 1, 0, '', 0, 0, 0),
(58, 18, 6, 65, 0, '92.146.11.72', 1389816516, 1, 0, 1, 1, 1, 1, '', 'Re: REPAS DU 7 FEVRIER', 'Arrrg !\nToujours pas compris  <!-- s:( --><img src="{SMILIES_PATH}/icon_e_sad.gif" alt=":(" title="Triste" /><!-- s:( --> t''avais qu''à le dire!\n\nParticipants aux repas :\n\n- François ROLLAND (7 ou 8)\n- Gégé (7)\n- Nicolas (7 ou 8)\n- Julien (7)\n- Christophe G. (7 ou 8)\n- Lénine (7 ou 8)\n- José (7)', '3f9f48ea008c6791df8378255d894c03', 0, '', 'yij22p19', 1, 0, '', 0, 0, 0),
(59, 18, 6, 54, 0, '62.212.103.37', 1389893579, 1, 0, 1, 1, 1, 1, '', 'Re: REPAS DU 7 FEVRIER', 'C''est comme sur le terrain, personne ne m''écoute  <!-- s:( --><img src="{SMILIES_PATH}/icon_e_sad.gif" alt=":(" title="Triste" /><!-- s:( -->    <!-- s:lol: --><img src="{SMILIES_PATH}/icon_lol.gif" alt=":lol:" title="Rieur" /><!-- s:lol: --> \n\nmessage plus haut en réponse à Louis Bertignac\n&quot;Il faut copier ce message à chaque réponse et ajouter la sienne  <!-- s:shock: --><img src="{SMILIES_PATH}/icon_eek.gif" alt=":shock:" title="Scandalisé" /><!-- s:shock: --> chcrenenieu&quot;\n\nJe vais peut-être venir jouer, mais pas pour remplacer Cyril !', 'd24a89a53a3b747283d534b0d79c2895', 0, '', 'xkniw95j', 1, 0, '', 0, 0, 0),
(60, 18, 6, 54, 0, '212.194.177.22', 1390337980, 1, 0, 1, 1, 1, 1, '', 'Re: REPAS DU 7 FEVRIER', 'LE REPAS EST FIXE AU VENDREDI 7 FÉVRIER. Une participation de 10€ est demandée, le club complétera  <!-- s:D --><img src="{SMILIES_PATH}/icon_e_biggrin.gif" alt=":D" title="Heureux" /><!-- s:D --> \n\n[quote=&quot;lenine&quot;:3ak23eaa]Arrrg !\nToujours pas compris  <!-- s:( --><img src="{SMILIES_PATH}/icon_e_sad.gif" alt=":(" title="Triste" /><!-- s:( --> t''avais qu''à le dire!\n\nParticipants aux repas :\n\n- François ROLLAND (7 ou 8)\n- Gégé (7)\n- Nicolas (7 ou 8)\n- Julien (7)\n- Christophe G. (7 ou 8)\n- Lénine (7 ou 8)\n- José (7)[/quote:3ak23eaa]', '105b821f849e23afa7688eae4b59e69b', 0, 'gA==', '3ak23eaa', 1, 0, '', 0, 0, 0),
(61, 19, 5, 58, 0, '195.25.239.98', 1392017465, 1, 0, 1, 1, 1, 1, '', 'Saint Valentin', 'Pour le moment on a un couple de Christophe sur le terrain ... et sous les douches ...', 'd4cac2fd3b8e8bde1e0ee82a6fd5ac41', 0, '', '3e3nqodp', 1, 0, '', 0, 0, 0),
(62, 19, 5, 56, 0, '109.215.65.86', 1392069585, 1, 0, 1, 1, 1, 1, '', 'Re: Saint Valentin', 'et encore, moi, j''ai compris que l''autre Christophe valentinait lui, vu qu''il joue avec Valentin!!! Je vais être tout seul sous la douche!!! <!-- s:lol: --><img src="{SMILIES_PATH}/icon_lol.gif" alt=":lol:" title="Rieur" /><!-- s:lol: -->', '135fb98843939db11163a770364a76fb', 0, '', '2ef2piv9', 1, 0, '', 0, 0, 0),
(63, 19, 5, 54, 0, '62.212.107.64', 1392247518, 1, 0, 1, 1, 1, 1, '', 'Re: Saint Valentin', 'Il s''en passe des choses sous les douches  <!-- s:o --><img src="{SMILIES_PATH}/icon_e_surprised.gif" alt=":o" title="Étonné" /><!-- s:o -->', 'ca1b919ef155d0620370baf5fc2956e9', 0, '', '3nu5lw01', 1, 0, '', 0, 0, 0),
(64, 19, 5, 55, 0, '78.112.23.104', 1392273307, 1, 0, 1, 1, 1, 1, '', 'Re: Saint Valentin', 'Vous allez pas recommencer avec cette histoire de douche, on est pas au ski ahahahahah', '86d8242bb1664595550faff6e052c993', 0, '', '1v18t3ok', 1, 0, '', 0, 0, 0),
(65, 20, 6, 54, 0, '212.194.177.22', 1400439988, 1, 0, 1, 1, 1, 1, '', 'Repas de fin de saison', 'bonjour a tous\n \nla fin de la saison approche et il faut donc préparer le repas de fin d année:\n \n3 dates vous sont proposées:15 juin    22juin   29 juin\n \nveuillez vous inscrire avant le 31 mai svp sur chacun des messages créés à cet effet en fonction de la date.\n \nle repas se fera au stade de CHAMADELLE  les conjoints et enfants sont invites', '920de55143da69ca99d1828cbb385682', 0, '', '2sou6ksr', 1, 0, '', 0, 0, 0),
(66, 21, 6, 54, 0, '212.194.177.22', 1400702030, 1, 0, 1, 1, 1, 1, '', 'REPAS Participants pour le 15 juin 2014', 'Si vous êtes partant pour le 15 juin merci de mettre le nom + le nombre en recopiant le message auquel vous répondez afin que l''on ai la liste des personnes sur chaque message.', '25e9902c6e44abf78d5a2effc3526e77', 0, '', 'z09628f8', 1, 0, '', 0, 0, 0),
(67, 22, 6, 54, 0, '212.194.177.22', 1400702065, 1, 0, 1, 1, 1, 1, '', 'REPAS Participants pour le 22 juin 2014', 'Si vous êtes partant pour le 22 juin merci de mettre le nom + le nombre en recopiant le message auquel vous répondez afin que l''on ai la liste des personnes sur chaque message.', '5a64b0e30f3e5bbc4fea3768855292f6', 0, '', '1lwix3n4', 1, 0, '', 0, 0, 0),
(68, 23, 6, 54, 0, '212.194.177.22', 1400702096, 1, 0, 1, 1, 1, 1, '', 'REPAS Participants pour le 29 juin 2014', 'Si vous êtes partant pour le 29 juin merci de mettre le nom + le nombre en recopiant le message auquel vous répondez afin que l''on ai la liste des personnes sur chaque message.', 'b3d7e18e61bca7749e35df5c334d3a5e', 0, '', '2y1ia8pl', 1, 0, '', 0, 0, 0),
(69, 21, 6, 54, 0, '212.194.177.22', 1400702524, 1, 0, 1, 1, 1, 1, '', 'Re: REPAS Participants pour le 15 juin 2014', '[quote=&quot;Papounet&quot;:1i1dv3vq]Si vous êtes partant pour le 15 juin merci de mettre le nom + le nombre en recopiant le message auquel vous répondez afin que l''on ai la liste des personnes sur chaque message.[/quote:1i1dv3vq]\n\n\n- François ROLLAND 1 personne', '9dbb2b4b9d8813a982e2a0ae52cf947b', 0, 'gA==', '1i1dv3vq', 1, 0, '', 0, 0, 0),
(70, 22, 6, 54, 0, '212.194.177.22', 1400702540, 1, 0, 1, 1, 1, 1, '', 'Re: REPAS Participants pour le 22 juin 2014', '[quote=&quot;Papounet&quot;:1ls12phr]Si vous êtes partant pour le 22 juin merci de mettre le nom + le nombre en recopiant le message auquel vous répondez afin que l''on ai la liste des personnes sur chaque message.[/quote:1ls12phr]\n\n\n- François ROLLAND 1 personne', '71ef162840971460e66ed1ff0205b58f', 0, 'gA==', '1ls12phr', 1, 0, '', 0, 0, 0),
(71, 23, 6, 54, 0, '212.194.177.22', 1400702557, 1, 0, 1, 1, 1, 1, '', 'Re: REPAS Participants pour le 29 juin 2014', '[quote=&quot;Papounet&quot;:399muri3]Si vous êtes partant pour le 29 juin merci de mettre le nom + le nombre en recopiant le message auquel vous répondez afin que l''on ai la liste des personnes sur chaque message.[/quote:399muri3]\n\n\n- François ROLLAND 1 personne', 'b0f87ba7090f269b725e4b13b7771f87', 0, 'gA==', '399muri3', 1, 0, '', 0, 0, 0),
(72, 22, 6, 55, 0, '78.127.18.254', 1400736934, 1, 0, 1, 1, 1, 1, '', 'Re: REPAS Participants pour le 22 juin 2014', '[quote=&quot;Papounet&quot;:3fqrcpni][quote=&quot;Papounet&quot;:3fqrcpni]Si vous êtes partant pour le 22 juin merci de mettre le nom + le nombre en recopiant le message auquel vous répondez afin que l''on ai la liste des personnes sur chaque message.[/quote:3fqrcpni]\n\n\n- François ROLLAND 1 personne[/quote:3fqrcpni]\n- Gégé 2 adultes 2 enfants', '22c402b9b1469c70ded9116a5e78e427', 0, 'gA==', '3fqrcpni', 1, 0, '', 0, 0, 0),
(73, 23, 6, 55, 0, '78.127.18.254', 1400736980, 1, 0, 1, 1, 1, 1, '', 'Re: REPAS Participants pour le 29 juin 2014', '[quote=&quot;Papounet&quot;:20evexmk][quote=&quot;Papounet&quot;:20evexmk]Si vous êtes partant pour le 29 juin merci de mettre le nom + le nombre en recopiant le message auquel vous répondez afin que l''on ai la liste des personnes sur chaque message.[/quote:20evexmk]\n\n\n- François ROLLAND 1 personne[/quote:20evexmk]\n- Gégé 2 adultes 2 enfants', 'e1f2c0ff4b5a06673c38a81afab734a4', 0, 'gA==', '20evexmk', 1, 0, '', 0, 0, 0),
(74, 21, 6, 56, 0, '90.60.180.45', 1400775197, 1, 0, 1, 1, 1, 1, '', 'Re: REPAS Participants pour le 15 juin 2014', '[quote=&quot;Papounet&quot;:2ih2aovy][quote=&quot;Papounet&quot;:2ih2aovy]Si vous êtes partant pour le 15 juin merci de mettre le nom + le nombre en recopiant le message auquel vous répondez afin que l''on ai la liste des personnes sur chaque message.[/quote:2ih2aovy]\n\n\n- François ROLLAND 1 personne[/quote:2ih2aovy]\nChristophe Gaud 2 adultes et 1 enfant', '7f2e078bbba0d6b45a9daf782f76a3df', 0, 'gA==', '2ih2aovy', 1, 0, '', 0, 0, 0),
(75, 22, 6, 56, 0, '90.60.180.45', 1400775246, 1, 0, 1, 1, 1, 1, '', 'Re: REPAS Participants pour le 22 juin 2014', '[quote=&quot;Gégé&quot;:1l7gi8xj][quote=&quot;Papounet&quot;:1l7gi8xj][quote=&quot;Papounet&quot;:1l7gi8xj]Si vous êtes partant pour le 22 juin merci de mettre le nom + le nombre en recopiant le message auquel vous répondez afin que l''on ai la liste des personnes sur chaque message.[/quote:1l7gi8xj]\n\n\n- François ROLLAND 1 personne[/quote:1l7gi8xj]\n- Gégé 2 adultes 2 enfants[/quote:1l7gi8xj]\nChristophe Gaud 2 adultes et 1 enfant', '3729e93173be725595b51afd05c6d9f4', 0, 'gA==', '1l7gi8xj', 1, 0, '', 0, 0, 0),
(76, 23, 6, 56, 0, '90.60.180.45', 1400775272, 1, 0, 1, 1, 1, 1, '', 'Re: REPAS Participants pour le 29 juin 2014', '[quote=&quot;Gégé&quot;:3p4hpx8g][quote=&quot;Papounet&quot;:3p4hpx8g][quote=&quot;Papounet&quot;:3p4hpx8g]Si vous êtes partant pour le 29 juin merci de mettre le nom + le nombre en recopiant le message auquel vous répondez afin que l''on ai la liste des personnes sur chaque message.[/quote:3p4hpx8g]\n\n\n- François ROLLAND 1 personne[/quote:3p4hpx8g]\n- Gégé 2 adultes 2 enfants[/quote:3p4hpx8g]\nChristophe Gaud 2 adultes et 1 enfant', 'ce4161fa4e50e23b01048110b1608113', 0, 'gA==', '3p4hpx8g', 1, 0, '', 0, 0, 0),
(77, 21, 6, 61, 0, '93.21.247.65', 1400790355, 1, 0, 1, 1, 1, 1, '', 'Re: REPAS Participants pour le 15 juin 2014', '[quote=&quot;Papounet&quot;:2us2q9t1]Si vous êtes partant pour le 15 juin merci de mettre le nom + le nombre en recopiant le message auquel vous répondez afin que l''on ai la liste des personnes sur chaque message.[/quote:2us2q9t1]\n\n- François ROLLAND 1 personne\n\nChristophe Gaud 2 adultes et 1 enfant\n\nVincent LACOMBE 1 personne', '62fa84d92fde1b2c2a23c05922336158', 0, 'gA==', '2us2q9t1', 1, 0, '', 0, 0, 0),
(78, 22, 6, 61, 0, '93.21.247.65', 1400790751, 1, 0, 1, 1, 1, 1, '', 'Re: REPAS Participants pour le 22 juin 2014', '[quote=&quot;Papounet&quot;:hsrw9svl]Si vous êtes partant pour le 22 juin merci de mettre le nom + le nombre en recopiant le message auquel vous répondez afin que l''on ai la liste des personnes sur chaque message.[/quote:hsrw9svl]\n\n\n- François ROLLAND 1 personne\n\n- Gégé 2 adultes 2 enfants\nChristophe Gaud 2 adultes et 1 enfant\n\nVincent LACOMBE 1 personne', '4306837a152d97fde1764c74e38f18a0', 0, 'gA==', 'hsrw9svl', 1, 0, '', 0, 0, 0),
(79, 23, 6, 58, 0, '195.25.239.98', 1400824735, 1, 0, 1, 1, 1, 1, '', 'Re: REPAS Participants pour le 29 juin 2014', 'Gégé a écrit :\n\n        Papounet a écrit :\n\n            Papounet a écrit :Si vous êtes partant pour le 29 juin merci de mettre le nom + le nombre en recopiant le message auquel vous répondez afin que l''on ai la liste des personnes sur chaque message.\n\n        - François ROLLAND 1 personne\n    - Gégé 2 adultes 2 enfants\n\n\nChristophe Gaud 2 adultes et 1 enfant', 'cec64d1342942587bc6a9bfa95005739', 0, '', 'd2yn2x6u', 1, 0, '', 0, 0, 0),
(80, 23, 6, 58, 0, '195.25.239.98', 1400824783, 1, 0, 1, 1, 1, 1, '', 'Re: REPAS Participants pour le 29 juin 2014', 'Gégé a écrit :\n\n        Papounet a écrit :\n\n            Papounet a écrit :Si vous êtes partant pour le 29 juin merci de mettre le nom + le nombre en recopiant le message auquel vous répondez afin que l''on ai la liste des personnes sur chaque message.\n\n        - François ROLLAND 1 personne\n        - Gégé 2 adultes 2 enfants\n        - Christophe Gaud 2 adultes et 1 enfant\n        - ESTEBENET Julien 2 adultes, 2 enfants', 'f8bc1be681c860c9e3dccfdaa199f800', 0, '', '2tjcz7s0', 1, 0, '', 0, 0, 0),
(81, 21, 6, 54, 0, '212.194.177.22', 1401005275, 1, 0, 1, 1, 1, 1, '', 'Re: REPAS Participants pour le 15 juin 2014', '[quote=&quot;Balles Neuves&quot;:btipyt9f][quote=&quot;Papounet&quot;:btipyt9f]Si vous êtes partant pour le 15 juin merci de mettre le nom + le nombre en recopiant le message auquel vous répondez afin que l''on ai la liste des personnes sur chaque message.[/quote:btipyt9f]\n\n- Christophe Gaud 2 adultes et 1 enfant\n- Vincent LACOMBE 1 personne[/quote:btipyt9f]', '9d9259e9dbf98884ec4545d7c635ec4d', 0, 'gA==', 'btipyt9f', 1, 0, '', 0, 0, 0);

-- --------------------------------------------------------

--
-- Structure de la table `phpbb_privmsgs`
--

CREATE TABLE IF NOT EXISTS `phpbb_privmsgs` (
  `msg_id` mediumint(8) unsigned NOT NULL AUTO_INCREMENT,
  `root_level` mediumint(8) unsigned NOT NULL DEFAULT '0',
  `author_id` mediumint(8) unsigned NOT NULL DEFAULT '0',
  `icon_id` mediumint(8) unsigned NOT NULL DEFAULT '0',
  `author_ip` varchar(40) COLLATE utf8_bin NOT NULL DEFAULT '',
  `message_time` int(11) unsigned NOT NULL DEFAULT '0',
  `enable_bbcode` tinyint(1) unsigned NOT NULL DEFAULT '1',
  `enable_smilies` tinyint(1) unsigned NOT NULL DEFAULT '1',
  `enable_magic_url` tinyint(1) unsigned NOT NULL DEFAULT '1',
  `enable_sig` tinyint(1) unsigned NOT NULL DEFAULT '1',
  `message_subject` varchar(255) COLLATE utf8_bin NOT NULL DEFAULT '',
  `message_text` mediumtext COLLATE utf8_bin NOT NULL,
  `message_edit_reason` varchar(255) COLLATE utf8_bin NOT NULL DEFAULT '',
  `message_edit_user` mediumint(8) unsigned NOT NULL DEFAULT '0',
  `message_attachment` tinyint(1) unsigned NOT NULL DEFAULT '0',
  `bbcode_bitfield` varchar(255) COLLATE utf8_bin NOT NULL DEFAULT '',
  `bbcode_uid` varchar(8) COLLATE utf8_bin NOT NULL DEFAULT '',
  `message_edit_time` int(11) unsigned NOT NULL DEFAULT '0',
  `message_edit_count` smallint(4) unsigned NOT NULL DEFAULT '0',
  `to_address` text COLLATE utf8_bin NOT NULL,
  `bcc_address` text COLLATE utf8_bin NOT NULL,
  `message_reported` tinyint(1) unsigned NOT NULL DEFAULT '0',
  PRIMARY KEY (`msg_id`),
  KEY `author_ip` (`author_ip`),
  KEY `message_time` (`message_time`),
  KEY `author_id` (`author_id`),
  KEY `root_level` (`root_level`)
) ENGINE=InnoDB DEFAULT CHARSET=utf8 COLLATE=utf8_bin AUTO_INCREMENT=1 ;

-- --------------------------------------------------------

--
-- Structure de la table `phpbb_privmsgs_folder`
--

CREATE TABLE IF NOT EXISTS `phpbb_privmsgs_folder` (
  `folder_id` mediumint(8) unsigned NOT NULL AUTO_INCREMENT,
  `user_id` mediumint(8) unsigned NOT NULL DEFAULT '0',
  `folder_name` varchar(255) COLLATE utf8_bin NOT NULL DEFAULT '',
  `pm_count` mediumint(8) unsigned NOT NULL DEFAULT '0',
  PRIMARY KEY (`folder_id`),
  KEY `user_id` (`user_id`)
) ENGINE=InnoDB DEFAULT CHARSET=utf8 COLLATE=utf8_bin AUTO_INCREMENT=1 ;

-- --------------------------------------------------------

--
-- Structure de la table `phpbb_privmsgs_rules`
--

CREATE TABLE IF NOT EXISTS `phpbb_privmsgs_rules` (
  `rule_id` mediumint(8) unsigned NOT NULL AUTO_INCREMENT,
  `user_id` mediumint(8) unsigned NOT NULL DEFAULT '0',
  `rule_check` mediumint(8) unsigned NOT NULL DEFAULT '0',
  `rule_connection` mediumint(8) unsigned NOT NULL DEFAULT '0',
  `rule_string` varchar(255) COLLATE utf8_bin NOT NULL DEFAULT '',
  `rule_user_id` mediumint(8) unsigned NOT NULL DEFAULT '0',
  `rule_group_id` mediumint(8) unsigned NOT NULL DEFAULT '0',
  `rule_action` mediumint(8) unsigned NOT NULL DEFAULT '0',
  `rule_folder_id` int(11) NOT NULL DEFAULT '0',
  PRIMARY KEY (`rule_id`),
  KEY `user_id` (`user_id`)
) ENGINE=InnoDB DEFAULT CHARSET=utf8 COLLATE=utf8_bin AUTO_INCREMENT=1 ;

-- --------------------------------------------------------

--
-- Structure de la table `phpbb_privmsgs_to`
--

CREATE TABLE IF NOT EXISTS `phpbb_privmsgs_to` (
  `msg_id` mediumint(8) unsigned NOT NULL DEFAULT '0',
  `user_id` mediumint(8) unsigned NOT NULL DEFAULT '0',
  `author_id` mediumint(8) unsigned NOT NULL DEFAULT '0',
  `pm_deleted` tinyint(1) unsigned NOT NULL DEFAULT '0',
  `pm_new` tinyint(1) unsigned NOT NULL DEFAULT '1',
  `pm_unread` tinyint(1) unsigned NOT NULL DEFAULT '1',
  `pm_replied` tinyint(1) unsigned NOT NULL DEFAULT '0',
  `pm_marked` tinyint(1) unsigned NOT NULL DEFAULT '0',
  `pm_forwarded` tinyint(1) unsigned NOT NULL DEFAULT '0',
  `folder_id` int(11) NOT NULL DEFAULT '0',
  KEY `msg_id` (`msg_id`),
  KEY `author_id` (`author_id`),
  KEY `usr_flder_id` (`user_id`,`folder_id`)
) ENGINE=InnoDB DEFAULT CHARSET=utf8 COLLATE=utf8_bin;

-- --------------------------------------------------------

--
-- Structure de la table `phpbb_profile_fields`
--

CREATE TABLE IF NOT EXISTS `phpbb_profile_fields` (
  `field_id` mediumint(8) unsigned NOT NULL AUTO_INCREMENT,
  `field_name` varchar(255) COLLATE utf8_bin NOT NULL DEFAULT '',
  `field_type` tinyint(4) NOT NULL DEFAULT '0',
  `field_ident` varchar(20) COLLATE utf8_bin NOT NULL DEFAULT '',
  `field_length` varchar(20) COLLATE utf8_bin NOT NULL DEFAULT '',
  `field_minlen` varchar(255) COLLATE utf8_bin NOT NULL DEFAULT '',
  `field_maxlen` varchar(255) COLLATE utf8_bin NOT NULL DEFAULT '',
  `field_novalue` varchar(255) COLLATE utf8_bin NOT NULL DEFAULT '',
  `field_default_value` varchar(255) COLLATE utf8_bin NOT NULL DEFAULT '',
  `field_validation` varchar(20) COLLATE utf8_bin NOT NULL DEFAULT '',
  `field_required` tinyint(1) unsigned NOT NULL DEFAULT '0',
  `field_show_novalue` tinyint(1) unsigned NOT NULL DEFAULT '0',
  `field_show_on_reg` tinyint(1) unsigned NOT NULL DEFAULT '0',
  `field_show_on_vt` tinyint(1) unsigned NOT NULL DEFAULT '0',
  `field_show_profile` tinyint(1) unsigned NOT NULL DEFAULT '0',
  `field_hide` tinyint(1) unsigned NOT NULL DEFAULT '0',
  `field_no_view` tinyint(1) unsigned NOT NULL DEFAULT '0',
  `field_active` tinyint(1) unsigned NOT NULL DEFAULT '0',
  `field_order` mediumint(8) unsigned NOT NULL DEFAULT '0',
  PRIMARY KEY (`field_id`),
  KEY `fld_type` (`field_type`),
  KEY `fld_ordr` (`field_order`)
) ENGINE=InnoDB DEFAULT CHARSET=utf8 COLLATE=utf8_bin AUTO_INCREMENT=1 ;

-- --------------------------------------------------------

--
-- Structure de la table `phpbb_profile_fields_data`
--

CREATE TABLE IF NOT EXISTS `phpbb_profile_fields_data` (
  `user_id` mediumint(8) unsigned NOT NULL DEFAULT '0',
  PRIMARY KEY (`user_id`)
) ENGINE=InnoDB DEFAULT CHARSET=utf8 COLLATE=utf8_bin;

-- --------------------------------------------------------

--
-- Structure de la table `phpbb_profile_fields_lang`
--

CREATE TABLE IF NOT EXISTS `phpbb_profile_fields_lang` (
  `field_id` mediumint(8) unsigned NOT NULL DEFAULT '0',
  `lang_id` mediumint(8) unsigned NOT NULL DEFAULT '0',
  `option_id` mediumint(8) unsigned NOT NULL DEFAULT '0',
  `field_type` tinyint(4) NOT NULL DEFAULT '0',
  `lang_value` varchar(255) COLLATE utf8_bin NOT NULL DEFAULT '',
  PRIMARY KEY (`field_id`,`lang_id`,`option_id`)
) ENGINE=InnoDB DEFAULT CHARSET=utf8 COLLATE=utf8_bin;

-- --------------------------------------------------------

--
-- Structure de la table `phpbb_profile_lang`
--

CREATE TABLE IF NOT EXISTS `phpbb_profile_lang` (
  `field_id` mediumint(8) unsigned NOT NULL DEFAULT '0',
  `lang_id` mediumint(8) unsigned NOT NULL DEFAULT '0',
  `lang_name` varchar(255) COLLATE utf8_bin NOT NULL DEFAULT '',
  `lang_explain` text COLLATE utf8_bin NOT NULL,
  `lang_default_value` varchar(255) COLLATE utf8_bin NOT NULL DEFAULT '',
  PRIMARY KEY (`field_id`,`lang_id`)
) ENGINE=InnoDB DEFAULT CHARSET=utf8 COLLATE=utf8_bin;

-- --------------------------------------------------------

--
-- Structure de la table `phpbb_ranks`
--

CREATE TABLE IF NOT EXISTS `phpbb_ranks` (
  `rank_id` mediumint(8) unsigned NOT NULL AUTO_INCREMENT,
  `rank_title` varchar(255) COLLATE utf8_bin NOT NULL DEFAULT '',
  `rank_min` mediumint(8) unsigned NOT NULL DEFAULT '0',
  `rank_special` tinyint(1) unsigned NOT NULL DEFAULT '0',
  `rank_image` varchar(255) COLLATE utf8_bin NOT NULL DEFAULT '',
  PRIMARY KEY (`rank_id`)
) ENGINE=InnoDB  DEFAULT CHARSET=utf8 COLLATE=utf8_bin AUTO_INCREMENT=2 ;

--
-- Contenu de la table `phpbb_ranks`
--

INSERT INTO `phpbb_ranks` (`rank_id`, `rank_title`, `rank_min`, `rank_special`, `rank_image`) VALUES
(1, 'Administrateur', 0, 1, '');

-- --------------------------------------------------------

--
-- Structure de la table `phpbb_reports`
--

CREATE TABLE IF NOT EXISTS `phpbb_reports` (
  `report_id` mediumint(8) unsigned NOT NULL AUTO_INCREMENT,
  `reason_id` smallint(4) unsigned NOT NULL DEFAULT '0',
  `post_id` mediumint(8) unsigned NOT NULL DEFAULT '0',
  `pm_id` mediumint(8) unsigned NOT NULL DEFAULT '0',
  `user_id` mediumint(8) unsigned NOT NULL DEFAULT '0',
  `user_notify` tinyint(1) unsigned NOT NULL DEFAULT '0',
  `report_closed` tinyint(1) unsigned NOT NULL DEFAULT '0',
  `report_time` int(11) unsigned NOT NULL DEFAULT '0',
  `report_text` mediumtext COLLATE utf8_bin NOT NULL,
  PRIMARY KEY (`report_id`),
  KEY `post_id` (`post_id`),
  KEY `pm_id` (`pm_id`)
) ENGINE=InnoDB DEFAULT CHARSET=utf8 COLLATE=utf8_bin AUTO_INCREMENT=1 ;

-- --------------------------------------------------------

--
-- Structure de la table `phpbb_reports_reasons`
--

CREATE TABLE IF NOT EXISTS `phpbb_reports_reasons` (
  `reason_id` smallint(4) unsigned NOT NULL AUTO_INCREMENT,
  `reason_title` varchar(255) COLLATE utf8_bin NOT NULL DEFAULT '',
  `reason_description` mediumtext COLLATE utf8_bin NOT NULL,
  `reason_order` smallint(4) unsigned NOT NULL DEFAULT '0',
  PRIMARY KEY (`reason_id`)
) ENGINE=InnoDB  DEFAULT CHARSET=utf8 COLLATE=utf8_bin AUTO_INCREMENT=5 ;

--
-- Contenu de la table `phpbb_reports_reasons`
--

INSERT INTO `phpbb_reports_reasons` (`reason_id`, `reason_title`, `reason_description`, `reason_order`) VALUES
(1, 'warez', 'Le message rapporté contient un ou plusieurs liens dirigeant vers des ressources illégales ou des logiciels piratés.', 1),
(2, 'spam', 'Le message rapporté contient de la publicité visant à promouvoir un site internet ou un produit.', 2),
(3, 'off_topic', 'Le message rapporté est hors-sujet.', 3),
(4, 'other', 'Le message rapporté ne correspond à aucune catégorie, veuillez utiliser le champ d’information complémentaire.', 4);

-- --------------------------------------------------------

--
-- Structure de la table `phpbb_search_results`
--

CREATE TABLE IF NOT EXISTS `phpbb_search_results` (
  `search_key` varchar(32) COLLATE utf8_bin NOT NULL DEFAULT '',
  `search_time` int(11) unsigned NOT NULL DEFAULT '0',
  `search_keywords` mediumtext COLLATE utf8_bin NOT NULL,
  `search_authors` mediumtext COLLATE utf8_bin NOT NULL,
  PRIMARY KEY (`search_key`)
) ENGINE=InnoDB DEFAULT CHARSET=utf8 COLLATE=utf8_bin;

-- --------------------------------------------------------

--
-- Structure de la table `phpbb_search_wordlist`
--

CREATE TABLE IF NOT EXISTS `phpbb_search_wordlist` (
  `word_id` mediumint(8) unsigned NOT NULL AUTO_INCREMENT,
  `word_text` varchar(255) COLLATE utf8_bin NOT NULL DEFAULT '',
  `word_common` tinyint(1) unsigned NOT NULL DEFAULT '0',
  `word_count` mediumint(8) unsigned NOT NULL DEFAULT '0',
  PRIMARY KEY (`word_id`),
  UNIQUE KEY `wrd_txt` (`word_text`),
  KEY `wrd_cnt` (`word_count`)
) ENGINE=InnoDB  DEFAULT CHARSET=utf8 COLLATE=utf8_bin AUTO_INCREMENT=640 ;

--
-- Contenu de la table `phpbb_search_wordlist`
--

INSERT INTO `phpbb_search_wordlist` (`word_id`, `word_text`, `word_common`, `word_count`) VALUES
(1, 'ceci', 0, 1),
(2, 'est', 0, 16),
(3, 'exemple', 0, 1),
(4, 'message', 0, 20),
(5, 'votre', 0, 1),
(6, 'installation', 0, 1),
(7, 'phpbb3', 0, 2),
(8, 'tout', 0, 7),
(9, 'semble', 0, 1),
(10, 'fonctionner', 0, 1),
(11, 'correctement', 0, 1),
(12, 'vous', 0, 29),
(13, 'souhaitez', 0, 2),
(14, 'pouvez', 0, 1),
(15, 'supprimer', 0, 1),
(16, 'continuer', 0, 1),
(17, 'configurer', 0, 1),
(18, 'forum', 0, 2),
(19, 'lors', 0, 1),
(20, 'processus', 0, 1),
(21, 'première', 0, 2),
(22, 'catégorie', 0, 1),
(23, 'premier', 0, 2),
(24, 'ont', 0, 3),
(25, 'été', 0, 3),
(26, 'assignés', 0, 1),
(27, 'ensemble', 0, 2),
(28, 'permissions', 0, 1),
(29, 'relatif', 0, 1),
(30, 'aux', 0, 10),
(31, 'groupes', 0, 1),
(32, 'utilisateurs', 0, 1),
(33, 'que', 0, 28),
(34, 'sont', 0, 5),
(35, 'les', 0, 19),
(36, 'administrateurs', 0, 1),
(37, 'robots', 0, 1),
(38, 'modérateurs', 0, 1),
(39, 'globaux', 0, 1),
(40, 'invités', 0, 1),
(41, 'inscrits', 0, 1),
(42, 'coppa', 0, 1),
(43, 'également', 0, 1),
(44, 'oubliez', 0, 1),
(45, 'pas', 0, 19),
(46, 'assigner', 0, 1),
(47, 'appropriées', 0, 1),
(48, 'tous', 0, 11),
(49, 'sur', 0, 25),
(50, 'chaques', 0, 1),
(51, 'nouvelles', 0, 1),
(52, 'catégories', 0, 1),
(53, 'nouveaux', 0, 1),
(54, 'forums', 0, 1),
(55, 'créez', 0, 1),
(56, 'recommandé', 0, 1),
(57, 'renommer', 0, 1),
(58, 'copier', 0, 3),
(59, 'leurs', 0, 1),
(60, 'chaque', 0, 20),
(61, 'nouvelle', 0, 2),
(62, 'nouveau', 0, 1),
(63, 'leur', 0, 2),
(64, 'création', 0, 1),
(65, 'profitez', 0, 1),
(66, 'bien', 0, 4),
(67, 'bienvenue', 0, 1),
(68, 'relais', 0, 1),
(69, 'francis', 0, 4),
(70, 'repas', 0, 49),
(71, 'debut', 0, 1),
(72, 'saison', 0, 20),
(73, 'vendredi', 0, 9),
(74, 'septembre', 0, 2),
(75, 'eole', 0, 1),
(76, 'prevoir', 0, 1),
(77, 'budget', 0, 1),
(78, 'alentours', 0, 1),
(79, 'des', 0, 30),
(80, 'portant', 0, 1),
(81, 'vin', 0, 1),
(82, 'nous', 0, 7),
(83, 'evoquerons', 0, 1),
(84, 'venir', 0, 5),
(85, 'mais', 0, 11),
(86, 'surtout', 0, 3),
(87, 'celles', 0, 1),
(88, 'passées', 0, 1),
(89, 'rendez', 0, 2),
(90, 'partir', 0, 1),
(91, '20heures', 0, 1),
(92, 'conjoints', 0, 2),
(93, 'bienvenus', 0, 1),
(94, 'besoin', 0, 2),
(95, 'vos', 0, 3),
(96, 'reponses', 0, 1),
(97, 'plus', 0, 5),
(98, 'tard', 0, 1),
(99, 'pour', 0, 66),
(100, 'mardi', 0, 1),
(101, 'bientot', 0, 1),
(102, 'répondre', 0, 3),
(103, 'mail', 0, 0),
(104, 'recopiant', 0, 19),
(105, 'participants', 0, 25),
(106, 'christophe', 0, 21),
(107, 'gaud', 0, 14),
(108, 'lenoir', 0, 6),
(109, 'françois', 0, 28),
(110, 'rolland', 0, 26),
(111, 'début', 0, 10),
(112, 'post', 0, 3),
(113, 'salut', 0, 5),
(114, 'une', 0, 15),
(115, 'commencer', 0, 1),
(116, 'suis', 0, 10),
(117, 'content', 0, 1),
(118, 'être', 0, 8),
(119, 'poster', 0, 2),
(120, 'espère', 0, 2),
(121, 'monde', 0, 1),
(122, 'passé', 0, 1),
(123, 'bonne', 0, 6),
(124, 'vacances', 0, 1),
(125, 'allez', 0, 3),
(126, 'voir', 0, 3),
(127, 'rentrée', 0, 1),
(128, 'super', 0, 2),
(129, 'affuté', 0, 1),
(130, 'fait', 0, 1),
(131, 'régime', 0, 1),
(132, 'hyper', 0, 1),
(133, 'calorifique', 0, 1),
(134, 'base', 0, 1),
(135, 'junk', 0, 1),
(136, 'food', 0, 1),
(137, 'plages', 0, 1),
(138, 'espagnoles', 0, 1),
(139, 'bières', 0, 1),
(140, 'taquet', 0, 1),
(141, 'quelqu', 0, 2),
(142, 'prévu', 0, 2),
(143, 'recruter', 0, 1),
(144, 'serait', 0, 2),
(145, 'mal', 0, 1),
(146, 'indiquer', 0, 3),
(147, 'ici', 0, 7),
(148, 'personne', 0, 16),
(149, 'cette', 0, 5),
(150, 'année', 0, 4),
(151, 'mon', 0, 8),
(152, 'coiffeur', 0, 1),
(153, 'engagé', 0, 1),
(154, 'avec', 0, 12),
(155, 'équipe', 0, 3),
(156, 'guitres', 0, 1),
(157, 'comptais', 0, 1),
(158, 'pourtant', 0, 1),
(159, '2013', 0, 4),
(160, '2014', 0, 20),
(161, 'recrutement', 0, 4),
(162, 'participe', 0, 1),
(163, 'tour', 0, 1),
(164, 'vue', 0, 2),
(165, 'non', 0, 3),
(166, 'part', 0, 5),
(167, 'restau', 0, 1),
(168, 'grom', 0, 5),
(169, 'vincent', 0, 8),
(170, 'julien', 0, 11),
(171, 'hervé', 0, 3),
(172, 'ghislain', 0, 4),
(173, 'eric', 0, 3),
(174, 'abs', 0, 3),
(175, 'cyrille', 0, 4),
(176, 'josé', 0, 6),
(177, 'moi', 0, 10),
(178, 'aura', 0, 2),
(179, 'démo', 0, 3),
(180, 'utilisation', 0, 2),
(181, 'notre', 0, 3),
(182, 'blog', 0, 2),
(183, 'nico', 0, 4),
(184, 'nallet', 0, 2),
(185, 'pourquoi', 0, 1),
(186, 'faudra', 0, 1),
(187, 'connexion', 0, 1),
(188, 'internet', 0, 1),
(189, 'possible', 0, 1),
(190, 'portable', 0, 2),
(191, 'par', 0, 4),
(192, 'contre', 0, 4),
(193, 'emmener', 0, 1),
(194, 'rétro', 0, 1),
(195, 'resto', 0, 1),
(196, 'amène', 0, 1),
(197, 'ordi', 0, 1),
(198, 'portables', 0, 1),
(199, 'bel', 0, 2),
(200, 'dédé', 0, 5),
(201, 'micka', 0, 1),
(202, 'peux', 0, 2),
(203, 'fournir', 0, 1),
(204, 'hotspot', 0, 1),
(205, 'wifi', 0, 1),
(206, 'normalement', 0, 1),
(207, 'match', 0, 17),
(208, 'girondins', 0, 1),
(209, 'psg', 0, 1),
(210, 'avancé', 0, 1),
(211, 'viendrais', 0, 1),
(212, 'ramène', 0, 1),
(213, 'équipement', 0, 1),
(214, 'gardien', 0, 1),
(215, 'frontenac', 0, 4),
(216, 'baah', 0, 1),
(217, 'vas', 0, 1),
(218, 'aller', 0, 1),
(219, 'merde', 0, 1),
(220, 'alors', 0, 3),
(221, 'joue', 0, 4),
(222, 'journée', 0, 1),
(223, 'aussi', 0, 5),
(224, 'zlatan', 0, 1),
(225, 'moins', 0, 1),
(226, 'grand', 0, 2),
(227, 'rapide', 0, 1),
(228, 'qualité', 0, 1),
(229, 'même', 0, 5),
(230, 'autre', 0, 2),
(231, 'payé', 0, 1),
(232, 'centaines', 0, 1),
(233, 'milliers', 0, 1),
(234, 'euros', 0, 1),
(235, 'qui', 0, 11),
(236, 'peut', 0, 11),
(237, 'rêver', 0, 1),
(238, 'donnerai', 0, 1),
(239, 'rond', 0, 1),
(240, 'tripoter', 0, 2),
(241, 'nouille', 0, 2),
(242, 'terrain', 0, 3),
(243, 'oui', 0, 2),
(244, 'fois', 0, 4),
(245, 'vaut', 0, 2),
(246, 'mieux', 0, 2),
(247, 'payer', 0, 2),
(248, 'voire', 0, 2),
(249, 'foot', 0, 2),
(250, 'arrive', 0, 1),
(251, 'temps', 0, 1),
(252, 'marque', 0, 1),
(253, 'buts', 0, 1),
(254, 'contacté', 0, 1),
(255, 'fils', 0, 1),
(256, 'voisin', 0, 1),
(257, 'étant', 0, 1),
(258, 'thierry', 0, 1),
(259, 'desalle', 0, 1),
(260, 'joué', 0, 1),
(261, 'origine', 0, 1),
(262, 'asso', 0, 1),
(263, 'certains', 0, 2),
(264, 'entre', 0, 1),
(265, 'jouer', 0, 7),
(266, 'hic', 0, 1),
(267, 'ans', 0, 3),
(268, 'vient', 0, 3),
(269, 'arrêter', 0, 1),
(270, 'club', 0, 2),
(271, 'signifie', 0, 1),
(272, 'acheter', 0, 1),
(273, 'ses', 0, 1),
(274, 'pieds', 0, 1),
(275, 'magasin', 0, 1),
(276, 'attend', 0, 1),
(277, 'réponse', 0, 3),
(278, 'pensez', 0, 1),
(279, 'merci', 0, 18),
(280, 'avis', 0, 2),
(281, 'rapides', 0, 1),
(282, 'perso', 0, 3),
(283, 'occasionnel', 0, 1),
(284, 'pense', 0, 2),
(285, 'faire', 0, 5),
(286, 'redoute', 0, 1),
(287, 'réaction', 0, 1),
(288, 'adversaires', 0, 1),
(289, 'age', 0, 6),
(290, 'exigé', 0, 6),
(291, 'recrue', 0, 6),
(292, 'ptit', 0, 1),
(293, 'neveu', 0, 1),
(294, 'u15', 0, 1),
(295, 'lormont', 0, 1),
(296, 'dépose', 0, 1),
(297, 'vitesse', 0, 2),
(298, 'pointe', 0, 1),
(299, 'tient', 0, 1),
(300, 'rythme', 0, 1),
(301, 'pendant', 0, 1),
(302, 'deux', 0, 2),
(303, 'marathons', 0, 1),
(304, 'couine', 0, 2),
(305, 'comme', 0, 7),
(306, 'gorets', 0, 2),
(307, 'quand', 0, 4),
(308, 'équipes', 0, 3),
(309, 'face', 0, 1),
(310, 'jeunes', 0, 1),
(311, 'courent', 0, 1),
(312, 'avions', 0, 1),
(313, 'pareil', 0, 1),
(314, 'favorable', 0, 1),
(315, 'âge', 0, 1),
(316, 'importance', 0, 1),
(317, 'benjamin', 0, 2),
(318, 'aurai', 0, 1),
(319, 'encore', 0, 4),
(320, 'collègues', 0, 1),
(321, 'pourraient', 0, 2),
(322, 'sincèrement', 0, 1),
(323, 'corpo', 0, 1),
(324, 'partage', 0, 1),
(325, 'gégé', 0, 16),
(326, 'plaisir', 0, 1),
(327, 'revoir', 0, 1),
(328, 'toute', 0, 1),
(329, 'troupe', 0, 1),
(330, 'excellent', 0, 1),
(331, 'espérant', 0, 1),
(332, 'soit', 0, 1),
(333, 'nombreux', 0, 1),
(334, 'rectangle', 0, 1),
(335, 'vert', 0, 1),
(336, 'autour', 0, 2),
(337, 'table', 0, 1),
(338, 'essaie', 0, 1),
(339, 'publier', 0, 1),
(340, 'photos', 0, 1),
(341, 'belles', 0, 1),
(342, 'têtes', 0, 2),
(343, 'vainqueur', 0, 1),
(344, 'voilà', 0, 1),
(345, 'vainqueurs', 0, 1),
(346, 'http', 0, 1),
(347, 'imageshack', 0, 1),
(348, 'scaled', 0, 1),
(349, 'thumb', 0, 1),
(350, '716', 0, 1),
(351, '7ilu', 0, 1),
(352, 'jpg', 0, 1),
(353, 'nmdk', 0, 1),
(354, '2ux5', 0, 1),
(355, '5ak7', 0, 1),
(356, 'size', 0, 1),
(357, '150', 0, 1),
(358, 'rappel', 0, 1),
(359, 'challenge', 0, 2),
(360, 'fixe', 0, 2),
(361, 'règles', 0, 1),
(362, 'correspondants', 0, 1),
(363, 'différentes', 0, 1),
(364, 'admis', 0, 1),
(365, 'joueurs', 0, 1),
(366, 'toi', 0, 1),
(367, 'mangé', 0, 1),
(368, 'goret', 0, 1),
(369, 'couines', 0, 1),
(370, 'assiette', 0, 1),
(371, 'vide', 0, 1),
(372, 'remarque', 0, 1),
(373, 'sera', 0, 2),
(374, 'jamais', 0, 1),
(375, 'pire', 0, 1),
(376, 'ceux', 0, 2),
(377, 'souhaitent', 0, 1),
(378, 'covoiturer', 0, 1),
(379, 'peuvent', 0, 1),
(380, 'viens', 0, 1),
(381, 'reste', 0, 4),
(382, 'manger', 0, 1),
(383, 'covoiturage', 0, 9),
(384, 'ste', 0, 6),
(385, 'terre', 0, 6),
(386, 'cliquer', 0, 1),
(387, 'image', 0, 1),
(388, 'agrandir', 0, 1),
(389, 'prends', 0, 1),
(390, 'caisse', 0, 1),
(391, 'passe', 0, 2),
(392, 'chercher', 0, 1),
(393, 'chez', 0, 1),
(394, 'lui', 0, 2),
(395, 'places', 0, 1),
(396, 'voiturer', 0, 1),
(397, 'faites', 0, 1),
(398, 'savoir', 0, 1),
(399, 'guîtres', 0, 2),
(400, 'juju', 0, 1),
(401, 'ghis', 0, 1),
(402, 'rentre', 0, 1),
(403, 'dans', 0, 3),
(404, 'petit', 0, 3),
(405, 'problème', 0, 1),
(406, 'dos', 0, 1),
(407, 'sais', 0, 2),
(408, 'vais', 0, 3),
(409, 'pouvoir', 0, 1),
(410, 'ostéo', 0, 1),
(411, 'demain', 0, 1),
(412, 'soir', 0, 1),
(413, 'tiens', 0, 1),
(414, 'courant', 0, 1),
(415, 'pourrait', 0, 1),
(416, 'ajouter', 0, 3),
(417, 'rubrique', 0, 2),
(418, 'voiturage', 0, 1),
(419, 'voiture', 0, 1),
(420, 'conduit', 0, 1),
(421, 'pourra', 0, 1),
(422, 'accepté', 0, 1),
(423, 'autres', 0, 2),
(424, 'réservé', 0, 1),
(425, 'rend', 0, 1),
(426, 'espagne', 0, 1),
(427, 'invité', 0, 1),
(428, 'plein', 0, 1),
(429, 'apéro', 0, 1),
(430, 'avait', 0, 1),
(431, 'mettre', 0, 17),
(432, 'avant', 0, 2),
(433, 'créer', 0, 1),
(434, 'uniquement', 0, 1),
(435, 'réservée', 0, 1),
(436, 'carbon', 0, 6),
(437, 'blanc', 0, 6),
(438, 'chamadelle', 0, 2),
(439, 'sept', 0, 1),
(440, 'organise', 0, 1),
(441, 'départ', 0, 1),
(442, 'denis', 0, 2),
(443, '19h30', 0, 1),
(444, '19h45', 0, 1),
(445, 'inscrit', 0, 1),
(446, 'lenine', 0, 1),
(447, 'déplacement', 0, 4),
(448, 'précédente', 0, 2),
(449, 'sortie', 0, 10),
(450, 'ski', 0, 13),
(451, 'envisageable', 0, 2),
(452, 'lou', 0, 2),
(453, 'gascoun', 0, 2),
(454, 'prend', 0, 2),
(455, 'peu', 0, 3),
(456, 'plutôt', 0, 4),
(457, 'afin', 0, 19),
(458, 'retrouver', 0, 2),
(459, 'vider', 0, 2),
(460, 'caisses', 0, 2),
(461, 'vins', 0, 2),
(462, 'cela', 0, 3),
(463, 'intéresse', 0, 2),
(464, 'combien', 0, 2),
(465, 'partant', 0, 21),
(466, 'idem', 0, 2),
(467, 'intéressé', 0, 1),
(468, 'viendrai', 0, 1),
(469, 'seul', 0, 2),
(470, 'adapte', 0, 2),
(471, 'date', 0, 5),
(472, 'veulent', 0, 1),
(473, 'prendre', 0, 1),
(474, 'leçons', 0, 1),
(475, 'hein', 0, 1),
(476, 'venez', 0, 1),
(477, 'serai', 0, 1),
(478, 'priori', 0, 1),
(479, 'dépend', 0, 1),
(480, 'faut', 0, 4),
(481, 'jongle', 0, 1),
(482, 'astreintes', 0, 1),
(483, 'marianne', 0, 1),
(484, 'entendu', 0, 1),
(485, 'serons', 0, 1),
(486, 'côté', 0, 1),
(487, 'enfants', 0, 9),
(488, 'motiver', 0, 1),
(489, 'devant', 0, 1),
(490, 'lance', 0, 1),
(491, 'classement', 0, 1),
(492, 'meilleurs', 0, 2),
(493, 'buteurs', 0, 1),
(494, 'semaine', 0, 2),
(495, 'mettra', 0, 1),
(496, 'jour', 0, 1),
(497, 'sujet', 0, 1),
(498, 'but', 0, 1),
(499, 'meilleur', 0, 1),
(500, 'buteur', 0, 1),
(501, 'oyé', 0, 1),
(502, 'toujours', 0, 4),
(503, 'coup', 0, 1),
(504, 'main', 0, 1),
(505, 'outils', 0, 1),
(506, 'conseils', 0, 1),
(507, 'propose', 0, 1),
(508, 'étaler', 0, 1),
(509, 'talents', 0, 1),
(510, 'équipements', 0, 1),
(511, 'utiles', 0, 1),
(512, 'uns', 0, 1),
(513, 'pousser', 0, 1),
(514, 'brouettes', 0, 1),
(515, 'donne', 0, 1),
(516, 'prévenu', 0, 1),
(517, 'avance', 0, 1),
(518, 'évoluer', 0, 1),
(519, 'consoles', 0, 1),
(520, 'wii', 0, 1),
(521, 'avez', 0, 1),
(522, 'perdu', 0, 1),
(523, 'données', 0, 1),
(524, 'informatique', 0, 1),
(525, 'essayer', 0, 1),
(526, 'récupérer', 0, 1),
(527, 'possède', 0, 1),
(528, 'ponceuse', 0, 1),
(529, 'scie', 0, 1),
(530, 'circulaire', 0, 1),
(531, 'niveau', 0, 1),
(532, 'laser', 0, 1),
(533, 'intérieur', 0, 1),
(534, 'bon', 0, 2),
(535, 'coin', 0, 1),
(536, 'footeux', 0, 1),
(537, 'contenu', 0, 1),
(538, 'tire', 0, 1),
(539, 'souhaite', 0, 1),
(540, 'fin', 0, 4),
(541, 'mes', 0, 1),
(542, 'voeux', 0, 1),
(543, 'père', 0, 1),
(544, 'noël', 0, 1),
(545, 'apportera', 0, 1),
(546, 'chaussures', 0, 1),
(547, 'nouveauté', 0, 1),
(548, 'projette', 0, 1),
(549, 'partager', 0, 1),
(550, 'moment', 0, 2),
(551, 'gastronomique', 0, 1),
(552, 'raclette', 0, 2),
(553, 'celle', 0, 1),
(554, 'vestiaire', 0, 1),
(555, 'après', 0, 1),
(556, 'février', 0, 2),
(557, 'salleboeuf', 0, 3),
(558, 'porte', 0, 0),
(559, 'nom', 0, 17),
(560, 'eux', 0, 1),
(561, 'donc', 0, 2),
(562, 'annulé', 0, 1),
(563, 'évoqué', 0, 1),
(564, 'idée', 0, 1),
(565, 'samedi', 0, 1),
(566, 'écrire', 0, 1),
(567, 'quelle', 0, 1),
(568, 'fevrier', 0, 12),
(569, 'portent', 0, 1),
(570, 'bonjour', 0, 3),
(571, 'soirée', 0, 1),
(572, 'gars', 0, 1),
(573, 'plutot', 0, 1),
(574, 'dispo', 0, 1),
(575, 'autant', 0, 1),
(576, 'voulait', 0, 1),
(577, 'trop', 0, 1),
(578, 'nicolas', 0, 5),
(579, 'disait', 0, 1),
(580, 'con', 0, 1),
(581, 'éviter', 0, 1),
(582, 'sienne', 0, 2),
(583, 'chcrenenieu', 0, 2),
(584, 'arrrg', 0, 3),
(585, 'compris', 0, 4),
(586, 'lénine', 0, 3),
(587, 'avais', 0, 2),
(588, 'dire', 0, 2),
(589, 'écoute', 0, 1),
(590, 'haut', 0, 1),
(591, 'louis', 0, 1),
(592, 'bertignac', 0, 1),
(593, 'remplacer', 0, 1),
(594, 'cyril', 0, 1),
(595, 'participation', 0, 1),
(596, 'demandée', 0, 1),
(597, 'complétera', 0, 1),
(598, 'couple', 0, 1),
(599, 'sous', 0, 3),
(600, 'douches', 0, 2),
(601, 'saint', 0, 4),
(602, 'valentin', 0, 5),
(603, 'valentinait', 0, 1),
(604, 'douche', 0, 2),
(605, 'choses', 0, 1),
(606, 'recommencer', 0, 1),
(607, 'histoire', 0, 1),
(608, 'ahahahahah', 0, 1),
(609, 'approche', 0, 1),
(610, 'préparer', 0, 1),
(611, 'dates', 0, 1),
(612, 'proposées', 0, 1),
(613, 'juin', 0, 33),
(614, '22juin', 0, 1),
(615, 'veuillez', 0, 1),
(616, 'inscrire', 0, 1),
(617, 'mai', 0, 1),
(618, 'svp', 0, 1),
(619, 'fera', 0, 1),
(620, 'stade', 0, 1),
(621, 'invites', 0, 1),
(622, 'chacun', 0, 1),
(623, 'messages', 0, 1),
(624, 'créés', 0, 1),
(625, 'cet', 0, 1),
(626, 'effet', 0, 1),
(627, 'fonction', 0, 1),
(628, 'êtes', 0, 16),
(629, 'nombre', 0, 16),
(630, 'auquel', 0, 16),
(631, 'répondez', 0, 16),
(632, 'liste', 0, 16),
(633, 'personnes', 0, 16),
(634, 'adultes', 0, 10),
(635, 'enfant', 0, 8),
(636, 'lacombe', 0, 3),
(637, 'écrit', 0, 2),
(638, 'papounet', 0, 2),
(639, 'estebenet', 0, 1);

-- --------------------------------------------------------

--
-- Structure de la table `phpbb_search_wordmatch`
--

CREATE TABLE IF NOT EXISTS `phpbb_search_wordmatch` (
  `post_id` mediumint(8) unsigned NOT NULL DEFAULT '0',
  `word_id` mediumint(8) unsigned NOT NULL DEFAULT '0',
  `title_match` tinyint(1) unsigned NOT NULL DEFAULT '0',
  UNIQUE KEY `unq_mtch` (`word_id`,`post_id`,`title_match`),
  KEY `word_id` (`word_id`),
  KEY `post_id` (`post_id`)
) ENGINE=InnoDB DEFAULT CHARSET=utf8 COLLATE=utf8_bin;

--
-- Contenu de la table `phpbb_search_wordmatch`
--

INSERT INTO `phpbb_search_wordmatch` (`post_id`, `word_id`, `title_match`) VALUES
(1, 1, 0),
(1, 2, 0),
(3, 2, 0),
(8, 2, 0),
(10, 2, 0),
(16, 2, 0),
(18, 2, 0),
(21, 2, 0),
(22, 2, 0),
(26, 2, 0),
(30, 2, 0),
(48, 2, 0),
(49, 2, 0),
(59, 2, 0),
(60, 2, 0),
(64, 2, 0),
(1, 3, 0),
(1, 4, 0),
(2, 4, 0),
(55, 4, 0),
(59, 4, 0),
(66, 4, 0),
(67, 4, 0),
(68, 4, 0),
(69, 4, 0),
(70, 4, 0),
(71, 4, 0),
(72, 4, 0),
(73, 4, 0),
(74, 4, 0),
(75, 4, 0),
(76, 4, 0),
(77, 4, 0),
(78, 4, 0),
(79, 4, 0),
(80, 4, 0),
(81, 4, 0),
(1, 5, 0),
(1, 6, 0),
(1, 7, 0),
(1, 7, 1),
(1, 8, 0),
(3, 8, 0),
(13, 8, 0),
(38, 8, 0),
(48, 8, 0),
(62, 8, 0),
(1, 9, 0),
(1, 10, 0),
(1, 11, 0),
(1, 12, 0),
(2, 12, 0),
(3, 12, 0),
(16, 12, 0),
(17, 12, 0),
(27, 12, 0),
(31, 12, 0),
(35, 12, 0),
(42, 12, 0),
(47, 12, 0),
(48, 12, 0),
(64, 12, 0),
(65, 12, 0),
(66, 12, 0),
(67, 12, 0),
(68, 12, 0),
(69, 12, 0),
(70, 12, 0),
(71, 12, 0),
(72, 12, 0),
(73, 12, 0),
(74, 12, 0),
(75, 12, 0),
(76, 12, 0),
(77, 12, 0),
(78, 12, 0),
(79, 12, 0),
(80, 12, 0),
(81, 12, 0),
(1, 13, 0),
(31, 13, 0),
(1, 14, 0),
(1, 15, 0),
(1, 16, 0),
(1, 17, 0),
(1, 18, 0),
(3, 18, 0),
(1, 19, 0),
(1, 20, 0),
(1, 21, 0),
(13, 21, 0),
(1, 22, 0),
(1, 23, 0),
(3, 23, 0),
(1, 24, 0),
(17, 24, 0),
(49, 24, 0),
(1, 25, 0),
(12, 25, 0),
(16, 25, 0),
(1, 26, 0),
(1, 27, 0),
(21, 27, 0),
(1, 28, 0),
(1, 29, 0),
(1, 30, 0),
(2, 30, 0),
(29, 30, 0),
(47, 30, 0),
(49, 30, 0),
(53, 30, 0),
(55, 30, 0),
(57, 30, 0),
(58, 30, 0),
(60, 30, 0),
(1, 31, 0),
(1, 32, 0),
(1, 33, 0),
(3, 33, 0),
(12, 33, 0),
(16, 33, 0),
(18, 33, 0),
(21, 33, 0),
(23, 33, 0),
(45, 33, 0),
(48, 33, 0),
(52, 33, 0),
(62, 33, 0),
(66, 33, 0),
(67, 33, 0),
(68, 33, 0),
(69, 33, 0),
(70, 33, 0),
(71, 33, 0),
(72, 33, 0),
(73, 33, 0),
(74, 33, 0),
(75, 33, 0),
(76, 33, 0),
(77, 33, 0),
(78, 33, 0),
(79, 33, 0),
(80, 33, 0),
(81, 33, 0),
(1, 34, 0),
(2, 34, 0),
(21, 34, 0),
(54, 34, 0),
(65, 34, 0),
(1, 35, 0),
(2, 35, 0),
(3, 35, 0),
(5, 35, 0),
(6, 35, 0),
(9, 35, 0),
(17, 35, 0),
(19, 35, 0),
(20, 35, 0),
(21, 35, 0),
(29, 35, 0),
(41, 35, 0),
(47, 35, 0),
(48, 35, 0),
(52, 35, 0),
(61, 35, 0),
(63, 35, 0),
(65, 35, 0),
(1, 36, 0),
(1, 37, 0),
(1, 38, 0),
(1, 39, 0),
(1, 40, 0),
(1, 41, 0),
(1, 42, 0),
(1, 43, 0),
(1, 44, 0),
(1, 45, 0),
(3, 45, 0),
(9, 45, 0),
(12, 45, 0),
(13, 45, 0),
(16, 45, 0),
(17, 45, 0),
(18, 45, 0),
(21, 45, 0),
(24, 45, 0),
(27, 45, 0),
(35, 45, 0),
(42, 45, 0),
(49, 45, 0),
(57, 45, 0),
(58, 45, 0),
(59, 45, 0),
(60, 45, 0),
(64, 45, 0),
(1, 46, 0),
(1, 47, 0),
(1, 48, 0),
(17, 48, 0),
(19, 48, 0),
(47, 48, 0),
(48, 48, 0),
(48, 48, 1),
(49, 48, 0),
(50, 48, 0),
(51, 48, 0),
(65, 48, 0),
(1, 49, 0),
(1, 49, 1),
(3, 49, 0),
(13, 49, 0),
(19, 49, 0),
(20, 49, 0),
(59, 49, 0),
(61, 49, 0),
(65, 49, 0),
(66, 49, 0),
(67, 49, 0),
(68, 49, 0),
(69, 49, 0),
(70, 49, 0),
(71, 49, 0),
(72, 49, 0),
(73, 49, 0),
(74, 49, 0),
(75, 49, 0),
(76, 49, 0),
(77, 49, 0),
(78, 49, 0),
(79, 49, 0),
(80, 49, 0),
(81, 49, 0),
(1, 50, 0),
(1, 51, 0),
(1, 52, 0),
(1, 53, 0),
(1, 54, 0),
(1, 55, 0),
(1, 56, 0),
(1, 57, 0),
(1, 58, 0),
(55, 58, 0),
(59, 58, 0),
(1, 59, 0),
(1, 60, 0),
(46, 60, 0),
(55, 60, 0),
(59, 60, 0),
(66, 60, 0),
(67, 60, 0),
(68, 60, 0),
(69, 60, 0),
(70, 60, 0),
(71, 60, 0),
(72, 60, 0),
(73, 60, 0),
(74, 60, 0),
(75, 60, 0),
(76, 60, 0),
(77, 60, 0),
(78, 60, 0),
(79, 60, 0),
(80, 60, 0),
(81, 60, 0),
(1, 61, 0),
(31, 61, 0),
(1, 62, 0),
(1, 63, 0),
(49, 63, 0),
(1, 64, 0),
(1, 65, 0),
(1, 66, 0),
(3, 66, 0),
(43, 66, 0),
(49, 66, 0),
(1, 67, 1),
(2, 68, 0),
(2, 69, 0),
(7, 69, 0),
(8, 69, 0),
(10, 69, 0),
(2, 70, 0),
(2, 70, 1),
(5, 70, 1),
(6, 70, 1),
(7, 70, 1),
(8, 70, 1),
(9, 70, 1),
(10, 70, 1),
(11, 70, 1),
(12, 70, 0),
(19, 70, 0),
(19, 70, 1),
(20, 70, 1),
(49, 70, 0),
(49, 70, 1),
(50, 70, 1),
(51, 70, 1),
(52, 70, 1),
(53, 70, 0),
(53, 70, 1),
(54, 70, 1),
(55, 70, 0),
(55, 70, 1),
(56, 70, 1),
(57, 70, 0),
(57, 70, 1),
(58, 70, 0),
(58, 70, 1),
(59, 70, 1),
(60, 70, 0),
(60, 70, 1),
(65, 70, 0),
(65, 70, 1),
(66, 70, 1),
(67, 70, 1),
(68, 70, 1),
(69, 70, 1),
(70, 70, 1),
(71, 70, 1),
(72, 70, 1),
(73, 70, 1),
(74, 70, 1),
(75, 70, 1),
(76, 70, 1),
(77, 70, 1),
(78, 70, 1),
(79, 70, 1),
(80, 70, 1),
(81, 70, 1),
(2, 71, 0),
(2, 72, 0),
(2, 72, 1),
(3, 72, 0),
(3, 72, 1),
(4, 72, 1),
(5, 72, 1),
(6, 72, 1),
(7, 72, 1),
(8, 72, 1),
(9, 72, 1),
(10, 72, 1),
(11, 72, 1),
(19, 72, 0),
(19, 72, 1),
(20, 72, 1),
(21, 72, 1),
(35, 72, 0),
(42, 72, 0),
(65, 72, 0),
(65, 72, 1),
(2, 73, 0),
(8, 73, 0),
(10, 73, 0),
(12, 73, 0),
(32, 73, 0),
(32, 73, 1),
(49, 73, 0),
(56, 73, 0),
(60, 73, 0),
(2, 74, 0),
(4, 74, 0),
(2, 75, 0),
(2, 76, 0),
(2, 77, 0),
(2, 78, 0),
(2, 79, 0),
(12, 79, 0),
(13, 79, 0),
(14, 79, 0),
(15, 79, 0),
(17, 79, 0),
(19, 79, 0),
(21, 79, 0),
(22, 79, 0),
(39, 79, 0),
(46, 79, 0),
(47, 79, 0),
(63, 79, 0),
(65, 79, 0),
(66, 79, 0),
(67, 79, 0),
(68, 79, 0),
(69, 79, 0),
(70, 79, 0),
(71, 79, 0),
(72, 79, 0),
(73, 79, 0),
(74, 79, 0),
(75, 79, 0),
(76, 79, 0),
(77, 79, 0),
(78, 79, 0),
(79, 79, 0),
(80, 79, 0),
(81, 79, 0),
(2, 80, 0),
(2, 81, 0),
(2, 82, 0),
(13, 82, 0),
(16, 82, 0),
(18, 82, 0),
(23, 82, 0),
(41, 82, 0),
(44, 82, 0),
(2, 83, 0),
(2, 84, 0),
(16, 84, 0),
(18, 84, 0),
(27, 84, 0),
(59, 84, 0),
(2, 85, 0),
(13, 85, 0),
(14, 85, 0),
(15, 85, 0),
(16, 85, 0),
(21, 85, 0),
(45, 85, 0),
(49, 85, 0),
(54, 85, 0),
(56, 85, 0),
(59, 85, 0),
(2, 86, 0),
(35, 86, 0),
(42, 86, 0),
(2, 87, 0),
(2, 88, 0),
(2, 89, 0),
(27, 89, 0),
(2, 90, 0),
(2, 91, 0),
(2, 92, 0),
(65, 92, 0),
(2, 93, 0),
(2, 94, 0),
(47, 94, 0),
(2, 95, 0),
(16, 95, 0),
(47, 95, 0),
(2, 96, 0),
(2, 97, 0),
(4, 97, 0),
(13, 97, 0),
(52, 97, 0),
(59, 97, 0),
(2, 98, 0),
(2, 99, 0),
(3, 99, 0),
(4, 99, 0),
(8, 99, 0),
(10, 99, 0),
(13, 99, 0),
(14, 99, 0),
(15, 99, 0),
(16, 99, 0),
(16, 99, 1),
(17, 99, 1),
(18, 99, 1),
(19, 99, 0),
(20, 99, 0),
(21, 99, 0),
(22, 99, 1),
(23, 99, 1),
(25, 99, 0),
(29, 99, 1),
(31, 99, 0),
(35, 99, 0),
(36, 99, 0),
(39, 99, 0),
(40, 99, 0),
(42, 99, 0),
(43, 99, 0),
(47, 99, 0),
(48, 99, 0),
(50, 99, 0),
(51, 99, 0),
(52, 99, 0),
(56, 99, 0),
(59, 99, 0),
(61, 99, 0),
(66, 99, 0),
(66, 99, 1),
(67, 99, 0),
(67, 99, 1),
(68, 99, 0),
(68, 99, 1),
(69, 99, 0),
(69, 99, 1),
(70, 99, 0),
(70, 99, 1),
(71, 99, 0),
(71, 99, 1),
(72, 99, 0),
(72, 99, 1),
(73, 99, 0),
(73, 99, 1),
(74, 99, 0),
(74, 99, 1),
(75, 99, 0),
(75, 99, 1),
(76, 99, 0),
(76, 99, 1),
(77, 99, 0),
(77, 99, 1),
(78, 99, 0),
(78, 99, 1),
(79, 99, 0),
(79, 99, 1),
(80, 99, 0),
(80, 99, 1),
(81, 99, 0),
(81, 99, 1),
(2, 100, 0),
(2, 101, 0),
(2, 102, 0),
(5, 102, 0),
(6, 102, 0),
(2, 104, 0),
(5, 104, 0),
(6, 104, 0),
(66, 104, 0),
(67, 104, 0),
(68, 104, 0),
(69, 104, 0),
(70, 104, 0),
(71, 104, 0),
(72, 104, 0),
(73, 104, 0),
(74, 104, 0),
(75, 104, 0),
(76, 104, 0),
(77, 104, 0),
(78, 104, 0),
(79, 104, 0),
(80, 104, 0),
(81, 104, 0),
(2, 105, 0),
(5, 105, 0),
(6, 105, 0),
(49, 105, 0),
(53, 105, 0),
(55, 105, 0),
(57, 105, 0),
(58, 105, 0),
(60, 105, 0),
(66, 105, 1),
(67, 105, 1),
(68, 105, 1),
(69, 105, 1),
(70, 105, 1),
(71, 105, 1),
(72, 105, 1),
(73, 105, 1),
(74, 105, 1),
(75, 105, 1),
(76, 105, 1),
(77, 105, 1),
(78, 105, 1),
(79, 105, 1),
(80, 105, 1),
(81, 105, 1),
(2, 106, 0),
(5, 106, 0),
(6, 106, 0),
(7, 106, 0),
(8, 106, 0),
(10, 106, 0),
(24, 106, 0),
(55, 106, 0),
(57, 106, 0),
(58, 106, 0),
(60, 106, 0),
(61, 106, 0),
(62, 106, 0),
(74, 106, 0),
(75, 106, 0),
(76, 106, 0),
(77, 106, 0),
(78, 106, 0),
(79, 106, 0),
(80, 106, 0),
(81, 106, 0),
(2, 107, 0),
(5, 107, 0),
(6, 107, 0),
(7, 107, 0),
(8, 107, 0),
(10, 107, 0),
(74, 107, 0),
(75, 107, 0),
(76, 107, 0),
(77, 107, 0),
(78, 107, 0),
(79, 107, 0),
(80, 107, 0),
(81, 107, 0),
(2, 108, 0),
(5, 108, 0),
(6, 108, 0),
(7, 108, 0),
(8, 108, 0),
(10, 108, 0),
(2, 109, 0),
(5, 109, 0),
(6, 109, 0),
(7, 109, 0),
(8, 109, 0),
(10, 109, 0),
(19, 109, 0),
(24, 109, 0),
(28, 109, 0),
(47, 109, 0),
(49, 109, 0),
(53, 109, 0),
(55, 109, 0),
(57, 109, 0),
(58, 109, 0),
(60, 109, 0),
(69, 109, 0),
(70, 109, 0),
(71, 109, 0),
(72, 109, 0),
(73, 109, 0),
(74, 109, 0),
(75, 109, 0),
(76, 109, 0),
(77, 109, 0),
(78, 109, 0),
(79, 109, 0),
(80, 109, 0),
(2, 110, 0),
(5, 110, 0),
(6, 110, 0),
(7, 110, 0),
(8, 110, 0),
(10, 110, 0),
(24, 110, 0),
(47, 110, 0),
(49, 110, 0),
(53, 110, 0),
(55, 110, 0),
(57, 110, 0),
(58, 110, 0),
(60, 110, 0),
(69, 110, 0),
(70, 110, 0),
(71, 110, 0),
(72, 110, 0),
(73, 110, 0),
(74, 110, 0),
(75, 110, 0),
(76, 110, 0),
(77, 110, 0),
(78, 110, 0),
(79, 110, 0),
(80, 110, 0),
(2, 111, 1),
(5, 111, 1),
(6, 111, 1),
(7, 111, 1),
(8, 111, 1),
(9, 111, 1),
(10, 111, 1),
(11, 111, 1),
(19, 111, 1),
(20, 111, 1),
(2, 112, 0),
(5, 112, 0),
(6, 112, 0),
(3, 113, 0),
(27, 113, 0),
(48, 113, 0),
(49, 113, 0),
(52, 113, 0),
(3, 114, 0),
(8, 114, 0),
(9, 114, 0),
(10, 114, 0),
(16, 114, 0),
(18, 114, 0),
(28, 114, 0),
(31, 114, 0),
(35, 114, 0),
(42, 114, 0),
(47, 114, 0),
(48, 114, 0),
(49, 114, 0),
(50, 114, 0),
(60, 114, 0),
(3, 115, 0),
(3, 116, 0),
(17, 116, 0),
(36, 116, 0),
(37, 116, 0),
(38, 116, 0),
(40, 116, 0),
(43, 116, 0),
(50, 116, 0),
(52, 116, 0),
(56, 116, 0),
(3, 117, 0),
(3, 118, 0),
(29, 118, 0),
(35, 118, 0),
(41, 118, 0),
(42, 118, 0),
(47, 118, 0),
(59, 118, 0),
(62, 118, 0),
(3, 119, 0),
(24, 119, 0),
(3, 120, 0),
(48, 120, 0),
(3, 121, 0),
(3, 122, 0),
(3, 123, 0),
(13, 123, 0),
(19, 123, 0),
(48, 123, 0),
(48, 123, 1),
(51, 123, 0),
(3, 124, 0),
(3, 125, 0),
(4, 125, 0),
(64, 125, 0),
(3, 126, 0),
(13, 126, 0),
(45, 126, 0),
(3, 127, 0),
(3, 128, 0),
(16, 128, 0),
(3, 129, 0),
(3, 130, 0),
(3, 131, 0),
(3, 132, 0),
(3, 133, 0),
(3, 134, 0),
(3, 135, 0),
(3, 136, 0),
(3, 137, 0),
(3, 138, 0),
(3, 139, 0),
(3, 140, 0),
(3, 141, 0),
(30, 141, 0),
(3, 142, 0),
(31, 142, 0),
(3, 143, 0),
(3, 144, 0),
(49, 144, 0),
(3, 145, 0),
(3, 146, 0),
(35, 146, 0),
(42, 146, 0),
(3, 147, 0),
(24, 147, 0),
(35, 147, 0),
(42, 147, 0),
(46, 147, 0),
(47, 147, 0),
(49, 147, 0),
(3, 148, 0),
(4, 148, 0),
(59, 148, 0),
(69, 148, 0),
(70, 148, 0),
(71, 148, 0),
(72, 148, 0),
(73, 148, 0),
(74, 148, 0),
(75, 148, 0),
(76, 148, 0),
(77, 148, 0),
(78, 148, 0),
(79, 148, 0),
(80, 148, 0),
(81, 148, 0),
(3, 149, 0),
(31, 149, 0),
(35, 149, 0),
(42, 149, 0),
(64, 149, 0),
(3, 150, 0),
(48, 150, 0),
(48, 150, 1),
(65, 150, 0),
(3, 151, 0),
(4, 151, 0),
(9, 151, 0),
(11, 151, 0),
(16, 151, 0),
(17, 151, 0),
(39, 151, 0),
(45, 151, 0),
(3, 152, 0),
(3, 153, 0),
(3, 154, 0),
(9, 154, 0),
(11, 154, 0),
(16, 154, 0),
(18, 154, 0),
(23, 154, 0),
(27, 154, 0),
(28, 154, 0),
(41, 154, 0),
(45, 154, 0),
(62, 154, 0),
(64, 154, 0),
(3, 155, 0),
(18, 155, 0),
(46, 155, 0),
(3, 156, 0),
(3, 157, 0),
(3, 158, 0),
(3, 159, 1),
(4, 159, 1),
(21, 159, 1),
(46, 159, 0),
(3, 160, 1),
(4, 160, 1),
(21, 160, 1),
(48, 160, 0),
(66, 160, 1),
(67, 160, 1),
(68, 160, 1),
(69, 160, 1),
(70, 160, 1),
(71, 160, 1),
(72, 160, 1),
(73, 160, 1),
(74, 160, 1),
(75, 160, 1),
(76, 160, 1),
(77, 160, 1),
(78, 160, 1),
(79, 160, 1),
(80, 160, 1),
(81, 160, 1),
(3, 161, 1),
(4, 161, 0),
(4, 161, 1),
(21, 161, 1),
(4, 162, 0),
(4, 163, 0),
(4, 164, 0),
(12, 164, 0),
(4, 165, 0),
(32, 165, 0),
(54, 165, 0),
(4, 166, 0),
(16, 166, 0),
(28, 166, 0),
(50, 166, 0),
(52, 166, 0),
(4, 167, 0),
(5, 168, 0),
(6, 168, 0),
(7, 168, 0),
(8, 168, 0),
(10, 168, 0),
(5, 169, 0),
(6, 169, 0),
(7, 169, 0),
(8, 169, 0),
(10, 169, 0),
(77, 169, 0),
(78, 169, 0),
(81, 169, 0),
(6, 170, 0),
(7, 170, 0),
(8, 170, 0),
(10, 170, 0),
(50, 170, 0),
(53, 170, 0),
(55, 170, 0),
(57, 170, 0),
(58, 170, 0),
(60, 170, 0),
(80, 170, 0),
(7, 171, 0),
(8, 171, 0),
(10, 171, 0),
(7, 172, 0),
(8, 172, 0),
(10, 172, 0),
(28, 172, 0),
(7, 173, 0),
(8, 173, 0),
(10, 173, 0),
(7, 174, 0),
(8, 174, 0),
(10, 174, 0),
(7, 175, 0),
(8, 175, 0),
(10, 175, 0),
(39, 175, 0),
(7, 176, 0),
(8, 176, 0),
(10, 176, 0),
(57, 176, 0),
(58, 176, 0),
(60, 176, 0),
(8, 177, 0),
(10, 177, 0),
(13, 177, 0),
(17, 177, 0),
(21, 177, 0),
(25, 177, 0),
(26, 177, 0),
(51, 177, 0),
(54, 177, 0),
(62, 177, 0),
(8, 178, 0),
(10, 178, 0),
(8, 179, 0),
(9, 179, 0),
(10, 179, 0),
(8, 180, 0),
(10, 180, 0),
(8, 181, 0),
(10, 181, 0),
(13, 181, 0),
(8, 182, 0),
(10, 182, 0),
(8, 183, 0),
(10, 183, 0),
(16, 183, 0),
(25, 183, 0),
(8, 184, 0),
(10, 184, 0),
(9, 185, 0),
(9, 186, 0),
(9, 187, 0),
(9, 188, 0),
(9, 189, 0),
(9, 190, 0),
(11, 190, 0),
(9, 191, 0),
(16, 191, 0),
(24, 191, 0),
(29, 191, 0),
(9, 192, 0),
(12, 192, 0),
(24, 192, 0),
(49, 192, 0),
(9, 193, 0),
(9, 194, 0),
(9, 195, 0),
(9, 196, 0),
(9, 197, 0),
(9, 198, 0),
(10, 199, 0),
(25, 199, 0),
(10, 200, 0),
(16, 200, 0),
(23, 200, 0),
(46, 200, 0),
(48, 200, 0),
(10, 201, 0),
(11, 202, 0),
(47, 202, 0),
(11, 203, 0),
(11, 204, 0),
(11, 205, 0),
(11, 206, 0),
(12, 207, 0),
(12, 207, 1),
(13, 207, 0),
(13, 207, 1),
(14, 207, 1),
(15, 207, 1),
(24, 207, 1),
(25, 207, 1),
(26, 207, 1),
(27, 207, 1),
(28, 207, 1),
(31, 207, 0),
(31, 207, 1),
(32, 207, 0),
(32, 207, 1),
(46, 207, 0),
(49, 207, 0),
(12, 208, 0),
(12, 209, 0),
(12, 210, 0),
(12, 211, 0),
(12, 212, 0),
(12, 213, 0),
(12, 214, 0),
(12, 215, 1),
(13, 215, 1),
(14, 215, 1),
(15, 215, 1),
(13, 216, 0),
(13, 217, 0),
(13, 218, 0),
(13, 219, 0),
(13, 220, 0),
(47, 220, 0),
(54, 220, 0),
(13, 221, 0),
(17, 221, 0),
(32, 221, 0),
(62, 221, 0),
(13, 222, 0),
(13, 223, 0),
(15, 223, 0),
(19, 223, 0),
(49, 223, 0),
(56, 223, 0),
(13, 224, 0),
(13, 225, 0),
(13, 226, 0),
(19, 226, 0),
(13, 227, 0),
(13, 228, 0),
(13, 229, 0),
(15, 229, 0),
(16, 229, 0),
(18, 229, 0),
(48, 229, 0),
(13, 230, 0),
(62, 230, 0),
(13, 231, 0),
(13, 232, 0),
(13, 233, 0),
(13, 234, 0),
(13, 235, 0),
(16, 235, 0),
(17, 235, 0),
(18, 235, 0),
(21, 235, 0),
(24, 235, 0),
(28, 235, 0),
(34, 235, 0),
(39, 235, 0),
(47, 235, 0),
(49, 235, 0),
(13, 236, 0),
(16, 236, 0),
(18, 236, 0),
(23, 236, 0),
(24, 236, 0),
(31, 236, 0),
(35, 236, 0),
(41, 236, 0),
(42, 236, 0),
(54, 236, 0),
(59, 236, 0),
(13, 237, 0),
(13, 238, 0),
(13, 239, 0),
(13, 240, 0),
(15, 240, 0),
(13, 241, 0),
(15, 241, 0),
(13, 242, 0),
(59, 242, 0),
(61, 242, 0),
(14, 243, 0),
(15, 243, 0),
(14, 244, 0),
(15, 244, 0),
(35, 244, 0),
(42, 244, 0),
(14, 245, 0),
(15, 245, 0),
(14, 246, 0),
(15, 246, 0),
(14, 247, 0),
(15, 247, 0),
(14, 248, 0),
(15, 248, 0),
(14, 249, 0),
(15, 249, 0),
(15, 250, 0),
(15, 251, 0),
(15, 252, 0),
(15, 253, 0),
(16, 254, 0),
(16, 255, 0),
(16, 256, 0),
(16, 257, 0),
(16, 258, 0),
(16, 259, 0),
(16, 260, 0),
(16, 261, 0),
(16, 262, 0),
(16, 263, 0),
(49, 263, 0),
(16, 264, 0),
(16, 265, 0),
(18, 265, 0),
(23, 265, 0),
(27, 265, 0),
(46, 265, 0),
(52, 265, 0),
(59, 265, 0),
(16, 266, 0),
(16, 267, 0),
(21, 267, 0),
(29, 267, 0),
(16, 268, 0),
(28, 268, 0),
(49, 268, 0),
(16, 269, 0),
(16, 270, 0),
(60, 270, 0),
(16, 271, 0),
(16, 272, 0),
(16, 273, 0),
(16, 274, 0),
(16, 275, 0),
(16, 276, 0),
(16, 277, 0),
(55, 277, 0),
(59, 277, 0),
(16, 278, 0),
(16, 279, 0),
(49, 279, 0),
(66, 279, 0),
(67, 279, 0),
(68, 279, 0),
(69, 279, 0),
(70, 279, 0),
(71, 279, 0),
(72, 279, 0),
(73, 279, 0),
(74, 279, 0),
(75, 279, 0),
(76, 279, 0),
(77, 279, 0),
(78, 279, 0),
(79, 279, 0),
(80, 279, 0),
(81, 279, 0),
(16, 280, 0),
(18, 280, 0),
(16, 281, 0),
(16, 282, 0),
(17, 282, 0),
(25, 282, 0),
(16, 283, 0),
(16, 284, 0),
(45, 284, 0),
(16, 285, 0),
(17, 285, 0),
(30, 285, 0),
(47, 285, 0),
(49, 285, 0),
(16, 286, 0),
(16, 287, 0),
(16, 288, 0),
(16, 289, 1),
(17, 289, 1),
(18, 289, 1),
(22, 289, 1),
(23, 289, 1),
(29, 289, 1),
(16, 290, 1),
(17, 290, 1),
(18, 290, 1),
(22, 290, 1),
(23, 290, 1),
(29, 290, 1),
(16, 291, 1),
(17, 291, 1),
(18, 291, 1),
(22, 291, 1),
(23, 291, 1),
(29, 291, 1),
(17, 292, 0),
(17, 293, 0),
(17, 294, 0),
(17, 295, 0),
(17, 296, 0),
(17, 297, 0),
(39, 297, 0),
(17, 298, 0),
(17, 299, 0),
(17, 300, 0),
(17, 301, 0),
(17, 302, 0),
(18, 302, 0),
(17, 303, 0),
(17, 304, 0),
(22, 304, 0),
(17, 305, 0),
(22, 305, 0),
(35, 305, 0),
(39, 305, 0),
(42, 305, 0),
(54, 305, 0),
(59, 305, 0),
(17, 306, 0),
(22, 306, 0),
(17, 307, 0),
(22, 307, 0),
(35, 307, 0),
(42, 307, 0),
(17, 308, 0),
(21, 308, 0),
(29, 308, 0),
(17, 309, 0),
(17, 310, 0),
(17, 311, 0),
(17, 312, 0),
(17, 313, 0),
(17, 314, 0),
(18, 315, 0),
(18, 316, 0),
(18, 317, 0),
(23, 317, 0),
(18, 318, 0),
(18, 319, 0),
(35, 319, 0),
(42, 319, 0),
(62, 319, 0),
(18, 320, 0),
(18, 321, 0),
(47, 321, 0),
(18, 322, 0),
(18, 323, 0),
(18, 324, 0),
(18, 325, 0),
(26, 325, 0),
(39, 325, 0),
(53, 325, 0),
(54, 325, 0),
(55, 325, 0),
(57, 325, 0),
(58, 325, 0),
(60, 325, 0),
(72, 325, 0),
(73, 325, 0),
(75, 325, 0),
(76, 325, 0),
(78, 325, 0),
(79, 325, 0),
(80, 325, 0),
(19, 326, 0),
(19, 327, 0),
(19, 328, 0),
(19, 329, 0),
(19, 330, 0),
(19, 331, 0),
(19, 332, 0),
(19, 333, 0),
(19, 334, 0),
(19, 335, 0),
(19, 336, 0),
(49, 336, 0),
(19, 337, 0),
(19, 338, 0),
(19, 339, 0),
(19, 340, 0),
(19, 341, 0),
(19, 342, 0),
(20, 342, 0),
(19, 343, 0),
(20, 344, 0),
(20, 345, 0),
(20, 346, 0),
(20, 347, 0),
(20, 348, 0),
(20, 349, 0),
(20, 350, 0),
(20, 351, 0),
(20, 352, 0),
(20, 353, 0),
(20, 354, 0),
(20, 355, 0),
(21, 356, 0),
(21, 357, 0),
(21, 358, 0),
(21, 359, 0),
(29, 359, 0),
(21, 360, 0),
(60, 360, 0),
(21, 361, 0),
(21, 362, 0),
(21, 363, 0),
(21, 364, 0),
(21, 365, 0),
(22, 366, 0),
(22, 367, 0),
(22, 368, 0),
(22, 369, 0),
(22, 370, 0),
(22, 371, 0),
(23, 372, 0),
(23, 373, 0),
(45, 373, 0),
(23, 374, 0),
(23, 375, 0),
(24, 376, 0),
(39, 376, 0),
(24, 377, 0),
(24, 378, 0),
(24, 379, 0),
(24, 380, 0),
(24, 381, 0),
(25, 381, 0),
(35, 381, 0),
(42, 381, 0),
(24, 382, 0),
(24, 383, 1),
(25, 383, 1),
(26, 383, 1),
(27, 383, 1),
(28, 383, 1),
(31, 383, 0),
(31, 383, 1),
(36, 383, 0),
(40, 383, 0),
(24, 384, 1),
(25, 384, 1),
(26, 384, 1),
(27, 384, 1),
(28, 384, 1),
(31, 384, 1),
(24, 385, 1),
(25, 385, 1),
(26, 385, 1),
(27, 385, 1),
(28, 385, 1),
(31, 385, 1),
(20, 386, 0),
(20, 387, 0),
(20, 388, 0),
(25, 389, 0),
(25, 390, 0),
(25, 391, 0),
(63, 391, 0),
(25, 392, 0),
(25, 393, 0),
(25, 394, 0),
(62, 394, 0),
(25, 395, 0),
(25, 396, 0),
(25, 397, 0),
(25, 398, 0),
(26, 399, 0),
(34, 399, 0),
(26, 400, 0),
(26, 401, 0),
(26, 402, 0),
(26, 403, 0),
(31, 403, 0),
(48, 403, 0),
(27, 404, 0),
(47, 404, 0),
(49, 404, 0),
(27, 405, 0),
(27, 406, 0),
(27, 407, 0),
(47, 407, 0),
(27, 408, 0),
(59, 408, 0),
(62, 408, 0),
(27, 409, 0),
(27, 410, 0),
(27, 411, 0),
(27, 412, 0),
(27, 413, 0),
(27, 414, 0),
(28, 415, 0),
(28, 416, 0),
(55, 416, 0),
(59, 416, 0),
(28, 417, 0),
(31, 417, 0),
(28, 418, 0),
(28, 419, 0),
(28, 420, 0),
(29, 421, 0),
(29, 422, 0),
(29, 423, 0),
(47, 423, 0),
(29, 424, 0),
(30, 425, 0),
(30, 426, 0),
(30, 427, 0),
(30, 428, 0),
(30, 429, 1),
(31, 430, 0),
(31, 431, 0),
(66, 431, 0),
(67, 431, 0),
(68, 431, 0),
(69, 431, 0),
(70, 431, 0),
(71, 431, 0),
(72, 431, 0),
(73, 431, 0),
(74, 431, 0),
(75, 431, 0),
(76, 431, 0),
(77, 431, 0),
(78, 431, 0),
(79, 431, 0),
(80, 431, 0),
(81, 431, 0),
(31, 432, 0),
(65, 432, 0),
(31, 433, 0),
(31, 434, 0),
(31, 435, 0),
(32, 436, 0),
(32, 436, 1),
(34, 436, 1),
(36, 436, 1),
(37, 436, 1),
(40, 436, 1),
(32, 437, 0),
(32, 437, 1),
(34, 437, 1),
(36, 437, 1),
(37, 437, 1),
(40, 437, 1),
(32, 438, 0),
(65, 438, 0),
(32, 439, 1),
(34, 440, 0),
(34, 441, 0),
(34, 442, 0),
(37, 442, 0),
(34, 443, 0),
(34, 444, 0),
(34, 445, 0),
(34, 446, 0),
(34, 447, 1),
(36, 447, 1),
(37, 447, 1),
(40, 447, 1),
(35, 448, 0),
(42, 448, 0),
(35, 449, 0),
(35, 449, 1),
(38, 449, 1),
(39, 449, 1),
(41, 449, 1),
(42, 449, 0),
(42, 449, 1),
(43, 449, 1),
(44, 449, 1),
(45, 449, 1),
(35, 450, 0),
(35, 450, 1),
(38, 450, 1),
(39, 450, 0),
(39, 450, 1),
(41, 450, 1),
(42, 450, 0),
(42, 450, 1),
(43, 450, 0),
(43, 450, 1),
(44, 450, 1),
(45, 450, 1),
(64, 450, 0),
(35, 451, 0),
(42, 451, 0),
(35, 452, 0),
(42, 452, 0),
(35, 453, 0),
(42, 453, 0),
(35, 454, 0),
(42, 454, 0),
(35, 455, 0),
(42, 455, 0),
(54, 455, 0),
(35, 456, 0),
(42, 456, 0),
(47, 456, 0),
(50, 456, 0),
(35, 457, 0),
(42, 457, 0),
(46, 457, 0),
(66, 457, 0),
(67, 457, 0),
(68, 457, 0),
(69, 457, 0),
(70, 457, 0),
(71, 457, 0),
(72, 457, 0),
(73, 457, 0),
(74, 457, 0),
(75, 457, 0),
(76, 457, 0),
(77, 457, 0),
(78, 457, 0),
(79, 457, 0),
(80, 457, 0),
(81, 457, 0),
(35, 458, 0),
(42, 458, 0),
(35, 459, 0),
(42, 459, 0),
(35, 460, 0),
(42, 460, 0),
(35, 461, 0),
(42, 461, 0),
(35, 462, 0),
(41, 462, 0),
(42, 462, 0),
(35, 463, 0),
(42, 463, 0),
(35, 464, 0),
(42, 464, 0),
(36, 465, 0),
(37, 465, 0),
(40, 465, 0),
(43, 465, 0),
(50, 465, 0),
(66, 465, 0),
(67, 465, 0),
(68, 465, 0),
(69, 465, 0),
(70, 465, 0),
(71, 465, 0),
(72, 465, 0),
(73, 465, 0),
(74, 465, 0),
(75, 465, 0),
(76, 465, 0),
(77, 465, 0),
(78, 465, 0),
(79, 465, 0),
(80, 465, 0),
(81, 465, 0),
(37, 466, 0),
(40, 466, 0),
(38, 467, 0),
(38, 468, 0),
(38, 469, 0),
(62, 469, 0),
(38, 470, 0),
(39, 470, 0),
(38, 471, 0),
(39, 471, 0),
(41, 471, 0),
(49, 471, 0),
(65, 471, 0),
(39, 472, 0),
(39, 473, 0),
(39, 474, 0),
(39, 475, 0),
(39, 476, 0),
(39, 477, 0),
(39, 478, 0),
(41, 479, 0),
(41, 480, 0),
(55, 480, 0),
(59, 480, 0),
(65, 480, 0),
(41, 481, 0),
(41, 482, 0),
(41, 483, 0),
(43, 484, 0),
(44, 485, 0),
(45, 486, 0),
(45, 487, 0),
(65, 487, 0),
(72, 487, 0),
(73, 487, 0),
(75, 487, 0),
(76, 487, 0),
(78, 487, 0),
(79, 487, 0),
(80, 487, 0),
(46, 488, 0),
(46, 489, 0),
(46, 490, 0),
(46, 491, 0),
(46, 492, 0),
(48, 492, 0),
(46, 493, 0),
(46, 494, 0),
(51, 494, 0),
(46, 495, 0),
(46, 496, 0),
(46, 497, 0),
(46, 498, 0),
(46, 499, 1),
(46, 500, 1),
(47, 501, 0),
(47, 502, 0),
(57, 502, 0),
(58, 502, 0),
(60, 502, 0),
(47, 503, 0),
(47, 504, 0),
(47, 505, 0),
(47, 506, 0),
(47, 507, 0),
(47, 508, 0),
(47, 509, 0),
(47, 510, 0),
(47, 511, 0),
(47, 512, 0),
(47, 513, 0),
(47, 514, 0),
(47, 515, 0),
(47, 516, 0),
(47, 517, 0),
(47, 518, 0),
(47, 519, 0),
(47, 520, 0),
(47, 521, 0),
(47, 522, 0),
(47, 523, 0),
(47, 524, 0),
(47, 525, 0),
(47, 526, 0),
(47, 527, 0),
(47, 528, 0),
(47, 529, 0),
(47, 530, 0),
(47, 531, 0),
(47, 532, 0),
(47, 533, 0),
(47, 534, 1),
(49, 534, 0),
(47, 535, 1),
(48, 536, 0),
(48, 537, 0),
(48, 538, 0),
(48, 539, 0),
(48, 540, 0),
(48, 540, 1),
(65, 540, 0),
(65, 540, 1),
(48, 541, 0),
(48, 542, 0),
(48, 543, 0),
(48, 544, 0),
(48, 545, 0),
(48, 546, 0),
(49, 547, 0),
(49, 548, 0),
(49, 549, 0),
(49, 550, 0),
(61, 550, 0),
(49, 551, 0),
(49, 552, 0),
(50, 552, 0),
(49, 553, 0),
(49, 554, 0),
(49, 555, 0),
(49, 556, 0),
(60, 556, 0),
(49, 557, 0),
(52, 557, 0),
(54, 557, 0),
(49, 559, 0),
(66, 559, 0),
(67, 559, 0),
(68, 559, 0),
(69, 559, 0),
(70, 559, 0),
(71, 559, 0),
(72, 559, 0),
(73, 559, 0),
(74, 559, 0),
(75, 559, 0),
(76, 559, 0),
(77, 559, 0),
(78, 559, 0),
(79, 559, 0),
(80, 559, 0),
(81, 559, 0),
(49, 560, 0),
(49, 561, 0),
(65, 561, 0),
(49, 562, 0),
(49, 563, 0),
(49, 564, 0),
(49, 565, 0),
(49, 566, 0),
(49, 567, 0),
(49, 568, 1),
(50, 568, 1),
(51, 568, 1),
(52, 568, 1),
(53, 568, 1),
(54, 568, 1),
(55, 568, 1),
(56, 568, 1),
(57, 568, 1),
(58, 568, 1),
(59, 568, 1),
(60, 568, 1),
(49, 569, 0),
(50, 570, 0),
(51, 570, 0),
(65, 570, 0),
(50, 571, 0),
(52, 572, 0),
(52, 573, 0),
(52, 574, 0),
(52, 575, 0),
(52, 576, 0),
(52, 577, 0),
(53, 578, 0),
(55, 578, 0),
(57, 578, 0),
(58, 578, 0),
(60, 578, 0),
(54, 579, 0),
(54, 580, 0),
(54, 581, 0),
(55, 582, 0),
(59, 582, 0),
(55, 583, 0),
(59, 583, 0),
(57, 584, 0),
(58, 584, 0),
(60, 584, 0),
(57, 585, 0),
(58, 585, 0),
(60, 585, 0),
(62, 585, 0),
(57, 586, 0),
(58, 586, 0),
(60, 586, 0),
(58, 587, 0),
(60, 587, 0),
(58, 588, 0),
(60, 588, 0),
(59, 589, 0),
(59, 590, 0),
(59, 591, 0),
(59, 592, 0),
(59, 593, 0),
(59, 594, 0),
(60, 595, 0),
(60, 596, 0),
(60, 597, 0),
(61, 598, 0),
(61, 599, 0),
(62, 599, 0),
(63, 599, 0),
(61, 600, 0),
(63, 600, 0),
(61, 601, 1),
(62, 601, 1),
(63, 601, 1),
(64, 601, 1),
(61, 602, 1),
(62, 602, 0),
(62, 602, 1),
(63, 602, 1),
(64, 602, 1),
(62, 603, 0),
(62, 604, 0),
(64, 604, 0),
(63, 605, 0),
(64, 606, 0),
(64, 607, 0),
(64, 608, 0),
(65, 609, 0),
(65, 610, 0),
(65, 611, 0),
(65, 612, 0),
(65, 613, 0),
(66, 613, 0),
(66, 613, 1),
(67, 613, 0),
(67, 613, 1),
(68, 613, 0),
(68, 613, 1),
(69, 613, 0),
(69, 613, 1),
(70, 613, 0),
(70, 613, 1),
(71, 613, 0),
(71, 613, 1),
(72, 613, 0),
(72, 613, 1),
(73, 613, 0),
(73, 613, 1),
(74, 613, 0),
(74, 613, 1),
(75, 613, 0),
(75, 613, 1),
(76, 613, 0),
(76, 613, 1),
(77, 613, 0),
(77, 613, 1),
(78, 613, 0),
(78, 613, 1),
(79, 613, 0),
(79, 613, 1),
(80, 613, 0),
(80, 613, 1),
(81, 613, 0),
(81, 613, 1),
(65, 614, 0),
(65, 615, 0),
(65, 616, 0),
(65, 617, 0),
(65, 618, 0),
(65, 619, 0),
(65, 620, 0),
(65, 621, 0),
(65, 622, 0),
(65, 623, 0),
(65, 624, 0),
(65, 625, 0),
(65, 626, 0),
(65, 627, 0),
(66, 628, 0),
(67, 628, 0),
(68, 628, 0),
(69, 628, 0),
(70, 628, 0),
(71, 628, 0),
(72, 628, 0),
(73, 628, 0),
(74, 628, 0),
(75, 628, 0),
(76, 628, 0),
(77, 628, 0),
(78, 628, 0),
(79, 628, 0),
(80, 628, 0),
(81, 628, 0),
(66, 629, 0),
(67, 629, 0),
(68, 629, 0),
(69, 629, 0),
(70, 629, 0),
(71, 629, 0),
(72, 629, 0),
(73, 629, 0),
(74, 629, 0),
(75, 629, 0),
(76, 629, 0),
(77, 629, 0),
(78, 629, 0),
(79, 629, 0),
(80, 629, 0),
(81, 629, 0),
(66, 630, 0),
(67, 630, 0),
(68, 630, 0),
(69, 630, 0),
(70, 630, 0),
(71, 630, 0),
(72, 630, 0),
(73, 630, 0),
(74, 630, 0),
(75, 630, 0),
(76, 630, 0),
(77, 630, 0),
(78, 630, 0),
(79, 630, 0),
(80, 630, 0),
(81, 630, 0),
(66, 631, 0),
(67, 631, 0),
(68, 631, 0),
(69, 631, 0),
(70, 631, 0),
(71, 631, 0),
(72, 631, 0),
(73, 631, 0),
(74, 631, 0),
(75, 631, 0),
(76, 631, 0),
(77, 631, 0),
(78, 631, 0),
(79, 631, 0),
(80, 631, 0),
(81, 631, 0),
(66, 632, 0),
(67, 632, 0),
(68, 632, 0),
(69, 632, 0),
(70, 632, 0),
(71, 632, 0),
(72, 632, 0),
(73, 632, 0),
(74, 632, 0),
(75, 632, 0),
(76, 632, 0),
(77, 632, 0),
(78, 632, 0),
(79, 632, 0),
(80, 632, 0),
(81, 632, 0),
(66, 633, 0),
(67, 633, 0),
(68, 633, 0),
(69, 633, 0),
(70, 633, 0),
(71, 633, 0),
(72, 633, 0),
(73, 633, 0),
(74, 633, 0),
(75, 633, 0),
(76, 633, 0),
(77, 633, 0),
(78, 633, 0),
(79, 633, 0),
(80, 633, 0),
(81, 633, 0),
(72, 634, 0),
(73, 634, 0),
(74, 634, 0),
(75, 634, 0),
(76, 634, 0),
(77, 634, 0),
(78, 634, 0),
(79, 634, 0),
(80, 634, 0),
(81, 634, 0),
(74, 635, 0),
(75, 635, 0),
(76, 635, 0),
(77, 635, 0),
(78, 635, 0),
(79, 635, 0),
(80, 635, 0),
(81, 635, 0),
(77, 636, 0),
(78, 636, 0),
(81, 636, 0),
(79, 637, 0),
(80, 637, 0),
(79, 638, 0),
(80, 638, 0),
(80, 639, 0);

-- --------------------------------------------------------

--
-- Structure de la table `phpbb_sessions`
--

CREATE TABLE IF NOT EXISTS `phpbb_sessions` (
  `session_id` char(32) COLLATE utf8_bin NOT NULL DEFAULT '',
  `session_user_id` mediumint(8) unsigned NOT NULL DEFAULT '0',
  `session_forum_id` mediumint(8) unsigned NOT NULL DEFAULT '0',
  `session_last_visit` int(11) unsigned NOT NULL DEFAULT '0',
  `session_start` int(11) unsigned NOT NULL DEFAULT '0',
  `session_time` int(11) unsigned NOT NULL DEFAULT '0',
  `session_ip` varchar(40) COLLATE utf8_bin NOT NULL DEFAULT '',
  `session_browser` varchar(150) COLLATE utf8_bin NOT NULL DEFAULT '',
  `session_forwarded_for` varchar(255) COLLATE utf8_bin NOT NULL DEFAULT '',
  `session_page` varchar(255) COLLATE utf8_bin NOT NULL DEFAULT '',
  `session_viewonline` tinyint(1) unsigned NOT NULL DEFAULT '1',
  `session_autologin` tinyint(1) unsigned NOT NULL DEFAULT '0',
  `session_admin` tinyint(1) unsigned NOT NULL DEFAULT '0',
  PRIMARY KEY (`session_id`),
  KEY `session_time` (`session_time`),
  KEY `session_user_id` (`session_user_id`),
  KEY `session_fid` (`session_forum_id`)
) ENGINE=InnoDB DEFAULT CHARSET=utf8 COLLATE=utf8_bin;

--
-- Contenu de la table `phpbb_sessions`
--

INSERT INTO `phpbb_sessions` (`session_id`, `session_user_id`, `session_forum_id`, `session_last_visit`, `session_start`, `session_time`, `session_ip`, `session_browser`, `session_forwarded_for`, `session_page`, `session_viewonline`, `session_autologin`, `session_admin`) VALUES
('317d76203e666f96de1737ff615fbbeb', 54, 0, 1409136214, 1409136465, 1409136769, '212.51.165.198', 'Mozilla/5.0 (compatible; MSIE 10.0; Windows NT 6.1; Trident/6.0)', '', 'adm/index.php?i=users&mode=overview', 1, 1, 1),
('67e7f27ebde63d47f23ff73922aff184', 1, 0, 1409136227, 1409136227, 1409136227, '212.51.165.198', 'Mozilla/5.0 (compatible; MSIE 10.0; Windows NT 6.1; Trident/6.0)', '', 'ucp.php?mode=logout', 1, 0, 0);

-- --------------------------------------------------------

--
-- Structure de la table `phpbb_sessions_keys`
--

CREATE TABLE IF NOT EXISTS `phpbb_sessions_keys` (
  `key_id` char(32) COLLATE utf8_bin NOT NULL DEFAULT '',
  `user_id` mediumint(8) unsigned NOT NULL DEFAULT '0',
  `last_ip` varchar(40) COLLATE utf8_bin NOT NULL DEFAULT '',
  `last_login` int(11) unsigned NOT NULL DEFAULT '0',
  PRIMARY KEY (`key_id`,`user_id`),
  KEY `last_login` (`last_login`)
) ENGINE=InnoDB DEFAULT CHARSET=utf8 COLLATE=utf8_bin;

--
-- Contenu de la table `phpbb_sessions_keys`
--

INSERT INTO `phpbb_sessions_keys` (`key_id`, `user_id`, `last_ip`, `last_login`) VALUES
('056dfb6f6cd79da277130c23ac73ce8f', 59, '2.6.162.151', 1400944520),
('094bdbcdddd036ecff6dba47e928a3b5', 55, '109.10.43.61', 1390744137),
('1aaeb65a635bce218a595c6533fc3d2d', 54, '212.194.177.22', 1378148495),
('2458b376be491e2bcda34823483c0f60', 59, '195.101.214.27', 1398273627),
('421843977fb5d3c0a76befca36d7c1de', 56, '90.45.11.88', 1383774115),
('5522eda6c6ee8788b77b802902e42894', 63, '88.139.201.242', 1391042357),
('7c18d44ec21eed5e7d6158d6de675525', 54, '212.51.165.198', 1409136465),
('93fe1611830d094cfd6276b44c648e41', 55, '78.127.18.254', 1401032665),
('9f1039635333df33b621697619f107f0', 62, '80.215.64.196', 1378887696),
('ae734e1a7d8c016d857662cc34f13652', 54, '109.214.198.253', 1378494658),
('cbcd541260b5124814181b53388a64bd', 55, '137.135.178.142', 1391518988),
('d0cae5282ac613c20397eb215ec4237c', 54, '212.194.177.22', 1380222147),
('db67a72b522d6fde6c11c4d9cd6c20eb', 55, '78.112.211.211', 1379254445),
('dbe043f403544a3799fb84425e61303e', 55, '109.13.196.88', 1380430125),
('f3c5932642d37857ec6fa869e0409b26', 65, '92.146.10.37', 1392196278);

-- --------------------------------------------------------

--
-- Structure de la table `phpbb_sitelist`
--

CREATE TABLE IF NOT EXISTS `phpbb_sitelist` (
  `site_id` mediumint(8) unsigned NOT NULL AUTO_INCREMENT,
  `site_ip` varchar(40) COLLATE utf8_bin NOT NULL DEFAULT '',
  `site_hostname` varchar(255) COLLATE utf8_bin NOT NULL DEFAULT '',
  `ip_exclude` tinyint(1) unsigned NOT NULL DEFAULT '0',
  PRIMARY KEY (`site_id`)
) ENGINE=InnoDB DEFAULT CHARSET=utf8 COLLATE=utf8_bin AUTO_INCREMENT=1 ;

-- --------------------------------------------------------

--
-- Structure de la table `phpbb_smilies`
--

CREATE TABLE IF NOT EXISTS `phpbb_smilies` (
  `smiley_id` mediumint(8) unsigned NOT NULL AUTO_INCREMENT,
  `code` varchar(50) COLLATE utf8_bin NOT NULL DEFAULT '',
  `emotion` varchar(50) COLLATE utf8_bin NOT NULL DEFAULT '',
  `smiley_url` varchar(50) COLLATE utf8_bin NOT NULL DEFAULT '',
  `smiley_width` smallint(4) unsigned NOT NULL DEFAULT '0',
  `smiley_height` smallint(4) unsigned NOT NULL DEFAULT '0',
  `smiley_order` mediumint(8) unsigned NOT NULL DEFAULT '0',
  `display_on_posting` tinyint(1) unsigned NOT NULL DEFAULT '1',
  PRIMARY KEY (`smiley_id`),
  KEY `display_on_post` (`display_on_posting`)
) ENGINE=InnoDB  DEFAULT CHARSET=utf8 COLLATE=utf8_bin AUTO_INCREMENT=43 ;

--
-- Contenu de la table `phpbb_smilies`
--

INSERT INTO `phpbb_smilies` (`smiley_id`, `code`, `emotion`, `smiley_url`, `smiley_width`, `smiley_height`, `smiley_order`, `display_on_posting`) VALUES
(1, ':D', 'Heureux', 'icon_e_biggrin.gif', 15, 17, 1, 1),
(2, ':-D', 'Heureux', 'icon_e_biggrin.gif', 15, 17, 2, 1),
(3, ':grin:', 'Heureux', 'icon_e_biggrin.gif', 15, 17, 3, 1),
(4, ':)', 'Souriant', 'icon_e_smile.gif', 15, 17, 4, 1),
(5, ':-)', 'Souriant', 'icon_e_smile.gif', 15, 17, 5, 1),
(6, ':smile:', 'Souriant', 'icon_e_smile.gif', 15, 17, 6, 1),
(7, ';)', 'Clin d’œil', 'icon_e_wink.gif', 15, 17, 7, 1),
(8, ';-)', 'Clin d’œil', 'icon_e_wink.gif', 15, 17, 8, 1),
(9, ':wink:', 'Clin d’œil', 'icon_e_wink.gif', 15, 17, 9, 1),
(10, ':(', 'Triste', 'icon_e_sad.gif', 15, 17, 10, 1),
(11, ':-(', 'Triste', 'icon_e_sad.gif', 15, 17, 11, 1),
(12, ':sad:', 'Triste', 'icon_e_sad.gif', 15, 17, 12, 1),
(13, ':o', 'Étonné', 'icon_e_surprised.gif', 15, 17, 13, 1),
(14, ':-o', 'Étonné', 'icon_e_surprised.gif', 15, 17, 14, 1),
(15, ':eek:', 'Étonné', 'icon_e_surprised.gif', 15, 17, 15, 1),
(16, ':shock:', 'Scandalisé', 'icon_eek.gif', 15, 17, 16, 1),
(17, ':?', 'Troublé', 'icon_e_confused.gif', 15, 17, 17, 1),
(18, ':-?', 'Troublé', 'icon_e_confused.gif', 15, 17, 18, 1),
(19, ':???:', 'Troublé', 'icon_e_confused.gif', 15, 17, 19, 1),
(20, '8-)', 'Décontracté', 'icon_cool.gif', 15, 17, 20, 1),
(21, ':cool:', 'Décontracté', 'icon_cool.gif', 15, 17, 21, 1),
(22, ':lol:', 'Rieur', 'icon_lol.gif', 15, 17, 22, 1),
(23, ':x', 'Mécontent', 'icon_mad.gif', 15, 17, 23, 1),
(24, ':-x', 'Mécontent', 'icon_mad.gif', 15, 17, 24, 1),
(25, ':mad:', 'Mécontent', 'icon_mad.gif', 15, 17, 25, 1),
(26, ':P', 'Tire la langue', 'icon_razz.gif', 15, 17, 26, 1),
(27, ':-P', 'Tire la langue', 'icon_razz.gif', 15, 17, 27, 1),
(28, ':razz:', 'Tire la langue', 'icon_razz.gif', 15, 17, 28, 1),
(29, ':oops:', 'Embarrassé', 'icon_redface.gif', 15, 17, 29, 1),
(30, ':cry:', 'En larmes', 'icon_cry.gif', 15, 17, 30, 1),
(31, ':evil:', 'Diabolique et mécontent', 'icon_evil.gif', 15, 17, 31, 1),
(32, ':twisted:', 'Diabolique et souriant', 'icon_twisted.gif', 15, 17, 32, 1),
(33, ':roll:', 'Roule des yeux', 'icon_rolleyes.gif', 15, 17, 33, 1),
(34, ':!:', 'Exclamation', 'icon_exclaim.gif', 15, 17, 34, 1),
(35, ':?:', 'Question', 'icon_question.gif', 15, 17, 35, 1),
(36, ':idea:', 'Idée', 'icon_idea.gif', 15, 17, 36, 1),
(37, ':arrow:', 'Flèche', 'icon_arrow.gif', 15, 17, 37, 1),
(38, ':|', 'Neutre', 'icon_neutral.gif', 15, 17, 38, 1),
(39, ':-|', 'Neutre', 'icon_neutral.gif', 15, 17, 39, 1),
(40, ':mrgreen:', 'M. Vert', 'icon_mrgreen.gif', 15, 17, 40, 1),
(41, ':geek:', 'Geek', 'icon_e_geek.gif', 17, 17, 41, 1),
(42, ':ugeek:', 'Geek expérimenté', 'icon_e_ugeek.gif', 17, 18, 42, 1);

-- --------------------------------------------------------

--
-- Structure de la table `phpbb_styles`
--

CREATE TABLE IF NOT EXISTS `phpbb_styles` (
  `style_id` mediumint(8) unsigned NOT NULL AUTO_INCREMENT,
  `style_name` varchar(255) COLLATE utf8_bin NOT NULL DEFAULT '',
  `style_copyright` varchar(255) COLLATE utf8_bin NOT NULL DEFAULT '',
  `style_active` tinyint(1) unsigned NOT NULL DEFAULT '1',
  `template_id` mediumint(8) unsigned NOT NULL DEFAULT '0',
  `theme_id` mediumint(8) unsigned NOT NULL DEFAULT '0',
  `imageset_id` mediumint(8) unsigned NOT NULL DEFAULT '0',
  PRIMARY KEY (`style_id`),
  UNIQUE KEY `style_name` (`style_name`),
  KEY `template_id` (`template_id`),
  KEY `theme_id` (`theme_id`),
  KEY `imageset_id` (`imageset_id`)
) ENGINE=InnoDB  DEFAULT CHARSET=utf8 COLLATE=utf8_bin AUTO_INCREMENT=2 ;

--
-- Contenu de la table `phpbb_styles`
--

INSERT INTO `phpbb_styles` (`style_id`, `style_name`, `style_copyright`, `style_active`, `template_id`, `theme_id`, `imageset_id`) VALUES
(1, 'prosilver', '&copy; phpBB Group', 1, 1, 1, 1);

-- --------------------------------------------------------

--
-- Structure de la table `phpbb_styles_imageset`
--

CREATE TABLE IF NOT EXISTS `phpbb_styles_imageset` (
  `imageset_id` mediumint(8) unsigned NOT NULL AUTO_INCREMENT,
  `imageset_name` varchar(255) COLLATE utf8_bin NOT NULL DEFAULT '',
  `imageset_copyright` varchar(255) COLLATE utf8_bin NOT NULL DEFAULT '',
  `imageset_path` varchar(100) COLLATE utf8_bin NOT NULL DEFAULT '',
  PRIMARY KEY (`imageset_id`),
  UNIQUE KEY `imgset_nm` (`imageset_name`)
) ENGINE=InnoDB  DEFAULT CHARSET=utf8 COLLATE=utf8_bin AUTO_INCREMENT=2 ;

--
-- Contenu de la table `phpbb_styles_imageset`
--

INSERT INTO `phpbb_styles_imageset` (`imageset_id`, `imageset_name`, `imageset_copyright`, `imageset_path`) VALUES
(1, 'prosilver', '&copy; phpBB Group', 'prosilver');

-- --------------------------------------------------------

--
-- Structure de la table `phpbb_styles_imageset_data`
--

CREATE TABLE IF NOT EXISTS `phpbb_styles_imageset_data` (
  `image_id` mediumint(8) unsigned NOT NULL AUTO_INCREMENT,
  `image_name` varchar(200) COLLATE utf8_bin NOT NULL DEFAULT '',
  `image_filename` varchar(200) COLLATE utf8_bin NOT NULL DEFAULT '',
  `image_lang` varchar(30) COLLATE utf8_bin NOT NULL DEFAULT '',
  `image_height` smallint(4) unsigned NOT NULL DEFAULT '0',
  `image_width` smallint(4) unsigned NOT NULL DEFAULT '0',
  `imageset_id` mediumint(8) unsigned NOT NULL DEFAULT '0',
  PRIMARY KEY (`image_id`),
  KEY `i_d` (`imageset_id`)
) ENGINE=InnoDB  DEFAULT CHARSET=utf8 COLLATE=utf8_bin AUTO_INCREMENT=441 ;

--
-- Contenu de la table `phpbb_styles_imageset_data`
--

INSERT INTO `phpbb_styles_imageset_data` (`image_id`, `image_name`, `image_filename`, `image_lang`, `image_height`, `image_width`, `imageset_id`) VALUES
(353, 'site_logo', 'site_logo.gif', '', 52, 139, 1),
(354, 'forum_link', 'forum_link.gif', '', 27, 27, 1),
(355, 'forum_read', 'forum_read.gif', '', 27, 27, 1),
(356, 'forum_read_locked', 'forum_read_locked.gif', '', 27, 27, 1),
(357, 'forum_read_subforum', 'forum_read_subforum.gif', '', 27, 27, 1),
(358, 'forum_unread', 'forum_unread.gif', '', 27, 27, 1),
(359, 'forum_unread_locked', 'forum_unread_locked.gif', '', 27, 27, 1),
(360, 'forum_unread_subforum', 'forum_unread_subforum.gif', '', 27, 27, 1),
(361, 'topic_moved', 'topic_moved.gif', '', 27, 27, 1),
(362, 'topic_read', 'topic_read.gif', '', 27, 27, 1),
(363, 'topic_read_mine', 'topic_read_mine.gif', '', 27, 27, 1),
(364, 'topic_read_hot', 'topic_read_hot.gif', '', 27, 27, 1),
(365, 'topic_read_hot_mine', 'topic_read_hot_mine.gif', '', 27, 27, 1),
(366, 'topic_read_locked', 'topic_read_locked.gif', '', 27, 27, 1),
(367, 'topic_read_locked_mine', 'topic_read_locked_mine.gif', '', 27, 27, 1),
(368, 'topic_unread', 'topic_unread.gif', '', 27, 27, 1),
(369, 'topic_unread_mine', 'topic_unread_mine.gif', '', 27, 27, 1),
(370, 'topic_unread_hot', 'topic_unread_hot.gif', '', 27, 27, 1),
(371, 'topic_unread_hot_mine', 'topic_unread_hot_mine.gif', '', 27, 27, 1),
(372, 'topic_unread_locked', 'topic_unread_locked.gif', '', 27, 27, 1),
(373, 'topic_unread_locked_mine', 'topic_unread_locked_mine.gif', '', 27, 27, 1),
(374, 'sticky_read', 'sticky_read.gif', '', 27, 27, 1),
(375, 'sticky_read_mine', 'sticky_read_mine.gif', '', 27, 27, 1),
(376, 'sticky_read_locked', 'sticky_read_locked.gif', '', 27, 27, 1),
(377, 'sticky_read_locked_mine', 'sticky_read_locked_mine.gif', '', 27, 27, 1),
(378, 'sticky_unread', 'sticky_unread.gif', '', 27, 27, 1),
(379, 'sticky_unread_mine', 'sticky_unread_mine.gif', '', 27, 27, 1),
(380, 'sticky_unread_locked', 'sticky_unread_locked.gif', '', 27, 27, 1),
(381, 'sticky_unread_locked_mine', 'sticky_unread_locked_mine.gif', '', 27, 27, 1),
(382, 'announce_read', 'announce_read.gif', '', 27, 27, 1),
(383, 'announce_read_mine', 'announce_read_mine.gif', '', 27, 27, 1),
(384, 'announce_read_locked', 'announce_read_locked.gif', '', 27, 27, 1),
(385, 'announce_read_locked_mine', 'announce_read_locked_mine.gif', '', 27, 27, 1),
(386, 'announce_unread', 'announce_unread.gif', '', 27, 27, 1),
(387, 'announce_unread_mine', 'announce_unread_mine.gif', '', 27, 27, 1),
(388, 'announce_unread_locked', 'announce_unread_locked.gif', '', 27, 27, 1),
(389, 'announce_unread_locked_mine', 'announce_unread_locked_mine.gif', '', 27, 27, 1),
(390, 'global_read', 'announce_read.gif', '', 27, 27, 1),
(391, 'global_read_mine', 'announce_read_mine.gif', '', 27, 27, 1),
(392, 'global_read_locked', 'announce_read_locked.gif', '', 27, 27, 1),
(393, 'global_read_locked_mine', 'announce_read_locked_mine.gif', '', 27, 27, 1),
(394, 'global_unread', 'announce_unread.gif', '', 27, 27, 1),
(395, 'global_unread_mine', 'announce_unread_mine.gif', '', 27, 27, 1),
(396, 'global_unread_locked', 'announce_unread_locked.gif', '', 27, 27, 1),
(397, 'global_unread_locked_mine', 'announce_unread_locked_mine.gif', '', 27, 27, 1),
(398, 'subforum_read', 'subforum_read.gif', '', 9, 11, 1),
(399, 'subforum_unread', 'subforum_unread.gif', '', 9, 11, 1),
(400, 'pm_read', 'topic_read.gif', '', 27, 27, 1),
(401, 'pm_unread', 'topic_unread.gif', '', 27, 27, 1),
(402, 'icon_back_top', 'icon_back_top.gif', '', 11, 11, 1),
(403, 'icon_contact_aim', 'icon_contact_aim.gif', '', 20, 20, 1),
(404, 'icon_contact_email', 'icon_contact_email.gif', '', 20, 20, 1),
(405, 'icon_contact_icq', 'icon_contact_icq.gif', '', 20, 20, 1),
(406, 'icon_contact_jabber', 'icon_contact_jabber.gif', '', 20, 20, 1),
(407, 'icon_contact_msnm', 'icon_contact_msnm.gif', '', 20, 20, 1),
(408, 'icon_contact_www', 'icon_contact_www.gif', '', 20, 20, 1),
(409, 'icon_contact_yahoo', 'icon_contact_yahoo.gif', '', 20, 20, 1),
(410, 'icon_post_delete', 'icon_post_delete.gif', '', 20, 20, 1),
(411, 'icon_post_info', 'icon_post_info.gif', '', 20, 20, 1),
(412, 'icon_post_report', 'icon_post_report.gif', '', 20, 20, 1),
(413, 'icon_post_target', 'icon_post_target.gif', '', 9, 11, 1),
(414, 'icon_post_target_unread', 'icon_post_target_unread.gif', '', 9, 11, 1),
(415, 'icon_topic_attach', 'icon_topic_attach.gif', '', 10, 7, 1),
(416, 'icon_topic_latest', 'icon_topic_latest.gif', '', 9, 11, 1),
(417, 'icon_topic_newest', 'icon_topic_newest.gif', '', 9, 11, 1),
(418, 'icon_topic_reported', 'icon_topic_reported.gif', '', 14, 16, 1),
(419, 'icon_topic_unapproved', 'icon_topic_unapproved.gif', '', 14, 16, 1),
(420, 'icon_user_warn', 'icon_user_warn.gif', '', 20, 20, 1),
(421, 'icon_contact_pm', 'icon_contact_pm.gif', 'fr', 20, 28, 1),
(422, 'icon_post_edit', 'icon_post_edit.gif', 'fr', 20, 54, 1),
(423, 'icon_post_quote', 'icon_post_quote.gif', 'fr', 20, 49, 1),
(424, 'icon_user_online', 'icon_user_online.gif', 'fr', 58, 58, 1),
(425, 'button_pm_forward', 'button_pm_forward.gif', 'fr', 25, 116, 1),
(426, 'button_pm_new', 'button_pm_new.gif', 'fr', 25, 113, 1),
(427, 'button_pm_reply', 'button_pm_reply.gif', 'fr', 25, 98, 1),
(428, 'button_topic_locked', 'button_topic_locked.gif', 'fr', 25, 113, 1),
(429, 'button_topic_new', 'button_topic_new.gif', 'fr', 25, 133, 1),
(430, 'button_topic_reply', 'button_topic_reply.gif', 'fr', 25, 98, 1),
(431, 'icon_contact_pm', 'icon_contact_pm.gif', 'en', 20, 28, 1),
(432, 'icon_post_edit', 'icon_post_edit.gif', 'en', 20, 42, 1),
(433, 'icon_post_quote', 'icon_post_quote.gif', 'en', 20, 54, 1),
(434, 'icon_user_online', 'icon_user_online.gif', 'en', 58, 58, 1),
(435, 'button_pm_forward', 'button_pm_forward.gif', 'en', 25, 96, 1),
(436, 'button_pm_new', 'button_pm_new.gif', 'en', 25, 84, 1),
(437, 'button_pm_reply', 'button_pm_reply.gif', 'en', 25, 96, 1),
(438, 'button_topic_locked', 'button_topic_locked.gif', 'en', 25, 88, 1),
(439, 'button_topic_new', 'button_topic_new.gif', 'en', 25, 96, 1),
(440, 'button_topic_reply', 'button_topic_reply.gif', 'en', 25, 96, 1);

-- --------------------------------------------------------

--
-- Structure de la table `phpbb_styles_template`
--

CREATE TABLE IF NOT EXISTS `phpbb_styles_template` (
  `template_id` mediumint(8) unsigned NOT NULL AUTO_INCREMENT,
  `template_name` varchar(255) COLLATE utf8_bin NOT NULL DEFAULT '',
  `template_copyright` varchar(255) COLLATE utf8_bin NOT NULL DEFAULT '',
  `template_path` varchar(100) COLLATE utf8_bin NOT NULL DEFAULT '',
  `bbcode_bitfield` varchar(255) COLLATE utf8_bin NOT NULL DEFAULT 'kNg=',
  `template_storedb` tinyint(1) unsigned NOT NULL DEFAULT '0',
  `template_inherits_id` int(4) unsigned NOT NULL DEFAULT '0',
  `template_inherit_path` varchar(255) COLLATE utf8_bin NOT NULL DEFAULT '',
  PRIMARY KEY (`template_id`),
  UNIQUE KEY `tmplte_nm` (`template_name`)
) ENGINE=InnoDB  DEFAULT CHARSET=utf8 COLLATE=utf8_bin AUTO_INCREMENT=2 ;

--
-- Contenu de la table `phpbb_styles_template`
--

INSERT INTO `phpbb_styles_template` (`template_id`, `template_name`, `template_copyright`, `template_path`, `bbcode_bitfield`, `template_storedb`, `template_inherits_id`, `template_inherit_path`) VALUES
(1, 'prosilver', '&copy; phpBB Group', 'prosilver', 'lNg=', 0, 0, '');

-- --------------------------------------------------------

--
-- Structure de la table `phpbb_styles_template_data`
--

CREATE TABLE IF NOT EXISTS `phpbb_styles_template_data` (
  `template_id` mediumint(8) unsigned NOT NULL DEFAULT '0',
  `template_filename` varchar(100) COLLATE utf8_bin NOT NULL DEFAULT '',
  `template_included` text COLLATE utf8_bin NOT NULL,
  `template_mtime` int(11) unsigned NOT NULL DEFAULT '0',
  `template_data` mediumtext COLLATE utf8_bin NOT NULL,
  KEY `tid` (`template_id`),
  KEY `tfn` (`template_filename`)
) ENGINE=InnoDB DEFAULT CHARSET=utf8 COLLATE=utf8_bin;

-- --------------------------------------------------------

--
-- Structure de la table `phpbb_styles_theme`
--

CREATE TABLE IF NOT EXISTS `phpbb_styles_theme` (
  `theme_id` mediumint(8) unsigned NOT NULL AUTO_INCREMENT,
  `theme_name` varchar(255) COLLATE utf8_bin NOT NULL DEFAULT '',
  `theme_copyright` varchar(255) COLLATE utf8_bin NOT NULL DEFAULT '',
  `theme_path` varchar(100) COLLATE utf8_bin NOT NULL DEFAULT '',
  `theme_storedb` tinyint(1) unsigned NOT NULL DEFAULT '0',
  `theme_mtime` int(11) unsigned NOT NULL DEFAULT '0',
  `theme_data` mediumtext COLLATE utf8_bin NOT NULL,
  PRIMARY KEY (`theme_id`),
  UNIQUE KEY `theme_name` (`theme_name`)
) ENGINE=InnoDB  DEFAULT CHARSET=utf8 COLLATE=utf8_bin AUTO_INCREMENT=2 ;

--
-- Contenu de la table `phpbb_styles_theme`
--

INSERT INTO `phpbb_styles_theme` (`theme_id`, `theme_name`, `theme_copyright`, `theme_path`, `theme_storedb`, `theme_mtime`, `theme_data`) VALUES
(1, 'prosilver', '&copy; phpBB Group', 'prosilver', 1, 1375612082, '/*  phpBB3 Style Sheet\n    --------------------------------------------------------------\n	Style name:			prosilver (the default phpBB 3.0.x style)\n	Based on style:		\n	Original author:	Tom Beddard ( http://www.subblue.com/ )\n	Modified by:		phpBB Group ( http://www.phpbb.com/ )\n    --------------------------------------------------------------\n*/\n\n/* General Markup Styles\n---------------------------------------- */\n\n* {\n	/* Reset browsers default margin, padding and font sizes */\n	margin: 0;\n	padding: 0;\n}\n\nhtml {\n	font-size: 100%;\n	/* Always show a scrollbar for short pages - stops the jump when the scrollbar appears. non-IE browsers */\n	height: 101%;\n}\n\nbody {\n	/* Text-Sizing with ems: http://www.clagnut.com/blog/348/ */\n	font-family: Verdana, Helvetica, Arial, sans-serif;\n	color: #828282;\n	background-color: #FFFFFF;\n	/*font-size: 62.5%;			 This sets the default font size to be equivalent to 10px */\n	font-size: 10px;\n	margin: 0;\n	padding: 12px 0;\n}\n\nh1 {\n	/* Forum name */\n	font-family: "Trebuchet MS", Arial, Helvetica, sans-serif;\n	margin-right: 200px;\n	color: #FFFFFF;\n	margin-top: 15px;\n	font-weight: bold;\n	font-size: 2em;\n}\n\nh2 {\n	/* Forum header titles */\n	font-family: "Trebuchet MS", Arial, Helvetica, sans-serif;\n	font-weight: normal;\n	color: #3f3f3f;\n	font-size: 2em;\n	margin: 0.8em 0 0.2em 0;\n}\n\nh2.solo {\n	margin-bottom: 1em;\n}\n\nh3 {\n	/* Sub-headers (also used as post headers, but defined later) */\n	font-family: Arial, Helvetica, sans-serif;\n	font-weight: bold;\n	text-transform: uppercase;\n	border-bottom: 1px solid #CCCCCC;\n	margin-bottom: 3px;\n	padding-bottom: 2px;\n	font-size: 1.05em;\n	color: #989898;\n	margin-top: 20px;\n}\n\nh4 {\n	/* Forum and topic list titles */\n	font-family: "Trebuchet MS", Verdana, Helvetica, Arial, Sans-serif;\n	font-size: 1.3em;\n}\n\np {\n	line-height: 1.3em;\n	font-size: 1.1em;\n	margin-bottom: 1.5em;\n}\n\nimg {\n	border-width: 0;\n}\n\nhr {\n	/* Also see tweaks.css */\n	border: 0 none #FFFFFF;\n	border-top: 1px solid #CCCCCC;\n	height: 1px;\n	margin: 5px 0;\n	display: block;\n	clear: both;\n}\n\nhr.dashed {\n	border-top: 1px dashed #CCCCCC;\n	margin: 10px 0;\n}\n\nhr.divider {\n	display: none;\n}\n\np.right {\n	text-align: right;\n}\n\n/* Main blocks\n---------------------------------------- */\n#wrap {\n	padding: 0 20px;\n	min-width: 650px;\n}\n\n#simple-wrap {\n	padding: 6px 10px;\n}\n\n#page-body {\n	margin: 4px 0;\n	clear: both;\n}\n\n#page-footer {\n	clear: both;\n}\n\n#page-footer h3 {\n	margin-top: 20px;\n}\n\n#logo {\n	float: left;\n	width: auto;\n	padding: 10px 13px 0 10px;\n}\n\na#logo:hover {\n	text-decoration: none;\n}\n\n/* Search box\n--------------------------------------------- */\n#search-box {\n	color: #FFFFFF;\n	position: relative;\n	margin-top: 30px;\n	margin-right: 5px;\n	display: block;\n	float: right;\n	text-align: right;\n	white-space: nowrap; /* For Opera */\n}\n\n#search-box #keywords {\n	width: 95px;\n	background-color: #FFF;\n}\n\n#search-box input {\n	border: 1px solid #b0b0b0;\n}\n\n/* .button1 style defined later, just a few tweaks for the search button version */\n#search-box input.button1 {\n	padding: 1px 5px;\n}\n\n#search-box li {\n	text-align: right;\n	margin-top: 4px;\n}\n\n#search-box img {\n	vertical-align: middle;\n	margin-right: 3px;\n}\n\n/* Site description and logo */\n#site-description {\n	float: left;\n	width: 70%;\n}\n\n#site-description h1 {\n	margin-right: 0;\n}\n\n/* Round cornered boxes and backgrounds\n---------------------------------------- */\n.headerbar {\n	background: #ebebeb none repeat-x 0 0;\n	color: #FFFFFF;\n	margin-bottom: 4px;\n	padding: 0 5px;\n}\n\n.navbar {\n	background-color: #ebebeb;\n	padding: 0 10px;\n}\n\n.forabg {\n	background: #b1b1b1 none repeat-x 0 0;\n	margin-bottom: 4px;\n	padding: 0 5px;\n	clear: both;\n}\n\n.forumbg {\n	background: #ebebeb none repeat-x 0 0;\n	margin-bottom: 4px;\n	padding: 0 5px;\n	clear: both;\n}\n\n.panel {\n	margin-bottom: 4px;\n	padding: 0 10px;\n	background-color: #f3f3f3;\n	color: #3f3f3f;\n}\n\n.post {\n	padding: 0 10px;\n	margin-bottom: 4px;\n	background-repeat: no-repeat;\n	background-position: 100% 0;\n}\n\n.post:target .content {\n	color: #000000;\n}\n\n.post:target h3 a {\n	color: #000000;\n}\n\n.bg1	{ background-color: #f7f7f7;}\n.bg2	{ background-color: #f2f2f2; }\n.bg3	{ background-color: #ebebeb; }\n\n.rowbg {\n	margin: 5px 5px 2px 5px;\n}\n\n.ucprowbg {\n	background-color: #e2e2e2;\n}\n\n.fieldsbg {\n	/*border: 1px #DBDEE2 solid;*/\n	background-color: #eaeaea;\n}\n\nspan.corners-top, span.corners-bottom, span.corners-top span, span.corners-bottom span {\n	font-size: 1px;\n	line-height: 1px;\n	display: block;\n	height: 5px;\n	background-repeat: no-repeat;\n}\n\nspan.corners-top {\n	background-image: none;\n	background-position: 0 0;\n	margin: 0 -5px;\n}\n\nspan.corners-top span {\n	background-image: none;\n	background-position: 100% 0;\n}\n\nspan.corners-bottom {\n	background-image: none;\n	background-position: 0 100%;\n	margin: 0 -5px;\n	clear: both;\n}\n\nspan.corners-bottom span {\n	background-image: none;\n	background-position: 100% 100%;\n}\n\n.headbg span.corners-bottom {\n	margin-bottom: -1px;\n}\n\n.post span.corners-top, .post span.corners-bottom, .panel span.corners-top, .panel span.corners-bottom, .navbar span.corners-top, .navbar span.corners-bottom {\n	margin: 0 -10px;\n}\n\n.rules span.corners-top {\n	margin: 0 -10px 5px -10px;\n}\n\n.rules span.corners-bottom {\n	margin: 5px -10px 0 -10px;\n}\n\n/* Horizontal lists\n----------------------------------------*/\nul.linklist {\n	display: block;\n	margin: 0;\n}\n\nul.linklist li {\n	display: block;\n	list-style-type: none;\n	float: left;\n	width: auto;\n	margin-right: 5px;\n	font-size: 1.1em;\n	line-height: 2.2em;\n}\n\nul.linklist li.rightside, p.rightside {\n	float: right;\n	margin-right: 0;\n	margin-left: 5px;\n	text-align: right;\n}\n\nul.navlinks {\n	padding-bottom: 1px;\n	margin-bottom: 1px;\n	border-bottom: 1px solid #FFFFFF;\n	font-weight: bold;\n}\n\nul.leftside {\n	float: left;\n	margin-left: 0;\n	margin-right: 5px;\n	text-align: left;\n}\n\nul.rightside {\n	float: right;\n	margin-left: 5px;\n	margin-right: -5px;\n	text-align: right;\n}\n\n/* Table styles\n----------------------------------------*/\ntable.table1 {\n	/* See tweaks.css */\n}\n\n#ucp-main table.table1 {\n	padding: 2px;\n}\n\ntable.table1 thead th {\n	font-weight: normal;\n	text-transform: uppercase;\n	color: #FFFFFF;\n	line-height: 1.3em;\n	font-size: 1em;\n	padding: 0 0 4px 3px;\n}\n\ntable.table1 thead th span {\n	padding-left: 7px;\n}\n\ntable.table1 tbody tr {\n	border: 1px solid #cfcfcf;\n}\n\ntable.table1 tbody tr:hover, table.table1 tbody tr.hover {\n	background-color: #f6f6f6;\n	color: #000;\n}\n\ntable.table1 td {\n	color: #6a6a6a;\n	font-size: 1.1em;\n}\n\ntable.table1 tbody td {\n	padding: 5px;\n	border-top: 1px solid #FAFAFA;\n}\n\ntable.table1 tbody th {\n	padding: 5px;\n	border-bottom: 1px solid #000000;\n	text-align: left;\n	color: #333333;\n	background-color: #FFFFFF;\n}\n\n/* Specific column styles */\ntable.table1 .name		{ text-align: left; }\ntable.table1 .posts		{ text-align: center !important; width: 7%; }\ntable.table1 .joined	{ text-align: left; width: 15%; }\ntable.table1 .active	{ text-align: left; width: 15%; }\ntable.table1 .mark		{ text-align: center; width: 7%; }\ntable.table1 .info		{ text-align: left; width: 30%; }\ntable.table1 .info div	{ width: 100%; white-space: normal; overflow: hidden; }\ntable.table1 .autocol	{ line-height: 2em; white-space: nowrap; }\ntable.table1 thead .autocol { padding-left: 1em; }\n\ntable.table1 span.rank-img {\n	float: right;\n	width: auto;\n}\n\ntable.info td {\n	padding: 3px;\n}\n\ntable.info tbody th {\n	padding: 3px;\n	text-align: right;\n	vertical-align: top;\n	color: #000000;\n	font-weight: normal;\n}\n\n.forumbg table.table1 {\n	margin: 0;\n}\n\n.forumbg-table > .inner {\n	margin: 0 -1px;\n}\n\n.forumbg-table > .inner > span.corners-top {\n	margin: 0 -4px -1px -4px;\n}\n\n.forumbg-table > .inner > span.corners-bottom {\n	margin: -1px -4px 0 -4px;\n}\n\n/* Misc layout styles\n---------------------------------------- */\n/* column[1-2] styles are containers for two column layouts \n   Also see tweaks.css */\n.column1 {\n	float: left;\n	clear: left;\n	width: 49%;\n}\n\n.column2 {\n	float: right;\n	clear: right;\n	width: 49%;\n}\n\n/* General classes for placing floating blocks */\n.left-box {\n	float: left;\n	width: auto;\n	text-align: left;\n}\n\n.right-box {\n	float: right;\n	width: auto;\n	text-align: right;\n}\n\ndl.details {\n	/*font-family: "Lucida Grande", Verdana, Helvetica, Arial, sans-serif;*/\n	font-size: 1.1em;\n}\n\ndl.details dt {\n	float: left;\n	clear: left;\n	width: 30%;\n	text-align: right;\n	color: #000000;\n	display: block;\n}\n\ndl.details dd {\n	margin-left: 0;\n	padding-left: 5px;\n	margin-bottom: 5px;\n	color: #828282;\n	float: left;\n	width: 65%;\n}\n\n/* Pagination\n---------------------------------------- */\n.pagination {\n	height: 1%; /* IE tweak (holly hack) */\n	width: auto;\n	text-align: right;\n	margin-top: 5px;\n	float: right;\n}\n\n.pagination span.page-sep {\n	display: none;\n}\n\nli.pagination {\n	margin-top: 0;\n}\n\n.pagination strong, .pagination b {\n	font-weight: normal;\n}\n\n.pagination span strong {\n	padding: 0 2px;\n	margin: 0 2px;\n	font-weight: normal;\n	color: #FFFFFF;\n	background-color: #bfbfbf;\n	border: 1px solid #bfbfbf;\n	font-size: 0.9em;\n}\n\n.pagination span a, .pagination span a:link, .pagination span a:visited, .pagination span a:active {\n	font-weight: normal;\n	text-decoration: none;\n	color: #747474;\n	margin: 0 2px;\n	padding: 0 2px;\n	background-color: #eeeeee;\n	border: 1px solid #bababa;\n	font-size: 0.9em;\n	line-height: 1.5em;\n}\n\n.pagination span a:hover {\n	border-color: #d2d2d2;\n	background-color: #d2d2d2;\n	color: #FFF;\n	text-decoration: none;\n}\n\n.pagination img {\n	vertical-align: middle;\n}\n\n/* Pagination in viewforum for multipage topics */\n.row .pagination {\n	display: block;\n	float: right;\n	width: auto;\n	margin-top: 0;\n	padding: 1px 0 1px 15px;\n	font-size: 0.9em;\n	background: none 0 50% no-repeat;\n}\n\n.row .pagination span a, li.pagination span a {\n	background-color: #FFFFFF;\n}\n\n.row .pagination span a:hover, li.pagination span a:hover {\n	background-color: #d2d2d2;\n}\n\n/* Miscellaneous styles\n---------------------------------------- */\n#forum-permissions {\n	float: right;\n	width: auto;\n	padding-left: 5px;\n	margin-left: 5px;\n	margin-top: 10px;\n	text-align: right;\n}\n\n.copyright {\n	padding: 5px;\n	text-align: center;\n	color: #555555;\n}\n\n.small {\n	font-size: 0.9em !important;\n}\n\n.titlespace {\n	margin-bottom: 15px;\n}\n\n.headerspace {\n	margin-top: 20px;\n}\n\n.error {\n	color: #bcbcbc;\n	font-weight: bold;\n	font-size: 1em;\n}\n\n.reported {\n	background-color: #f7f7f7;\n}\n\nli.reported:hover {\n	background-color: #ececec;\n}\n\ndiv.rules {\n	background-color: #ececec;\n	color: #bcbcbc;\n	padding: 0 10px;\n	margin: 10px 0;\n	font-size: 1.1em;\n}\n\ndiv.rules ul, div.rules ol {\n	margin-left: 20px;\n}\n\np.rules {\n	background-color: #ececec;\n	background-image: none;\n	padding: 5px;\n}\n\np.rules img {\n	vertical-align: middle;\n	padding-top: 5px;\n}\n\np.rules a {\n	vertical-align: middle;\n	clear: both;\n}\n\n#top {\n	position: absolute;\n	top: -20px;\n}\n\n.clear {\n	display: block;\n	clear: both;\n	font-size: 1px;\n	line-height: 1px;\n	background: transparent;\n}\n/* Link Styles\n---------------------------------------- */\n\n/* Links adjustment to correctly display an order of rtl/ltr mixed content */\na {\n	direction: ltr;\n	unicode-bidi: embed;\n}\n\na:link	{ color: #898989; text-decoration: none; }\na:visited	{ color: #898989; text-decoration: none; }\na:hover	{ color: #d3d3d3; text-decoration: underline; }\na:active	{ color: #d2d2d2; text-decoration: none; }\n\n/* Coloured usernames */\n.username-coloured {\n	font-weight: bold;\n	display: inline !important;\n	padding: 0 !important;\n}\n\n/* Links on gradient backgrounds */\n#search-box a:link, .navbg a:link, .forumbg .header a:link, .forabg .header a:link, th a:link {\n	color: #FFFFFF;\n	text-decoration: none;\n}\n\n#search-box a:visited, .navbg a:visited, .forumbg .header a:visited, .forabg .header a:visited, th a:visited {\n	color: #FFFFFF;\n	text-decoration: none;\n}\n\n#search-box a:hover, .navbg a:hover, .forumbg .header a:hover, .forabg .header a:hover, th a:hover {\n	color: #ffffff;\n	text-decoration: underline;\n}\n\n#search-box a:active, .navbg a:active, .forumbg .header a:active, .forabg .header a:active, th a:active {\n	color: #ffffff;\n	text-decoration: none;\n}\n\n/* Links for forum/topic lists */\na.forumtitle {\n	font-family: "Trebuchet MS", Helvetica, Arial, Sans-serif;\n	font-size: 1.2em;\n	font-weight: bold;\n	color: #898989;\n	text-decoration: none;\n}\n\n/* a.forumtitle:visited { color: #898989; } */\n\na.forumtitle:hover {\n	color: #bcbcbc;\n	text-decoration: underline;\n}\n\na.forumtitle:active {\n	color: #898989;\n}\n\na.topictitle {\n	font-family: "Trebuchet MS", Helvetica, Arial, Sans-serif;\n	font-size: 1.2em;\n	font-weight: bold;\n	color: #898989;\n	text-decoration: none;\n}\n\n/* a.topictitle:visited { color: #d2d2d2; } */\n\na.topictitle:hover {\n	color: #bcbcbc;\n	text-decoration: underline;\n}\n\na.topictitle:active {\n	color: #898989;\n}\n\n/* Post body links */\n.postlink {\n	text-decoration: none;\n	color: #d2d2d2;\n	border-bottom: 1px solid #d2d2d2;\n	padding-bottom: 0;\n}\n\n/* .postlink:visited { color: #bdbdbd; } */\n\n.postlink:active {\n	color: #d2d2d2;\n}\n\n.postlink:hover {\n	background-color: #f6f6f6;\n	text-decoration: none;\n	color: #404040;\n}\n\n.signature a, .signature a:visited, .signature a:hover, .signature a:active {\n	border: none;\n	text-decoration: underline;\n	background-color: transparent;\n}\n\n/* Profile links */\n.postprofile a:link, .postprofile a:visited, .postprofile dt.author a {\n	font-weight: bold;\n	color: #898989;\n	text-decoration: none;\n}\n\n.postprofile a:hover, .postprofile dt.author a:hover {\n	text-decoration: underline;\n	color: #d3d3d3;\n}\n\n/* CSS spec requires a:link, a:visited, a:hover and a:active rules to be specified in this order. */\n/* See http://www.phpbb.com/bugs/phpbb3/59685 */\n.postprofile a:active {\n	font-weight: bold;\n	color: #898989;\n	text-decoration: none;\n}\n\n\n/* Profile searchresults */	\n.search .postprofile a {\n	color: #898989;\n	text-decoration: none; \n	font-weight: normal;\n}\n\n.search .postprofile a:hover {\n	color: #d3d3d3;\n	text-decoration: underline; \n}\n\n/* Back to top of page */\n.back2top {\n	clear: both;\n	height: 11px;\n	text-align: right;\n}\n\na.top {\n	background: none no-repeat top left;\n	text-decoration: none;\n	width: {IMG_ICON_BACK_TOP_WIDTH}px;\n	height: {IMG_ICON_BACK_TOP_HEIGHT}px;\n	display: block;\n	float: right;\n	overflow: hidden;\n	letter-spacing: 1000px;\n	text-indent: 11px;\n}\n\na.top2 {\n	background: none no-repeat 0 50%;\n	text-decoration: none;\n	padding-left: 15px;\n}\n\n/* Arrow links  */\na.up		{ background: none no-repeat left center; }\na.down		{ background: none no-repeat right center; }\na.left		{ background: none no-repeat 3px 60%; }\na.right		{ background: none no-repeat 95% 60%; }\n\na.up, a.up:link, a.up:active, a.up:visited {\n	padding-left: 10px;\n	text-decoration: none;\n	border-bottom-width: 0;\n}\n\na.up:hover {\n	background-position: left top;\n	background-color: transparent;\n}\n\na.down, a.down:link, a.down:active, a.down:visited {\n	padding-right: 10px;\n}\n\na.down:hover {\n	background-position: right bottom;\n	text-decoration: none;\n}\n\na.left, a.left:active, a.left:visited {\n	padding-left: 12px;\n}\n\na.left:hover {\n	color: #d2d2d2;\n	text-decoration: none;\n	background-position: 0 60%;\n}\n\na.right, a.right:active, a.right:visited {\n	padding-right: 12px;\n}\n\na.right:hover {\n	color: #d2d2d2;\n	text-decoration: none;\n	background-position: 100% 60%;\n}\n\n/* invisible skip link, used for accessibility  */\n.skiplink {\n	position: absolute;\n	left: -999px;\n	width: 990px;\n}\n\n/* Feed icon in forumlist_body.html */\na.feed-icon-forum {\n	float: right;\n	margin: 3px;\n}\n/* Content Styles\n---------------------------------------- */\n\nul.topiclist {\n	display: block;\n	list-style-type: none;\n	margin: 0;\n}\n\nul.forums {\n	background: #f9f9f9 none repeat-x 0 0;\n}\n\nul.topiclist li {\n	display: block;\n	list-style-type: none;\n	color: #777777;\n	margin: 0;\n}\n\nul.topiclist dl {\n	position: relative;\n}\n\nul.topiclist li.row dl {\n	padding: 2px 0;\n}\n\nul.topiclist dt {\n	display: block;\n	float: left;\n	width: 50%;\n	font-size: 1.1em;\n	padding-left: 5px;\n	padding-right: 5px;\n}\n\nul.topiclist dd {\n	display: block;\n	float: left;\n	border-left: 1px solid #FFFFFF;\n	padding: 4px 0;\n}\n\nul.topiclist dfn {\n	/* Labels for post/view counts */\n	position: absolute;\n	left: -999px;\n	width: 990px;\n}\n\nul.topiclist li.row dt a.subforum {\n	background-image: none;\n	background-position: 0 50%;\n	background-repeat: no-repeat;\n	position: relative;\n	white-space: nowrap;\n	padding: 0 0 0 12px;\n}\n\n.forum-image {\n	float: left;\n	padding-top: 5px;\n	margin-right: 5px;\n}\n\nli.row {\n	border-top: 1px solid #FFFFFF;\n	border-bottom: 1px solid #8f8f8f;\n}\n\nli.row strong {\n	font-weight: normal;\n	color: #000000;\n}\n\nli.row:hover {\n	background-color: #f6f6f6;\n}\n\nli.row:hover dd {\n	border-left-color: #CCCCCC;\n}\n\nli.header dt, li.header dd {\n	line-height: 1em;\n	border-left-width: 0;\n	margin: 2px 0 4px 0;\n	color: #FFFFFF;\n	padding-top: 2px;\n	padding-bottom: 2px;\n	font-size: 1em;\n	font-family: Arial, Helvetica, sans-serif;\n	text-transform: uppercase;\n}\n\nli.header dt {\n	font-weight: bold;\n}\n\nli.header dd {\n	margin-left: 1px;\n}\n\nli.header dl.icon {\n	min-height: 0;\n}\n\nli.header dl.icon dt {\n	/* Tweak for headers alignment when folder icon used */\n	padding-left: 0;\n	padding-right: 50px;\n}\n\n/* Forum list column styles */\ndl.icon {\n	min-height: 35px;\n	background-position: 10px 50%;		/* Position of folder icon */\n	background-repeat: no-repeat;\n}\n\ndl.icon dt {\n	padding-left: 45px;					/* Space for folder icon */\n	background-repeat: no-repeat;\n	background-position: 5px 95%;		/* Position of topic icon */\n}\n\ndd.posts, dd.topics, dd.views {\n	width: 8%;\n	text-align: center;\n	line-height: 2.2em;\n	font-size: 1.2em;\n}\n\n/* List in forum description */\ndl.icon dt ol,\ndl.icon dt ul {\n	list-style-position: inside;\n	margin-left: 1em;\n}\n\ndl.icon dt li {\n	display: list-item;\n	list-style-type: inherit;\n}\n\ndd.lastpost {\n	width: 25%;\n	font-size: 1.1em;\n}\n\ndd.redirect {\n	font-size: 1.1em;\n	line-height: 2.5em;\n}\n\ndd.moderation {\n	font-size: 1.1em;\n}\n\ndd.lastpost span, ul.topiclist dd.searchby span, ul.topiclist dd.info span, ul.topiclist dd.time span, dd.redirect span, dd.moderation span {\n	display: block;\n	padding-left: 5px;\n}\n\ndd.time {\n	width: auto;\n	line-height: 200%;\n	font-size: 1.1em;\n}\n\ndd.extra {\n	width: 12%;\n	line-height: 200%;\n	text-align: center;\n	font-size: 1.1em;\n}\n\ndd.mark {\n	float: right !important;\n	width: 9%;\n	text-align: center;\n	line-height: 200%;\n	font-size: 1.2em;\n}\n\ndd.info {\n	width: 30%;\n}\n\ndd.option {\n	width: 15%;\n	line-height: 200%;\n	text-align: center;\n	font-size: 1.1em;\n}\n\ndd.searchby {\n	width: 47%;\n	font-size: 1.1em;\n	line-height: 1em;\n}\n\nul.topiclist dd.searchextra {\n	margin-left: 5px;\n	padding: 0.2em 0;\n	font-size: 1.1em;\n	color: #333333;\n	border-left: none;\n	clear: both;\n	width: 98%;\n	overflow: hidden;\n}\n\n/* Container for post/reply buttons and pagination */\n.topic-actions {\n	margin-bottom: 3px;\n	font-size: 1.1em;\n	height: 28px;\n	min-height: 28px;\n}\ndiv[class].topic-actions {\n	height: auto;\n}\n\n/* Post body styles\n----------------------------------------*/\n.postbody {\n	padding: 0;\n	line-height: 1.48em;\n	color: #333333;\n	width: 76%;\n	float: left;\n	clear: both;\n}\n\n.postbody .ignore {\n	font-size: 1.1em;\n}\n\n.postbody h3.first {\n	/* The first post on the page uses this */\n	font-size: 1.7em;\n}\n\n.postbody h3 {\n	/* Postbody requires a different h3 format - so change it here */\n	font-size: 1.5em;\n	padding: 2px 0 0 0;\n	margin: 0 0 0.3em 0 !important;\n	text-transform: none;\n	border: none;\n	font-family: "Trebuchet MS", Verdana, Helvetica, Arial, sans-serif;\n	line-height: 125%;\n}\n\n.postbody h3 img {\n	/* Also see tweaks.css */\n	vertical-align: bottom;\n}\n\n.postbody .content {\n	font-size: 1.3em;\n}\n\n.search .postbody {\n	width: 68%\n}\n\n/* Topic review panel\n----------------------------------------*/\n#review {\n	margin-top: 2em;\n}\n\n#topicreview {\n	padding-right: 5px;\n	overflow: auto;\n	height: 300px;\n}\n\n#topicreview .postbody {\n	width: auto;\n	float: none;\n	margin: 0;\n	height: auto;\n}\n\n#topicreview .post {\n	height: auto;\n}\n\n#topicreview h2 {\n	border-bottom-width: 0;\n}\n\n.post-ignore .postbody {\n	display: none;\n}\n\n/* MCP Post details\n----------------------------------------*/\n#post_details\n{\n	/* This will only work in IE7+, plus the others */\n	overflow: auto;\n	max-height: 300px;\n}\n\n#expand\n{\n	clear: both;\n}\n\n/* Content container styles\n----------------------------------------*/\n.content {\n	min-height: 3em;\n	overflow: hidden;\n	line-height: 1.4em;\n	font-family: "Lucida Grande", "Trebuchet MS", Verdana, Helvetica, Arial, sans-serif;\n	font-size: 1em;\n	color: #333333;\n	padding-bottom: 1px;\n}\n\n.content h2, .panel h2 {\n	font-weight: normal;\n	color: #989898;\n	border-bottom: 1px solid #CCCCCC;\n	font-size: 1.6em;\n	margin-top: 0.5em;\n	margin-bottom: 0.5em;\n	padding-bottom: 0.5em;\n}\n\n.panel h3 {\n	margin: 0.5em 0;\n}\n\n.panel p {\n	font-size: 1.2em;\n	margin-bottom: 1em;\n	line-height: 1.4em;\n}\n\n.content p {\n	font-family: "Lucida Grande", "Trebuchet MS", Verdana, Helvetica, Arial, sans-serif;\n	font-size: 1.2em;\n	margin-bottom: 1em;\n	line-height: 1.4em;\n}\n\ndl.faq {\n	font-family: "Lucida Grande", Verdana, Helvetica, Arial, sans-serif;\n	font-size: 1.1em;\n	margin-top: 1em;\n	margin-bottom: 2em;\n	line-height: 1.4em;\n}\n\ndl.faq dt {\n	font-weight: bold;\n	color: #333333;\n}\n\n.content dl.faq {\n	font-size: 1.2em;\n	margin-bottom: 0.5em;\n}\n\n.content li {\n	list-style-type: inherit;\n}\n\n.content ul, .content ol {\n	margin-bottom: 1em;\n	margin-left: 3em;\n}\n\n.posthilit {\n	background-color: #f3f3f3;\n	color: #BCBCBC;\n	padding: 0 2px 1px 2px;\n}\n\n.announce, .unreadpost {\n	/* Highlight the announcements & unread posts box */\n	border-left-color: #BCBCBC;\n	border-right-color: #BCBCBC;\n}\n\n/* Post author */\np.author {\n	margin: 0 15em 0.6em 0;\n	padding: 0 0 5px 0;\n	font-family: Verdana, Helvetica, Arial, sans-serif;\n	font-size: 1em;\n	line-height: 1.2em;\n}\n\n/* Post signature */\n.signature {\n	margin-top: 1.5em;\n	padding-top: 0.2em;\n	font-size: 1.1em;\n	border-top: 1px solid #CCCCCC;\n	clear: left;\n	line-height: 140%;\n	overflow: hidden;\n	width: 100%;\n}\n\ndd .signature {\n	margin: 0;\n	padding: 0;\n	clear: none;\n	border: none;\n}\n\n.signature li {\n	list-style-type: inherit;\n}\n\n.signature ul, .signature ol {\n	margin-bottom: 1em;\n	margin-left: 3em;\n}\n\n/* Post noticies */\n.notice {\n	font-family: "Lucida Grande", Verdana, Helvetica, Arial, sans-serif;\n	width: auto;\n	margin-top: 1.5em;\n	padding-top: 0.2em;\n	font-size: 1em;\n	border-top: 1px dashed #CCCCCC;\n	clear: left;\n	line-height: 130%;\n}\n\n/* Jump to post link for now */\nul.searchresults {\n	list-style: none;\n	text-align: right;\n	clear: both;\n}\n\n/* BB Code styles\n----------------------------------------*/\n/* Quote block */\nblockquote {\n	background: #ebebeb none 6px 8px no-repeat;\n	border: 1px solid #dbdbdb;\n	font-size: 0.95em;\n	margin: 0.5em 1px 0 25px;\n	overflow: hidden;\n	padding: 5px;\n}\n\nblockquote blockquote {\n	/* Nested quotes */\n	background-color: #bababa;\n	font-size: 1em;\n	margin: 0.5em 1px 0 15px;	\n}\n\nblockquote blockquote blockquote {\n	/* Nested quotes */\n	background-color: #e4e4e4;\n}\n\nblockquote cite {\n	/* Username/source of quoter */\n	font-style: normal;\n	font-weight: bold;\n	margin-left: 20px;\n	display: block;\n	font-size: 0.9em;\n}\n\nblockquote cite cite {\n	font-size: 1em;\n}\n\nblockquote.uncited {\n	padding-top: 25px;\n}\n\n/* Code block */\ndl.codebox {\n	padding: 3px;\n	background-color: #FFFFFF;\n	border: 1px solid #d8d8d8;\n	font-size: 1em;\n}\n\ndl.codebox dt {\n	text-transform: uppercase;\n	border-bottom: 1px solid #CCCCCC;\n	margin-bottom: 3px;\n	font-size: 0.8em;\n	font-weight: bold;\n	display: block;\n}\n\nblockquote dl.codebox {\n	margin-left: 0;\n}\n\ndl.codebox code {\n	/* Also see tweaks.css */\n	overflow: auto;\n	display: block;\n	height: auto;\n	max-height: 200px;\n	white-space: normal;\n	padding-top: 5px;\n	font: 0.9em Monaco, "Andale Mono","Courier New", Courier, mono;\n	line-height: 1.3em;\n	color: #8b8b8b;\n	margin: 2px 0;\n}\n\n.syntaxbg		{ color: #FFFFFF; }\n.syntaxcomment	{ color: #000000; }\n.syntaxdefault	{ color: #bcbcbc; }\n.syntaxhtml		{ color: #000000; }\n.syntaxkeyword	{ color: #585858; }\n.syntaxstring	{ color: #a7a7a7; }\n\n/* Attachments\n----------------------------------------*/\n.attachbox {\n	float: left;\n	width: auto; \n	margin: 5px 5px 5px 0;\n	padding: 6px;\n	background-color: #FFFFFF;\n	border: 1px dashed #d8d8d8;\n	clear: left;\n}\n\n.pm-message .attachbox {\n	background-color: #f3f3f3;\n}\n\n.attachbox dt {\n	font-family: Arial, Helvetica, sans-serif;\n	text-transform: uppercase;\n}\n\n.attachbox dd {\n	margin-top: 4px;\n	padding-top: 4px;\n	clear: left;\n	border-top: 1px solid #d8d8d8;\n}\n\n.attachbox dd dd {\n	border: none;\n}\n\n.attachbox p {\n	line-height: 110%;\n	color: #666666;\n	font-weight: normal;\n	clear: left;\n}\n\n.attachbox p.stats\n{\n	line-height: 110%;\n	color: #666666;\n	font-weight: normal;\n	clear: left;\n}\n\n.attach-image {\n	margin: 3px 0;\n	width: 100%;\n	max-height: 350px;\n	overflow: auto;\n}\n\n.attach-image img {\n	border: 1px solid #999999;\n/*	cursor: move; */\n	cursor: default;\n}\n\n/* Inline image thumbnails */\ndiv.inline-attachment dl.thumbnail, div.inline-attachment dl.file {\n	display: block;\n	margin-bottom: 4px;\n}\n\ndiv.inline-attachment p {\n	font-size: 100%;\n}\n\ndl.file {\n	font-family: Verdana, Arial, Helvetica, sans-serif;\n	display: block;\n}\n\ndl.file dt {\n	text-transform: none;\n	margin: 0;\n	padding: 0;\n	font-weight: bold;\n	font-family: Verdana, Arial, Helvetica, sans-serif;\n}\n\ndl.file dd {\n	color: #666666;\n	margin: 0;\n	padding: 0;	\n}\n\ndl.thumbnail img {\n	padding: 3px;\n	border: 1px solid #666666;\n	background-color: #FFF;\n}\n\ndl.thumbnail dd {\n	color: #666666;\n	font-style: italic;\n	font-family: Verdana, Arial, Helvetica, sans-serif;\n}\n\n.attachbox dl.thumbnail dd {\n	font-size: 100%;\n}\n\ndl.thumbnail dt a:hover {\n	background-color: #EEEEEE;\n}\n\ndl.thumbnail dt a:hover img {\n	border: 1px solid #d2d2d2;\n}\n\n/* Post poll styles\n----------------------------------------*/\nfieldset.polls {\n	font-family: "Trebuchet MS", Verdana, Helvetica, Arial, sans-serif;\n}\n\nfieldset.polls dl {\n	margin-top: 5px;\n	border-top: 1px solid #e2e2e2;\n	padding: 5px 0 0 0;\n	line-height: 120%;\n	color: #666666;\n}\n\nfieldset.polls dl.voted {\n	font-weight: bold;\n	color: #000000;\n}\n\nfieldset.polls dt {\n	text-align: left;\n	float: left;\n	display: block;\n	width: 30%;\n	border-right: none;\n	padding: 0;\n	margin: 0;\n	font-size: 1.1em;\n}\n\nfieldset.polls dd {\n	float: left;\n	width: 10%;\n	border-left: none;\n	padding: 0 5px;\n	margin-left: 0;\n	font-size: 1.1em;\n}\n\nfieldset.polls dd.resultbar {\n	width: 50%;\n}\n\nfieldset.polls dd input {\n	margin: 2px 0;\n}\n\nfieldset.polls dd div {\n	text-align: right;\n	font-family: Arial, Helvetica, sans-serif;\n	color: #FFFFFF;\n	font-weight: bold;\n	padding: 0 2px;\n	overflow: visible;\n	min-width: 2%;\n}\n\n.pollbar1 {\n	background-color: #aaaaaa;\n	border-bottom: 1px solid #747474;\n	border-right: 1px solid #747474;\n}\n\n.pollbar2 {\n	background-color: #bebebe;\n	border-bottom: 1px solid #8c8c8c;\n	border-right: 1px solid #8c8c8c;\n}\n\n.pollbar3 {\n	background-color: #D1D1D1;\n	border-bottom: 1px solid #aaaaaa;\n	border-right: 1px solid #aaaaaa;\n}\n\n.pollbar4 {\n	background-color: #e4e4e4;\n	border-bottom: 1px solid #bebebe;\n	border-right: 1px solid #bebebe;\n}\n\n.pollbar5 {\n	background-color: #f8f8f8;\n	border-bottom: 1px solid #D1D1D1;\n	border-right: 1px solid #D1D1D1;\n}\n\n/* Poster profile block\n----------------------------------------*/\n.postprofile {\n	/* Also see tweaks.css */\n	margin: 5px 0 10px 0;\n	min-height: 80px;\n	color: #666666;\n	border-left: 1px solid #FFFFFF;\n	width: 22%;\n	float: right;\n	display: inline;\n}\n.pm .postprofile {\n	border-left: 1px solid #DDDDDD;\n}\n\n.postprofile dd, .postprofile dt {\n	line-height: 1.2em;\n	margin-left: 8px;\n}\n\n.postprofile strong {\n	font-weight: normal;\n	color: #000000;\n}\n\n.avatar {\n	border: none;\n	margin-bottom: 3px;\n}\n\n.online {\n	background-image: none;\n	background-position: 100% 0;\n	background-repeat: no-repeat;\n}\n\n/* Poster profile used by search*/\n.search .postprofile {\n	width: 30%;\n}\n\n/* pm list in compose message if mass pm is enabled */\ndl.pmlist dt {\n	width: 60% !important;\n}\n\ndl.pmlist dt textarea {\n	width: 95%;\n}\n\ndl.pmlist dd {\n	margin-left: 61% !important;\n	margin-bottom: 2px;\n}\n/* Button Styles\n---------------------------------------- */\n\n/* Rollover buttons\n   Based on: http://wellstyled.com/css-nopreload-rollovers.html\n----------------------------------------*/\n.buttons {\n	float: left;\n	width: auto;\n	height: auto;\n}\n\n/* Rollover state */\n.buttons div {\n	float: left;\n	margin: 0 5px 0 0;\n	background-position: 0 100%;\n}\n\n/* Rolloff state */\n.buttons div a {\n	display: block;\n	width: 100%;\n	height: 100%;\n	background-position: 0 0;\n	position: relative;\n	overflow: hidden;\n}\n\n/* Hide <a> text and hide off-state image when rolling over (prevents flicker in IE) */\n/*.buttons div span		{ display: none; }*/\n/*.buttons div a:hover	{ background-image: none; }*/\n.buttons div span			{ position: absolute; width: 100%; height: 100%; cursor: pointer;}\n.buttons div a:hover span	{ background-position: 0 100%; }\n\n/* Big button images */\n.reply-icon span	{ background: transparent none 0 0 no-repeat; }\n.post-icon span		{ background: transparent none 0 0 no-repeat; }\n.locked-icon span	{ background: transparent none 0 0 no-repeat; }\n.pmreply-icon span	{ background: none 0 0 no-repeat; }\n.newpm-icon span 	{ background: none 0 0 no-repeat; }\n.forwardpm-icon span 	{ background: none 0 0 no-repeat; }\n\n/* Set big button dimensions */\n.buttons div.reply-icon		{ width: {IMG_BUTTON_TOPIC_REPLY_WIDTH}px; height: {IMG_BUTTON_TOPIC_REPLY_HEIGHT}px; }\n.buttons div.post-icon		{ width: {IMG_BUTTON_TOPIC_NEW_WIDTH}px; height: {IMG_BUTTON_TOPIC_NEW_HEIGHT}px; }\n.buttons div.locked-icon	{ width: {IMG_BUTTON_TOPIC_LOCKED_WIDTH}px; height: {IMG_BUTTON_TOPIC_LOCKED_HEIGHT}px; }\n.buttons div.pmreply-icon	{ width: {IMG_BUTTON_PM_REPLY_WIDTH}px; height: {IMG_BUTTON_PM_REPLY_HEIGHT}px; }\n.buttons div.newpm-icon		{ width: {IMG_BUTTON_PM_NEW_WIDTH}px; height: {IMG_BUTTON_PM_NEW_HEIGHT}px; }\n.buttons div.forwardpm-icon	{ width: {IMG_BUTTON_PM_FORWARD_WIDTH}px; height: {IMG_BUTTON_PM_FORWARD_HEIGHT}px; }\n\n/* Sub-header (navigation bar)\n--------------------------------------------- */\na.print, a.sendemail, a.fontsize {\n	display: block;\n	overflow: hidden;\n	height: 18px;\n	text-indent: -5000px;\n	text-align: left;\n	background-repeat: no-repeat;\n}\n\na.print {\n	background-image: none;\n	width: 22px;\n}\n\na.sendemail {\n	background-image: none;\n	width: 22px;\n}\n\na.fontsize {\n	background-image: none;\n	background-position: 0 -1px;\n	width: 29px;\n}\n\na.fontsize:hover {\n	background-position: 0 -20px;\n	text-decoration: none;\n}\n\n/* Icon images\n---------------------------------------- */\n.sitehome, .icon-faq, .icon-members, .icon-home, .icon-ucp, .icon-register, .icon-logout,\n.icon-bookmark, .icon-bump, .icon-subscribe, .icon-unsubscribe, .icon-pages, .icon-search {\n	background-position: 0 50%;\n	background-repeat: no-repeat;\n	background-image: none;\n	padding: 1px 0 0 17px;\n}\n\n/* Poster profile icons\n----------------------------------------*/\nul.profile-icons {\n	padding-top: 10px;\n	list-style: none;\n}\n\n/* Rollover state */\nul.profile-icons li {\n	float: left;\n	margin: 0 6px 3px 0;\n	background-position: 0 100%;\n}\n\n/* Rolloff state */\nul.profile-icons li a {\n	display: block;\n	width: 100%;\n	height: 100%;\n	background-position: 0 0;\n}\n\n/* Hide <a> text and hide off-state image when rolling over (prevents flicker in IE) */\nul.profile-icons li span { display:none; }\nul.profile-icons li a:hover { background: none; }\n\n/* Positioning of moderator icons */\n.postbody ul.profile-icons {\n	float: right;\n	width: auto;\n	padding: 0;\n}\n\n.postbody ul.profile-icons li {\n	margin: 0 3px;\n}\n\n/* Profile & navigation icons */\n.email-icon, .email-icon a		{ background: none top left no-repeat; }\n.aim-icon, .aim-icon a			{ background: none top left no-repeat; }\n.yahoo-icon, .yahoo-icon a		{ background: none top left no-repeat; }\n.web-icon, .web-icon a			{ background: none top left no-repeat; }\n.msnm-icon, .msnm-icon a			{ background: none top left no-repeat; }\n.icq-icon, .icq-icon a			{ background: none top left no-repeat; }\n.jabber-icon, .jabber-icon a		{ background: none top left no-repeat; }\n.pm-icon, .pm-icon a				{ background: none top left no-repeat; }\n.quote-icon, .quote-icon a		{ background: none top left no-repeat; }\n\n/* Moderator icons */\n.report-icon, .report-icon a		{ background: none top left no-repeat; }\n.warn-icon, .warn-icon a			{ background: none top left no-repeat; }\n.edit-icon, .edit-icon a			{ background: none top left no-repeat; }\n.delete-icon, .delete-icon a		{ background: none top left no-repeat; }\n.info-icon, .info-icon a			{ background: none top left no-repeat; }\n\n/* Set profile icon dimensions */\nul.profile-icons li.email-icon		{ width: {IMG_ICON_CONTACT_EMAIL_WIDTH}px; height: {IMG_ICON_CONTACT_EMAIL_HEIGHT}px; }\nul.profile-icons li.aim-icon	{ width: {IMG_ICON_CONTACT_AIM_WIDTH}px; height: {IMG_ICON_CONTACT_AIM_HEIGHT}px; }\nul.profile-icons li.yahoo-icon	{ width: {IMG_ICON_CONTACT_YAHOO_WIDTH}px; height: {IMG_ICON_CONTACT_YAHOO_HEIGHT}px; }\nul.profile-icons li.web-icon	{ width: {IMG_ICON_CONTACT_WWW_WIDTH}px; height: {IMG_ICON_CONTACT_WWW_HEIGHT}px; }\nul.profile-icons li.msnm-icon	{ width: {IMG_ICON_CONTACT_MSNM_WIDTH}px; height: {IMG_ICON_CONTACT_MSNM_HEIGHT}px; }\nul.profile-icons li.icq-icon	{ width: {IMG_ICON_CONTACT_ICQ_WIDTH}px; height: {IMG_ICON_CONTACT_ICQ_HEIGHT}px; }\nul.profile-icons li.jabber-icon	{ width: {IMG_ICON_CONTACT_JABBER_WIDTH}px; height: {IMG_ICON_CONTACT_JABBER_HEIGHT}px; }\nul.profile-icons li.pm-icon		{ width: {IMG_ICON_CONTACT_PM_WIDTH}px; height: {IMG_ICON_CONTACT_PM_HEIGHT}px; }\nul.profile-icons li.quote-icon	{ width: {IMG_ICON_POST_QUOTE_WIDTH}px; height: {IMG_ICON_POST_QUOTE_HEIGHT}px; }\nul.profile-icons li.report-icon	{ width: {IMG_ICON_POST_REPORT_WIDTH}px; height: {IMG_ICON_POST_REPORT_HEIGHT}px; }\nul.profile-icons li.edit-icon	{ width: {IMG_ICON_POST_EDIT_WIDTH}px; height: {IMG_ICON_POST_EDIT_HEIGHT}px; }\nul.profile-icons li.delete-icon	{ width: {IMG_ICON_POST_DELETE_WIDTH}px; height: {IMG_ICON_POST_DELETE_HEIGHT}px; }\nul.profile-icons li.info-icon	{ width: {IMG_ICON_POST_INFO_WIDTH}px; height: {IMG_ICON_POST_INFO_HEIGHT}px; }\nul.profile-icons li.warn-icon	{ width: {IMG_ICON_USER_WARN_WIDTH}px; height: {IMG_ICON_USER_WARN_HEIGHT}px; }\n\n/* Fix profile icon default margins */\nul.profile-icons li.edit-icon	{ margin: 0 0 0 3px; }\nul.profile-icons li.quote-icon	{ margin: 0 0 0 10px; }\nul.profile-icons li.info-icon, ul.profile-icons li.report-icon	{ margin: 0 3px 0 0; }\n/* Control Panel Styles\n---------------------------------------- */\n\n\n/* Main CP box\n----------------------------------------*/\n#cp-menu {\n	float:left;\n	width: 19%;\n	margin-top: 1em;\n	margin-bottom: 5px;\n}\n\n#cp-main {\n	float: left;\n	width: 81%;\n}\n\n#cp-main .content {\n	padding: 0;\n}\n\n#cp-main h3, #cp-main hr, #cp-menu hr {\n	border-color: #bfbfbf;\n}\n\n#cp-main .panel p {\n	font-size: 1.1em;\n}\n\n#cp-main .panel ol {\n	margin-left: 2em;\n	font-size: 1.1em;\n}\n\n#cp-main .panel li.row {\n	border-bottom: 1px solid #cbcbcb;\n	border-top: 1px solid #F9F9F9;\n}\n\nul.cplist {\n	margin-bottom: 5px;\n	border-top: 1px solid #cbcbcb;\n}\n\n#cp-main .panel li.header dd, #cp-main .panel li.header dt {\n	color: #000000;\n	margin-bottom: 2px;\n}\n\n#cp-main table.table1 {\n	margin-bottom: 1em;\n}\n\n#cp-main table.table1 thead th {\n	color: #333333;\n	font-weight: bold;\n	border-bottom: 1px solid #333333;\n	padding: 5px;\n}\n\n#cp-main table.table1 tbody th {\n	font-style: italic;\n	background-color: transparent !important;\n	border-bottom: none;\n}\n\n#cp-main .pagination {\n	float: right;\n	width: auto;\n	padding-top: 1px;\n}\n\n#cp-main .postbody p {\n	font-size: 1.1em;\n}\n\n#cp-main .pm-message {\n	border: 1px solid #e2e2e2;\n	margin: 10px 0;\n	background-color: #FFFFFF;\n	width: auto;\n	float: none;\n}\n\n.pm-message h2 {\n	padding-bottom: 5px;\n}\n\n#cp-main .postbody h3, #cp-main .box2 h3 {\n	margin-top: 0;\n}\n\n#cp-main .buttons {\n	margin-left: 0;\n}\n\n#cp-main ul.linklist {\n	margin: 0;\n}\n\n/* MCP Specific tweaks */\n.mcp-main .postbody {\n	width: 100%;\n}\n\n.tabs-container h2 {\n	float: left;\n	margin-bottom: 0px;\n}\n\n.tabs-container #minitabs {\n	float: right;\n	margin-top: 19px;\n}\n\n.tabs-container:after {\n	display: block;\n	clear: both;\n	content: '''';\n}\n\n/* CP tabbed menu\n----------------------------------------*/\n#tabs {\n	line-height: normal;\n	margin: 20px 0 -1px 7px;\n	min-width: 570px;\n}\n\n#tabs ul {\n	margin:0;\n	padding: 0;\n	list-style: none;\n}\n\n#tabs li {\n	display: inline;\n	margin: 0;\n	padding: 0;\n	font-size: 1em;\n	font-weight: bold;\n}\n\n#tabs a {\n	float: left;\n	background: none no-repeat 0% -35px;\n	margin: 0 1px 0 0;\n	padding: 0 0 0 5px;\n	text-decoration: none;\n	position: relative;\n	cursor: pointer;\n}\n\n#tabs a span {\n	float: left;\n	display: block;\n	background: none no-repeat 100% -35px;\n	padding: 6px 10px 6px 5px;\n	color: #828282;\n	white-space: nowrap;\n}\n\n#tabs a:hover span {\n	color: #bcbcbc;\n}\n\n#tabs .activetab a {\n	background-position: 0 0;\n	border-bottom: 1px solid #ebebeb;\n}\n\n#tabs .activetab a span {\n	background-position: 100% 0;\n	padding-bottom: 7px;\n	color: #333333;\n}\n\n#tabs a:hover {\n	background-position: 0 -70px;\n}\n\n#tabs a:hover span {\n	background-position:100% -70px;\n}\n\n#tabs .activetab a:hover {\n	background-position: 0 0;\n}\n\n#tabs .activetab a:hover span {\n	color: #000000;\n	background-position: 100% 0;\n}\n\n/* Mini tabbed menu used in MCP\n----------------------------------------*/\n#minitabs {\n	line-height: normal;\n	margin: -20px 7px 0 0;\n}\n\n#minitabs ul {\n	margin:0;\n	padding: 0;\n	list-style: none;\n}\n\n#minitabs li {\n	display: block;\n	float: right;\n	padding: 0 10px 4px 10px;\n	font-size: 1em;\n	font-weight: bold;\n	background-color: #f2f2f2;\n	margin-left: 2px;\n}\n\n#minitabs a {\n}\n\n#minitabs a:hover {\n	text-decoration: none;\n}\n\n#minitabs li.activetab {\n	background-color: #F9F9F9;\n}\n\n#minitabs li.activetab a, #minitabs li.activetab a:hover {\n	color: #333333;\n}\n\n/* UCP navigation menu\n----------------------------------------*/\n/* Container for sub-navigation list */\n#navigation {\n	width: 100%;\n	padding-top: 36px;\n}\n\n#navigation ul {\n	list-style:none;\n}\n\n/* Default list state */\n#navigation li {\n	margin: 1px 0;\n	padding: 0;\n	font-weight: bold;\n	display: inline;\n}\n\n/* Link styles for the sub-section links */\n#navigation a {\n	display: block;\n	padding: 5px;\n	margin: 1px 0;\n	text-decoration: none;\n	font-weight: bold;\n	color: #333;\n	background: #cfcfcf none repeat-y 100% 0;\n}\n\n#navigation a:hover {\n	text-decoration: none;\n	background-color: #c6c6c6;\n	color: #bcbcbc;\n	background-image: none;\n}\n\n#navigation #active-subsection a {\n	display: block;\n	color: #d3d3d3;\n	background-color: #F9F9F9;\n	background-image: none;\n}\n\n#navigation #active-subsection a:hover {\n	color: #d3d3d3;\n}\n\n/* Preferences pane layout\n----------------------------------------*/\n#cp-main h2 {\n	border-bottom: none;\n	padding: 0;\n	margin-left: 10px;\n	color: #333333;\n}\n\n#cp-main .panel {\n	background-color: #F9F9F9;\n}\n\n#cp-main .pm {\n	background-color: #FFFFFF;\n}\n\n#cp-main span.corners-top, #cp-menu span.corners-top {\n	background-image: none;\n}\n\n#cp-main span.corners-top span, #cp-menu span.corners-top span {\n	background-image: none;\n}\n\n#cp-main span.corners-bottom, #cp-menu span.corners-bottom {\n	background-image: none;\n}\n\n#cp-main span.corners-bottom span, #cp-menu span.corners-bottom span {\n	background-image: none;\n}\n\n/* Topicreview */\n#cp-main .panel #topicreview span.corners-top, #cp-menu .panel #topicreview span.corners-top {\n	background-image: none;\n}\n\n#cp-main .panel #topicreview span.corners-top span, #cp-menu .panel #topicreview span.corners-top span {\n	background-image: none;\n}\n\n#cp-main .panel #topicreview span.corners-bottom, #cp-menu .panel #topicreview span.corners-bottom {\n	background-image: none;\n}\n\n#cp-main .panel #topicreview span.corners-bottom span, #cp-menu .panel #topicreview span.corners-bottom span {\n	background-image: none;\n}\n\n/* Friends list */\n.cp-mini {\n	background-color: #f9f9f9;\n	padding: 0 5px;\n	margin: 10px 15px 10px 5px;\n}\n\n.cp-mini span.corners-top, .cp-mini span.corners-bottom {\n	margin: 0 -5px;\n}\n\ndl.mini dt {\n	font-weight: bold;\n	color: #676767;\n}\n\ndl.mini dd {\n	padding-top: 4px;\n}\n\n.friend-online {\n	font-weight: bold;\n}\n\n.friend-offline {\n	font-style: italic;\n}\n\n/* PM Styles\n----------------------------------------*/\n#pm-menu {\n	line-height: 2.5em;\n}\n\n/* PM panel adjustments */\n.reply-all a.left {\n	background-position: 3px 60%;\n}\n\n.reply-all a.left:hover {\n	background-position: 0px 60%;\n}\n\n.reply-all {\n	font-size: 11px;\n	padding-top: 5px;\n}\n\n/* PM Message history */\n.current {\n	color: #999999;\n}\n\n/* Defined rules list for PM options */\nol.def-rules {\n	padding-left: 0;\n}\n\nol.def-rules li {\n	line-height: 180%;\n	padding: 1px;\n}\n\n/* PM marking colours */\n.pmlist li.bg1 {\n	padding: 0 3px;\n}\n\n.pmlist li.bg2 {\n	padding: 0 3px;\n}\n\n.pmlist li.pm_message_reported_colour, .pm_message_reported_colour {\n	border-left-color: #bcbcbc;\n	border-right-color: #bcbcbc;\n}\n\n.pmlist li.pm_marked_colour, .pm_marked_colour {\n	padding: 0;\n	border: solid 3px #ffffff;\n	border-width: 0 3px;\n}\n\n.pmlist li.pm_replied_colour, .pm_replied_colour {\n	padding: 0;\n	border: solid 3px #c2c2c2;\n	border-width: 0 3px;\n}\n\n.pmlist li.pm_friend_colour, .pm_friend_colour {\n	padding: 0;\n	border: solid 3px #bdbdbd;\n	border-width: 0 3px;\n}\n\n.pmlist li.pm_foe_colour, .pm_foe_colour {\n	padding: 0;\n	border: solid 3px #000000;\n	border-width: 0 3px;\n}\n\n.pm-legend {\n	border-left-width: 10px;\n	border-left-style: solid;\n	border-right-width: 0;\n	margin-bottom: 3px;\n	padding-left: 3px;\n}\n\n/* Avatar gallery */\n#gallery label {\n	position: relative;\n	float: left;\n	margin: 10px;\n	padding: 5px;\n	width: auto;\n	background: #FFFFFF;\n	border: 1px solid #CCC;\n	text-align: center;\n}\n\n#gallery label:hover {\n	background-color: #EEE;\n}\n/* Form Styles\n---------------------------------------- */\n\n/* General form styles\n----------------------------------------*/\nfieldset {\n	border-width: 0;\n	font-family: Verdana, Helvetica, Arial, sans-serif;\n	font-size: 1.1em;\n}\n\ninput {\n	font-weight: normal;\n	cursor: pointer;\n	vertical-align: middle;\n	padding: 0 3px;\n	font-size: 1em;\n	font-family: Verdana, Helvetica, Arial, sans-serif;\n}\n\nselect {\n	font-family: Verdana, Helvetica, Arial, sans-serif;\n	font-weight: normal;\n	cursor: pointer;\n	vertical-align: middle;\n	border: 1px solid #666666;\n	padding: 1px;\n	background-color: #FAFAFA;\n	font-size: 1em;\n}\n\noption {\n	padding-right: 1em;\n}\n\noption.disabled-option {\n	color: graytext;\n}\n\ntextarea {\n	font-family: "Lucida Grande", Verdana, Helvetica, Arial, sans-serif;\n	width: 60%;\n	padding: 2px;\n	font-size: 1em;\n	line-height: 1.4em;\n}\n\nlabel {\n	cursor: default;\n	padding-right: 5px;\n	color: #676767;\n}\n\nlabel input {\n	vertical-align: middle;\n}\n\nlabel img {\n	vertical-align: middle;\n}\n\n/* Definition list layout for forms\n---------------------------------------- */\nfieldset dl {\n	padding: 4px 0;\n}\n\nfieldset dt {\n	float: left;	\n	width: 40%;\n	text-align: left;\n	display: block;\n}\n\nfieldset dd {\n	margin-left: 41%;\n	vertical-align: top;\n	margin-bottom: 3px;\n}\n\n/* Specific layout 1 */\nfieldset.fields1 dt {\n	width: 15em;\n	border-right-width: 0;\n}\n\nfieldset.fields1 dd {\n	margin-left: 15em;\n	border-left-width: 0;\n}\n\nfieldset.fields1 {\n	background-color: transparent;\n}\n\nfieldset.fields1 div {\n	margin-bottom: 3px;\n}\n\n/* Set it back to 0px for the reCaptcha divs: PHPBB3-9587 */\nfieldset.fields1 #recaptcha_widget_div div {\n	margin-bottom: 0;\n}\n\n/* Specific layout 2 */\nfieldset.fields2 dt {\n	width: 15em;\n	border-right-width: 0;\n}\n\nfieldset.fields2 dd {\n	margin-left: 16em;\n	border-left-width: 0;\n}\n\n/* Form elements */\ndt label {\n	font-weight: bold;\n	text-align: left;\n}\n\ndd label {\n	white-space: nowrap;\n	color: #333;\n}\n\ndd input, dd textarea {\n	margin-right: 3px;\n}\n\ndd select {\n	width: auto;\n}\n\ndd textarea {\n	width: 85%;\n}\n\n/* Hover effects */\nfieldset dl:hover dt label {\n	color: #000000;\n}\n\nfieldset.fields2 dl:hover dt label {\n	color: inherit;\n}\n\n#timezone {\n	width: 95%;\n}\n\n* html #timezone {\n	width: 50%;\n}\n\n/* Quick-login on index page */\nfieldset.quick-login {\n	margin-top: 5px;\n}\n\nfieldset.quick-login input {\n	width: auto;\n}\n\nfieldset.quick-login input.inputbox {\n	width: 15%;\n	vertical-align: middle;\n	margin-right: 5px;\n	background-color: #f3f3f3;\n}\n\nfieldset.quick-login label {\n	white-space: nowrap;\n	padding-right: 2px;\n}\n\n/* Display options on viewtopic/viewforum pages  */\nfieldset.display-options {\n	text-align: center;\n	margin: 3px 0 5px 0;\n}\n\nfieldset.display-options label {\n	white-space: nowrap;\n	padding-right: 2px;\n}\n\nfieldset.display-options a {\n	margin-top: 3px;\n}\n\n/* Display actions for ucp and mcp pages */\nfieldset.display-actions {\n	text-align: right;\n	line-height: 2em;\n	white-space: nowrap;\n	padding-right: 1em;\n}\n\nfieldset.display-actions label {\n	white-space: nowrap;\n	padding-right: 2px;\n}\n\nfieldset.sort-options {\n	line-height: 2em;\n}\n\n/* MCP forum selection*/\nfieldset.forum-selection {\n	margin: 5px 0 3px 0;\n	float: right;\n}\n\nfieldset.forum-selection2 {\n	margin: 13px 0 3px 0;\n	float: right;\n}\n\n/* Jumpbox */\nfieldset.jumpbox {\n	text-align: right;\n	margin-top: 15px;\n	height: 2.5em;\n}\n\nfieldset.quickmod {\n	width: 50%;\n	float: right;\n	text-align: right;\n	height: 2.5em;\n}\n\n/* Submit button fieldset */\nfieldset.submit-buttons {\n	text-align: center;\n	vertical-align: middle;\n	margin: 5px 0;\n}\n\nfieldset.submit-buttons input {\n	vertical-align: middle;\n	padding-top: 3px;\n	padding-bottom: 3px;\n}\n\n/* Posting page styles\n----------------------------------------*/\n\n/* Buttons used in the editor */\n#format-buttons {\n	margin: 15px 0 2px 0;\n}\n\n#format-buttons input, #format-buttons select {\n	vertical-align: middle;\n}\n\n/* Main message box */\n#message-box {\n	width: 80%;\n}\n\n#message-box textarea {\n	font-family: "Trebuchet MS", Verdana, Helvetica, Arial, sans-serif;\n	width: 450px;\n	height: 270px;\n	min-width: 100%;\n	max-width: 100%;\n	font-size: 1.2em;\n	color: #333333;\n}\n\n/* Emoticons panel */\n#smiley-box {\n	width: 18%;\n	float: right;\n}\n\n#smiley-box img {\n	margin: 3px;\n}\n\n/* Input field styles\n---------------------------------------- */\n.inputbox {\n	background-color: #FFFFFF;\n	border: 1px solid #c0c0c0;\n	color: #333333;\n	padding: 2px;\n	cursor: text;\n}\n\n.inputbox:hover {\n	border: 1px solid #eaeaea;\n}\n\n.inputbox:focus {\n	border: 1px solid #eaeaea;\n	color: #4b4b4b;\n}\n\ninput.inputbox	{ width: 85%; }\ninput.medium	{ width: 50%; }\ninput.narrow	{ width: 25%; }\ninput.tiny		{ width: 125px; }\n\ntextarea.inputbox {\n	width: 85%;\n}\n\n.autowidth {\n	width: auto !important;\n}\n\n/* Form button styles\n---------------------------------------- */\ninput.button1, input.button2 {\n	font-size: 1em;\n}\n\na.button1, input.button1, input.button3, a.button2, input.button2 {\n	width: auto !important;\n	padding-top: 1px;\n	padding-bottom: 1px;\n	font-family: "Lucida Grande", Verdana, Helvetica, Arial, sans-serif;\n	color: #000;\n	background: #FAFAFA none repeat-x top left;\n}\n\na.button1, input.button1 {\n	font-weight: bold;\n	border: 1px solid #666666;\n}\n\ninput.button3 {\n	padding: 0;\n	margin: 0;\n	line-height: 5px;\n	height: 12px;\n	background-image: none;\n	font-variant: small-caps;\n}\n\n/* Alternative button */\na.button2, input.button2, input.button3 {\n	border: 1px solid #666666;\n}\n\n/* <a> button in the style of the form buttons */\na.button1, a.button1:link, a.button1:visited, a.button1:active, a.button2, a.button2:link, a.button2:visited, a.button2:active {\n	text-decoration: none;\n	color: #000000;\n	padding: 2px 8px;\n	line-height: 250%;\n	vertical-align: text-bottom;\n	background-position: 0 1px;\n}\n\n/* Hover states */\na.button1:hover, input.button1:hover, a.button2:hover, input.button2:hover, input.button3:hover {\n	border: 1px solid #BCBCBC;\n	background-position: 0 100%;\n	color: #BCBCBC;\n}\n\ninput.disabled {\n	font-weight: normal;\n	color: #666666;\n}\n\n/* Topic and forum Search */\n.search-box {\n	margin-top: 3px;\n	margin-left: 5px;\n	float: left;\n}\n\n.search-box input {\n}\n\ninput.search {\n	background-image: none;\n	background-repeat: no-repeat;\n	background-position: left 1px;\n	padding-left: 17px;\n}\n\n.full { width: 95%; }\n.medium { width: 50%;}\n.narrow { width: 25%;}\n.tiny { width: 10%;}\n/* Style Sheet Tweaks\n\nThese style definitions are mainly IE specific \ntweaks required due to its poor CSS support.\n-------------------------------------------------*/\n\n* html table, * html select, * html input { font-size: 100%; }\n* html hr { margin: 0; }\n* html span.corners-top, * html span.corners-bottom { background-image: url("{T_THEME_PATH}/images/corners_left.gif"); }\n* html span.corners-top span, * html span.corners-bottom span { background-image: url("{T_THEME_PATH}/images/corners_right.gif"); }\n\ntable.table1 {\n	width: 99%;		/* IE < 6 browsers */\n	/* Tantek hack */\n	voice-family: "\\"}\\"";\n	voice-family: inherit;\n	width: 100%;\n}\nhtml>body table.table1 { width: 100%; }	/* Reset 100% for opera */\n\n* html ul.topiclist li { position: relative; }\n* html .postbody h3 img { vertical-align: middle; }\n\n/* Form styles */\nhtml>body dd label input { vertical-align: text-bottom; }	/* Align checkboxes/radio buttons nicely */\n\n* html input.button1, * html input.button2 {\n	padding-bottom: 0;\n	margin-bottom: 1px;\n}\n\n/* Misc layout styles */\n* html .column1, * html .column2 { width: 45%; }\n\n/* Nice method for clearing floated blocks without having to insert any extra markup (like spacer above)\n   From http://www.positioniseverything.net/easyclearing.html \n#tabs:after, #minitabs:after, .post:after, .navbar:after, fieldset dl:after, ul.topiclist dl:after, ul.linklist:after, dl.polls:after {\n	content: "."; \n	display: block; \n	height: 0; \n	clear: both; \n	visibility: hidden;\n}*/\n\n.clearfix, #tabs, #minitabs, fieldset dl, ul.topiclist dl, dl.polls {\n	height: 1%;\n	overflow: hidden;\n}\n\n/* viewtopic fix */\n* html .post {\n	height: 25%;\n	overflow: hidden;\n}\n\n/* navbar fix */\n* html .clearfix, * html .navbar, ul.linklist {\n	height: 4%;\n	overflow: hidden;\n}\n\n/* Simple fix so forum and topic lists always have a min-height set, even in IE6\n	From http://www.dustindiaz.com/min-height-fast-hack */\ndl.icon {\n	min-height: 35px;\n	height: auto !important;\n	height: 35px;\n}\n\n* html li.row dl.icon dt {\n	height: 35px;\n	overflow: visible;\n}\n\n* html #search-box {\n	width: 25%;\n}\n\n/* Correctly clear floating for details on profile view */\n*:first-child+html dl.details dd {\n	margin-left: 30%;\n	float: none;\n}\n\n* html dl.details dd {\n	margin-left: 30%;\n	float: none;\n}\n\n/* Headerbar height fix for IE7 and below */\n* html #site-description p {\n	margin-bottom: 1.0em;\n}\n\n*:first-child+html #site-description p {\n	margin-bottom: 1.0em;\n}\n\n/* #minitabs fix for IE */\n.tabs-container {\n	zoom: 1;\n}\n\n#minitabs {\n	white-space: nowrap;\n	*min-width: 50%;\n}\n/*  	\n--------------------------------------------------------------\nColours and backgrounds for common.css\n-------------------------------------------------------------- */\n\nhtml, body {\n	color: #536482;\n	background-color: #FFFFFF;\n}\n\nh1 {\n	color: #FFFFFF;\n}\n\nh2 {\n	color: #28313F;\n}\n\nh3 {\n	border-bottom-color: #CCCCCC;\n	color: #115098;\n}\n\nhr {\n	border-color: #FFFFFF;\n	border-top-color: #CCCCCC;\n}\n\nhr.dashed {\n	border-top-color: #CCCCCC;\n}\n\n/* Search box\n--------------------------------------------- */\n\n#search-box {\n	color: #FFFFFF;\n}\n\n#search-box #keywords {\n	background-color: #FFF;\n}\n\n#search-box input {\n	border-color: #0075B0;\n}\n\n/* Round cornered boxes and backgrounds\n---------------------------------------- */\n.headerbar {\n	background-color: #12A3EB;\n	background-image: url("{T_THEME_PATH}/images/bg_header.gif");\n	color: #FFFFFF;\n}\n\n.navbar {\n	background-color: #cadceb;\n}\n\n.forabg {\n	background-color: #0076b1;\n	background-image: url("{T_THEME_PATH}/images/bg_list.gif");\n}\n\n.forumbg {\n	background-color: #12A3EB;\n	background-image: url("{T_THEME_PATH}/images/bg_header.gif");\n}\n\n.panel {\n	background-color: #ECF1F3;\n	color: #28313F;\n}\n\n.post:target .content {\n	color: #000000;\n}\n\n.post:target h3 a {\n	color: #000000;\n}\n\n.bg1	{ background-color: #ECF3F7; }\n.bg2	{ background-color: #e1ebf2;  }\n.bg3	{ background-color: #cadceb; }\n\n.ucprowbg {\n	background-color: #DCDEE2;\n}\n\n.fieldsbg {\n	background-color: #E7E8EA;\n}\n\nspan.corners-top {\n	background-image: url("{T_THEME_PATH}/images/corners_left.png");\n}\n\nspan.corners-top span {\n	background-image: url("{T_THEME_PATH}/images/corners_right.png");\n}\n\nspan.corners-bottom {\n	background-image: url("{T_THEME_PATH}/images/corners_left.png");\n}\n\nspan.corners-bottom span {\n	background-image: url("{T_THEME_PATH}/images/corners_right.png");\n}\n\n/* Horizontal lists\n----------------------------------------*/\n\nul.navlinks {\n	border-bottom-color: #FFFFFF;\n}\n\n/* Table styles\n----------------------------------------*/\ntable.table1 thead th {\n	color: #FFFFFF;\n}\n\ntable.table1 tbody tr {\n	border-color: #BFC1CF;\n}\n\ntable.table1 tbody tr:hover, table.table1 tbody tr.hover {\n	background-color: #CFE1F6;\n	color: #000;\n}\n\ntable.table1 td {\n	color: #536482;\n}\n\ntable.table1 tbody td {\n	border-top-color: #FAFAFA;\n}\n\ntable.table1 tbody th {\n	border-bottom-color: #000000;\n	color: #333333;\n	background-color: #FFFFFF;\n}\n\ntable.info tbody th {\n	color: #000000;\n}\n\n/* Misc layout styles\n---------------------------------------- */\ndl.details dt {\n	color: #000000;\n}\n\ndl.details dd {\n	color: #536482;\n}\n\n.sep {\n	color: #1198D9;\n}\n\n/* Pagination\n---------------------------------------- */\n\n.pagination span strong {\n	color: #FFFFFF;\n	background-color: #4692BF;\n	border-color: #4692BF;\n}\n\n.pagination span a, .pagination span a:link, .pagination span a:visited {\n	color: #5C758C;\n	background-color: #ECEDEE;\n	border-color: #B4BAC0;\n}\n\n.pagination span a:hover {\n	border-color: #368AD2;\n	background-color: #368AD2;\n	color: #FFF;\n}\n\n.pagination span a:active {\n	color: #5C758C;\n	background-color: #ECEDEE;\n	border-color: #B4BAC0;\n}\n\n/* Pagination in viewforum for multipage topics */\n.row .pagination {\n	background-image: url("{T_THEME_PATH}/images/icon_pages.gif");\n}\n\n.row .pagination span a, li.pagination span a {\n	background-color: #FFFFFF;\n}\n\n.row .pagination span a:hover, li.pagination span a:hover {\n	background-color: #368AD2;\n}\n\n/* Miscellaneous styles\n---------------------------------------- */\n\n.copyright {\n	color: #555555;\n}\n\n.error {\n	color: #BC2A4D;\n}\n\n.reported {\n	background-color: #F7ECEF;\n}\n\nli.reported:hover {\n	background-color: #ECD5D8 !important;\n}\n.sticky, .announce {\n	/* you can add a background for stickies and announcements*/\n}\n\ndiv.rules {\n	background-color: #ECD5D8;\n	color: #BC2A4D;\n}\n\np.rules {\n	background-color: #ECD5D8;\n	background-image: none;\n}\n\n/*  	\n--------------------------------------------------------------\nColours and backgrounds for links.css\n-------------------------------------------------------------- */\n\na:link	{ color: #105289; }\na:visited	{ color: #105289; }\na:hover	{ color: #D31141; }\na:active	{ color: #368AD2; }\n\n/* Links on gradient backgrounds */\n#search-box a:link, .navbg a:link, .forumbg .header a:link, .forabg .header a:link, th a:link {\n	color: #FFFFFF;\n}\n\n#search-box a:visited, .navbg a:visited, .forumbg .header a:visited, .forabg .header a:visited, th a:visited {\n	color: #FFFFFF;\n}\n\n#search-box a:hover, .navbg a:hover, .forumbg .header a:hover, .forabg .header a:hover, th a:hover {\n	color: #A8D8FF;\n}\n\n#search-box a:active, .navbg a:active, .forumbg .header a:active, .forabg .header a:active, th a:active {\n	color: #C8E6FF;\n}\n\n/* Links for forum/topic lists */\na.forumtitle {\n	color: #105289;\n}\n\n/* a.forumtitle:visited { color: #105289; } */\n\na.forumtitle:hover {\n	color: #BC2A4D;\n}\n\na.forumtitle:active {\n	color: #105289;\n}\n\na.topictitle {\n	color: #105289;\n}\n\n/* a.topictitle:visited { color: #368AD2; } */\n\na.topictitle:hover {\n	color: #BC2A4D;\n}\n\na.topictitle:active {\n	color: #105289;\n}\n\n/* Post body links */\n.postlink {\n	color: #368AD2;\n	border-bottom-color: #368AD2;\n}\n\n.postlink:visited {\n	color: #5D8FBD;\n	border-bottom-color: #5D8FBD;\n}\n\n.postlink:active {\n	color: #368AD2;\n}\n\n.postlink:hover {\n	background-color: #D0E4F6;\n	color: #0D4473;\n}\n\n.signature a, .signature a:visited, .signature a:hover, .signature a:active {\n	background-color: transparent;\n}\n\n/* Profile links */\n.postprofile a:link, .postprofile a:visited, .postprofile dt.author a {\n	color: #105289;\n}\n\n.postprofile a:hover, .postprofile dt.author a:hover {\n	color: #D31141;\n}\n\n.postprofile a:active {\n	color: #105289;\n}\n\n/* Profile searchresults */	\n.search .postprofile a {\n	color: #105289;\n}\n\n.search .postprofile a:hover {\n	color: #D31141;\n}\n\n/* Back to top of page */\na.top {\n	background-image: url("{IMG_ICON_BACK_TOP_SRC}");\n}\n\na.top2 {\n	background-image: url("{IMG_ICON_BACK_TOP_SRC}");\n}\n\n/* Arrow links  */\na.up		{ background-image: url("{T_THEME_PATH}/images/arrow_up.gif") }\na.down		{ background-image: url("{T_THEME_PATH}/images/arrow_down.gif") }\na.left		{ background-image: url("{T_THEME_PATH}/images/arrow_left.gif") }\na.right		{ background-image: url("{T_THEME_PATH}/images/arrow_right.gif") }\n\na.up:hover {\n	background-color: transparent;\n}\n\na.left:hover {\n	color: #368AD2;\n}\n\na.right:hover {\n	color: #368AD2;\n}\n\n\n/*  	\n--------------------------------------------------------------\nColours and backgrounds for content.css\n-------------------------------------------------------------- */\n\nul.forums {\n	background-color: #eef5f9;\n	background-image: url("{T_THEME_PATH}/images/gradient.gif");\n}\n\nul.topiclist li {\n	color: #4C5D77;\n}\n\nul.topiclist dd {\n	border-left-color: #FFFFFF;\n}\n\n.rtl ul.topiclist dd {\n	border-right-color: #fff;\n	border-left-color: transparent;\n}\n\nul.topiclist li.row dt a.subforum.read {\n	background-image: url("{IMG_SUBFORUM_READ_SRC}");\n}\n\nul.topiclist li.row dt a.subforum.unread {\n	background-image: url("{IMG_SUBFORUM_UNREAD_SRC}");\n}\n\nli.row {\n	border-top-color:  #FFFFFF;\n	border-bottom-color: #00608F;\n}\n\nli.row strong {\n	color: #000000;\n}\n\nli.row:hover {\n	background-color: #F6F4D0;\n}\n\nli.row:hover dd {\n	border-left-color: #CCCCCC;\n}\n\n.rtl li.row:hover dd {\n	border-right-color: #CCCCCC;\n	border-left-color: transparent;\n}\n\nli.header dt, li.header dd {\n	color: #FFFFFF;\n}\n\n/* Forum list column styles */\nul.topiclist dd.searchextra {\n	color: #333333;\n}\n\n/* Post body styles\n----------------------------------------*/\n.postbody {\n	color: #333333;\n}\n\n/* Content container styles\n----------------------------------------*/\n.content {\n	color: #333333;\n}\n\n.content h2, .panel h2 {\n	color: #115098;\n	border-bottom-color:  #CCCCCC;\n}\n\ndl.faq dt {\n	color: #333333;\n}\n\n.posthilit {\n	background-color: #F3BFCC;\n	color: #BC2A4D;\n}\n\n/* Post signature */\n.signature {\n	border-top-color: #CCCCCC;\n}\n\n/* Post noticies */\n.notice {\n	border-top-color:  #CCCCCC;\n}\n\n/* BB Code styles\n----------------------------------------*/\n/* Quote block */\nblockquote {\n	background-color: #EBEADD;\n	background-image: url("{T_THEME_PATH}/images/quote.gif");\n	border-color:#DBDBCE;\n}\n\n.rtl blockquote {\n	background-image: url("{T_THEME_PATH}/images/quote_rtl.gif");\n}\n\nblockquote blockquote {\n	/* Nested quotes */\n	background-color:#EFEED9;\n}\n\nblockquote blockquote blockquote {\n	/* Nested quotes */\n	background-color: #EBEADD;\n}\n\n/* Code block */\ndl.codebox {\n	background-color: #FFFFFF;\n	border-color: #C9D2D8;\n}\n\ndl.codebox dt {\n	border-bottom-color:  #CCCCCC;\n}\n\ndl.codebox code {\n	color: #2E8B57;\n}\n\n.syntaxbg		{ color: #FFFFFF; }\n.syntaxcomment	{ color: #FF8000; }\n.syntaxdefault	{ color: #0000BB; }\n.syntaxhtml		{ color: #000000; }\n.syntaxkeyword	{ color: #007700; }\n.syntaxstring	{ color: #DD0000; }\n\n/* Attachments\n----------------------------------------*/\n.attachbox {\n	background-color: #FFFFFF;\n	border-color:  #C9D2D8;\n}\n\n.pm-message .attachbox {\n	background-color: #F2F3F3;\n}\n\n.attachbox dd {\n	border-top-color: #C9D2D8;\n}\n\n.attachbox p {\n	color: #666666;\n}\n\n.attachbox p.stats {\n	color: #666666;\n}\n\n.attach-image img {\n	border-color: #999999;\n}\n\n/* Inline image thumbnails */\n\ndl.file dd {\n	color: #666666;\n}\n\ndl.thumbnail img {\n	border-color: #666666;\n	background-color: #FFFFFF;\n}\n\ndl.thumbnail dd {\n	color: #666666;\n}\n\ndl.thumbnail dt a:hover {\n	background-color: #EEEEEE;\n}\n\ndl.thumbnail dt a:hover img {\n	border-color: #368AD2;\n}\n\n/* Post poll styles\n----------------------------------------*/\n\nfieldset.polls dl {\n	border-top-color: #DCDEE2;\n	color: #666666;\n}\n\nfieldset.polls dl.voted {\n	color: #000000;\n}\n\nfieldset.polls dd div {\n	color: #FFFFFF;\n}\n\n.rtl .pollbar1, .rtl .pollbar2, .rtl .pollbar3, .rtl .pollbar4, .rtl .pollbar5 {\n	border-right-color: transparent;\n}\n\n.pollbar1 {\n	background-color: #AA2346;\n	border-bottom-color: #74162C;\n	border-right-color: #74162C;\n}\n\n.rtl .pollbar1 {\n	border-left-color: #74162C;\n}\n\n.pollbar2 {\n	background-color: #BE1E4A;\n	border-bottom-color: #8C1C38;\n	border-right-color: #8C1C38;\n}\n\n.rtl .pollbar2 {\n	border-left-color: #8C1C38;\n}\n\n.pollbar3 {\n	background-color: #D11A4E;\n	border-bottom-color: #AA2346;\n	border-right-color: #AA2346;\n}\n\n.rtl .pollbar3 {\n	border-left-color: #AA2346;\n}\n\n.pollbar4 {\n	background-color: #E41653;\n	border-bottom-color: #BE1E4A;\n	border-right-color: #BE1E4A;\n}\n\n.rtl .pollbar4 {\n	border-left-color: #BE1E4A;\n}\n\n.pollbar5 {\n	background-color: #F81157;\n	border-bottom-color: #D11A4E;\n	border-right-color: #D11A4E;\n}\n\n.rtl .pollbar5 {\n	border-left-color: #D11A4E;\n}\n\n/* Poster profile block\n----------------------------------------*/\n.postprofile {\n	color: #666666;\n	border-left-color: #FFFFFF;\n}\n\n.rtl .postprofile {\n	border-right-color: #FFFFFF;\n	border-left-color: transparent;\n}\n\n.pm .postprofile {\n	border-left-color: #DDDDDD;\n}\n\n.rtl .pm .postprofile {\n	border-right-color: #DDDDDD;\n	border-left-color: transparent;\n}\n\n.postprofile strong {\n	color: #000000;\n}\n\n.online {\n	background-image: url("{IMG_ICON_USER_ONLINE_SRC}");\n}\n\n/*  	\n--------------------------------------------------------------\nColours and backgrounds for buttons.css\n-------------------------------------------------------------- */\n\n/* Big button images */\n.reply-icon span	{ background-image: url("{IMG_BUTTON_TOPIC_REPLY_SRC}"); }\n.post-icon span		{ background-image: url("{IMG_BUTTON_TOPIC_NEW_SRC}"); }\n.locked-icon span	{ background-image: url("{IMG_BUTTON_TOPIC_LOCKED_SRC}"); }\n.pmreply-icon span	{ background-image: url("{IMG_BUTTON_PM_REPLY_SRC}") ;}\n.newpm-icon span 	{ background-image: url("{IMG_BUTTON_PM_NEW_SRC}") ;}\n.forwardpm-icon span	{ background-image: url("{IMG_BUTTON_PM_FORWARD_SRC}") ;}\n\na.print {\n	background-image: url("{T_THEME_PATH}/images/icon_print.gif");\n}\n\na.sendemail {\n	background-image: url("{T_THEME_PATH}/images/icon_sendemail.gif");\n}\n\na.fontsize {\n	background-image: url("{T_THEME_PATH}/images/icon_fontsize.gif");\n}\n\n/* Icon images\n---------------------------------------- */\n.sitehome						{ background-image: url("{T_THEME_PATH}/images/icon_home.gif"); }\n.icon-faq						{ background-image: url("{T_THEME_PATH}/images/icon_faq.gif"); }\n.icon-members					{ background-image: url("{T_THEME_PATH}/images/icon_members.gif"); }\n.icon-home						{ background-image: url("{T_THEME_PATH}/images/icon_home.gif"); }\n.icon-ucp						{ background-image: url("{T_THEME_PATH}/images/icon_ucp.gif"); }\n.icon-register					{ background-image: url("{T_THEME_PATH}/images/icon_register.gif"); }\n.icon-logout					{ background-image: url("{T_THEME_PATH}/images/icon_logout.gif"); }\n.icon-bookmark					{ background-image: url("{T_THEME_PATH}/images/icon_bookmark.gif"); }\n.icon-bump						{ background-image: url("{T_THEME_PATH}/images/icon_bump.gif"); }\n.icon-subscribe					{ background-image: url("{T_THEME_PATH}/images/icon_subscribe.gif"); }\n.icon-unsubscribe				{ background-image: url("{T_THEME_PATH}/images/icon_unsubscribe.gif"); }\n.icon-pages						{ background-image: url("{T_THEME_PATH}/images/icon_pages.gif"); }\n.icon-search					{ background-image: url("{T_THEME_PATH}/images/icon_search.gif"); }\n\n/* Profile & navigation icons */\n.email-icon, .email-icon a		{ background-image: url("{IMG_ICON_CONTACT_EMAIL_SRC}"); }\n.aim-icon, .aim-icon a			{ background-image: url("{IMG_ICON_CONTACT_AIM_SRC}"); }\n.yahoo-icon, .yahoo-icon a		{ background-image: url("{IMG_ICON_CONTACT_YAHOO_SRC}"); }\n.web-icon, .web-icon a			{ background-image: url("{IMG_ICON_CONTACT_WWW_SRC}"); }\n.msnm-icon, .msnm-icon a			{ background-image: url("{IMG_ICON_CONTACT_MSNM_SRC}"); }\n.icq-icon, .icq-icon a			{ background-image: url("{IMG_ICON_CONTACT_ICQ_SRC}"); }\n.jabber-icon, .jabber-icon a		{ background-image: url("{IMG_ICON_CONTACT_JABBER_SRC}"); }\n.pm-icon, .pm-icon a				{ background-image: url("{IMG_ICON_CONTACT_PM_SRC}"); }\n.quote-icon, .quote-icon a		{ background-image: url("{IMG_ICON_POST_QUOTE_SRC}"); }\n\n/* Moderator icons */\n.report-icon, .report-icon a		{ background-image: url("{IMG_ICON_POST_REPORT_SRC}"); }\n.edit-icon, .edit-icon a			{ background-image: url("{IMG_ICON_POST_EDIT_SRC}"); }\n.delete-icon, .delete-icon a		{ background-image: url("{IMG_ICON_POST_DELETE_SRC}"); }\n.info-icon, .info-icon a			{ background-image: url("{IMG_ICON_POST_INFO_SRC}"); }\n.warn-icon, .warn-icon a			{ background-image: url("{IMG_ICON_USER_WARN_SRC}"); } /* Need updated warn icon */\n\n/*  	\n--------------------------------------------------------------\nColours and backgrounds for cp.css\n-------------------------------------------------------------- */\n\n/* Main CP box\n----------------------------------------*/\n\n#cp-main h3, #cp-main hr, #cp-menu hr {\n	border-color: #A4B3BF;\n}\n\n#cp-main .panel li.row {\n	border-bottom-color: #B5C1CB;\n	border-top-color: #F9F9F9;\n}\n\nul.cplist {\n	border-top-color: #B5C1CB;\n}\n\n#cp-main .panel li.header dd, #cp-main .panel li.header dt {\n	color: #000000;\n}\n\n#cp-main table.table1 thead th {\n	color: #333333;\n	border-bottom-color: #333333;\n}\n\n#cp-main .pm-message {\n	border-color: #DBDEE2;\n	background-color: #FFFFFF;\n}\n\n/* CP tabbed menu\n----------------------------------------*/\n#tabs a {\n	background-image: url("{T_THEME_PATH}/images/bg_tabs1.gif");\n}\n\n#tabs a span {\n	background-image: url("{T_THEME_PATH}/images/bg_tabs2.gif");\n	color: #536482;\n}\n\n#tabs a:hover span {\n	color: #BC2A4D;\n}\n\n#tabs .activetab a {\n	border-bottom-color: #CADCEB;\n}\n\n#tabs .activetab a span {\n	color: #333333;\n}\n\n#tabs .activetab a:hover span {\n	color: #000000;\n}\n\n/* Mini tabbed menu used in MCP\n----------------------------------------*/\n#minitabs li {\n	background-color: #E1EBF2;\n}\n\n#minitabs li.activetab {\n	background-color: #F9F9F9;\n}\n\n#minitabs li.activetab a, #minitabs li.activetab a:hover {\n	color: #333333;\n}\n\n/* UCP navigation menu\n----------------------------------------*/\n\n/* Link styles for the sub-section links */\n#navigation a {\n	color: #333;\n	background-color: #B2C2CF;\n	background-image: url("{T_THEME_PATH}/images/bg_menu.gif");\n}\n\n.rtl #navigation a {\n	background-image: url("{T_THEME_PATH}/images/bg_menu_rtl.gif");\n	background-position: 0 100%;\n}\n\n#navigation a:hover {\n	background-image: none;\n	background-color: #aabac6;\n	color: #BC2A4D;\n}\n\n#navigation #active-subsection a {\n	color: #D31141;\n	background-color: #F9F9F9;\n	background-image: none;\n}\n\n#navigation #active-subsection a:hover {\n	color: #D31141;\n}\n\n/* Preferences pane layout\n----------------------------------------*/\n#cp-main h2 {\n	color: #333333;\n}\n\n#cp-main .panel {\n	background-color: #F9F9F9;\n}\n\n#cp-main .pm {\n	background-color: #FFFFFF;\n}\n\n#cp-main span.corners-top, #cp-menu span.corners-top {\n	background-image: url("{T_THEME_PATH}/images/corners_left2.gif");\n}\n\n#cp-main span.corners-top span, #cp-menu span.corners-top span {\n	background-image: url("{T_THEME_PATH}/images/corners_right2.gif");\n}\n\n#cp-main span.corners-bottom, #cp-menu span.corners-bottom {\n	background-image: url("{T_THEME_PATH}/images/corners_left2.gif");\n}\n\n#cp-main span.corners-bottom span, #cp-menu span.corners-bottom span {\n	background-image: url("{T_THEME_PATH}/images/corners_right2.gif");\n}\n\n/* Topicreview */\n#cp-main .panel #topicreview span.corners-top, #cp-menu .panel #topicreview span.corners-top {\n	background-image: url("{T_THEME_PATH}/images/corners_left.gif");\n}\n\n#cp-main .panel #topicreview span.corners-top span, #cp-menu .panel #topicreview span.corners-top span {\n	background-image: url("{T_THEME_PATH}/images/corners_right.gif");\n}\n\n#cp-main .panel #topicreview span.corners-bottom, #cp-menu .panel #topicreview span.corners-bottom {\n	background-image: url("{T_THEME_PATH}/images/corners_left.gif");\n}\n\n#cp-main .panel #topicreview span.corners-bottom span, #cp-menu .panel #topicreview span.corners-bottom span {\n	background-image: url("{T_THEME_PATH}/images/corners_right.gif");\n}\n\n/* Friends list */\n.cp-mini {\n	background-color: #eef5f9;\n}\n\ndl.mini dt {\n	color: #425067;\n}\n\n/* PM Styles\n----------------------------------------*/\n/* PM Message history */\n.current {\n	color: #000000 !important;\n}\n\n/* PM marking colours */\n.pmlist li.pm_message_reported_colour, .pm_message_reported_colour {\n	border-left-color: #BC2A4D;\n	border-right-color: #BC2A4D;\n}\n\n.pmlist li.pm_marked_colour, .pm_marked_colour {\n	border-color: #FF6600;\n}\n\n.pmlist li.pm_replied_colour, .pm_replied_colour {\n	border-color: #A9B8C2;\n}\n\n.pmlist li.pm_friend_colour, .pm_friend_colour {\n	border-color: #5D8FBD;\n}\n\n.pmlist li.pm_foe_colour, .pm_foe_colour {\n	border-color: #000000;\n}\n\n/* Avatar gallery */\n#gallery label {\n	background-color: #FFFFFF;\n	border-color: #CCC;\n}\n\n#gallery label:hover {\n	background-color: #EEE;\n}\n\n/*  	\n--------------------------------------------------------------\nColours and backgrounds for forms.css\n-------------------------------------------------------------- */\n\n/* General form styles\n----------------------------------------*/\nselect {\n	border-color: #666666;\n	background-color: #FAFAFA;\n	color: #000;\n}\n\nlabel {\n	color: #425067;\n}\n\noption.disabled-option {\n	color: graytext;\n}\n\n/* Definition list layout for forms\n---------------------------------------- */\ndd label {\n	color: #333;\n}\n\n/* Hover effects */\nfieldset dl:hover dt label {\n	color: #000000;\n}\n\nfieldset.fields2 dl:hover dt label {\n	color: inherit;\n}\n\n/* Quick-login on index page */\nfieldset.quick-login input.inputbox {\n	background-color: #F2F3F3;\n}\n\n/* Posting page styles\n----------------------------------------*/\n\n#message-box textarea {\n	color: #333333;\n}\n\n/* Input field styles\n---------------------------------------- */\n.inputbox {\n	background-color: #FFFFFF; \n	border-color: #B4BAC0;\n	color: #333333;\n}\n\n.inputbox:hover {\n	border-color: #11A3EA;\n}\n\n.inputbox:focus {\n	border-color: #11A3EA;\n	color: #0F4987;\n}\n\n/* Form button styles\n---------------------------------------- */\n\na.button1, input.button1, input.button3, a.button2, input.button2 {\n	color: #000;\n	background-color: #FAFAFA;\n	background-image: url("{T_THEME_PATH}/images/bg_button.gif");\n}\n\na.button1, input.button1 {\n	border-color: #666666;\n}\n\ninput.button3 {\n	background-image: none;\n}\n\n/* Alternative button */\na.button2, input.button2, input.button3 {\n	border-color: #666666;\n}\n\n/* <a> button in the style of the form buttons */\na.button1, a.button1:link, a.button1:visited, a.button1:active, a.button2, a.button2:link, a.button2:visited, a.button2:active {\n	color: #000000;\n}\n\n/* Hover states */\na.button1:hover, input.button1:hover, a.button2:hover, input.button2:hover, input.button3:hover {\n	border-color: #BC2A4D;\n	color: #BC2A4D;\n}\n\ninput.search {\n	background-image: url("{T_THEME_PATH}/images/icon_textbox_search.gif");\n}\n\ninput.disabled {\n	color: #666666;\n}\n');

-- --------------------------------------------------------

--
-- Structure de la table `phpbb_topics`
--

CREATE TABLE IF NOT EXISTS `phpbb_topics` (
  `topic_id` mediumint(8) unsigned NOT NULL AUTO_INCREMENT,
  `forum_id` mediumint(8) unsigned NOT NULL DEFAULT '0',
  `icon_id` mediumint(8) unsigned NOT NULL DEFAULT '0',
  `topic_attachment` tinyint(1) unsigned NOT NULL DEFAULT '0',
  `topic_approved` tinyint(1) unsigned NOT NULL DEFAULT '1',
  `topic_reported` tinyint(1) unsigned NOT NULL DEFAULT '0',
  `topic_title` varchar(255) CHARACTER SET utf8 COLLATE utf8_unicode_ci NOT NULL DEFAULT '',
  `topic_poster` mediumint(8) unsigned NOT NULL DEFAULT '0',
  `topic_time` int(11) unsigned NOT NULL DEFAULT '0',
  `topic_time_limit` int(11) unsigned NOT NULL DEFAULT '0',
  `topic_views` mediumint(8) unsigned NOT NULL DEFAULT '0',
  `topic_replies` mediumint(8) unsigned NOT NULL DEFAULT '0',
  `topic_replies_real` mediumint(8) unsigned NOT NULL DEFAULT '0',
  `topic_status` tinyint(3) NOT NULL DEFAULT '0',
  `topic_type` tinyint(3) NOT NULL DEFAULT '0',
  `topic_first_post_id` mediumint(8) unsigned NOT NULL DEFAULT '0',
  `topic_first_poster_name` varchar(255) COLLATE utf8_bin NOT NULL DEFAULT '',
  `topic_first_poster_colour` varchar(6) COLLATE utf8_bin NOT NULL DEFAULT '',
  `topic_last_post_id` mediumint(8) unsigned NOT NULL DEFAULT '0',
  `topic_last_poster_id` mediumint(8) unsigned NOT NULL DEFAULT '0',
  `topic_last_poster_name` varchar(255) COLLATE utf8_bin NOT NULL DEFAULT '',
  `topic_last_poster_colour` varchar(6) COLLATE utf8_bin NOT NULL DEFAULT '',
  `topic_last_post_subject` varchar(255) COLLATE utf8_bin NOT NULL DEFAULT '',
  `topic_last_post_time` int(11) unsigned NOT NULL DEFAULT '0',
  `topic_last_view_time` int(11) unsigned NOT NULL DEFAULT '0',
  `topic_moved_id` mediumint(8) unsigned NOT NULL DEFAULT '0',
  `topic_bumped` tinyint(1) unsigned NOT NULL DEFAULT '0',
  `topic_bumper` mediumint(8) unsigned NOT NULL DEFAULT '0',
  `poll_title` varchar(255) COLLATE utf8_bin NOT NULL DEFAULT '',
  `poll_start` int(11) unsigned NOT NULL DEFAULT '0',
  `poll_length` int(11) unsigned NOT NULL DEFAULT '0',
  `poll_max_options` tinyint(4) NOT NULL DEFAULT '1',
  `poll_last_vote` int(11) unsigned NOT NULL DEFAULT '0',
  `poll_vote_change` tinyint(1) unsigned NOT NULL DEFAULT '0',
  PRIMARY KEY (`topic_id`),
  KEY `forum_id` (`forum_id`),
  KEY `forum_id_type` (`forum_id`,`topic_type`),
  KEY `last_post_time` (`topic_last_post_time`),
  KEY `topic_approved` (`topic_approved`),
  KEY `forum_appr_last` (`forum_id`,`topic_approved`,`topic_last_post_id`),
  KEY `fid_time_moved` (`forum_id`,`topic_last_post_time`,`topic_moved_id`)
) ENGINE=InnoDB  DEFAULT CHARSET=utf8 COLLATE=utf8_bin AUTO_INCREMENT=24 ;

--
-- Contenu de la table `phpbb_topics`
--

INSERT INTO `phpbb_topics` (`topic_id`, `forum_id`, `icon_id`, `topic_attachment`, `topic_approved`, `topic_reported`, `topic_title`, `topic_poster`, `topic_time`, `topic_time_limit`, `topic_views`, `topic_replies`, `topic_replies_real`, `topic_status`, `topic_type`, `topic_first_post_id`, `topic_first_poster_name`, `topic_first_poster_colour`, `topic_last_post_id`, `topic_last_poster_id`, `topic_last_poster_name`, `topic_last_poster_colour`, `topic_last_post_subject`, `topic_last_post_time`, `topic_last_view_time`, `topic_moved_id`, `topic_bumped`, `topic_bumper`, `poll_title`, `poll_start`, `poll_length`, `poll_max_options`, `poll_last_vote`, `poll_vote_change`) VALUES
(1, 6, 0, 0, 1, 0, 'Tournoi d''Abzac', 54, 1377547587, 0, 10, 0, 0, 0, 0, 1, 'Papounet', '003300', 1, 54, 'Papounet', '003300', 'Tournoi d''Abzac', 1377547587, 1391085087, 0, 0, 0, '', 0, 0, 1, 0, 0),
(2, 6, 0, 0, 1, 0, 'Repas début de saison', 54, 1377726566, 0, 33, 9, 9, 0, 0, 2, 'Papounet', '003300', 20, 54, 'Papounet', '003300', 'Re: Repas début de saison', 1378653212, 1391085742, 0, 0, 0, '', 0, 0, 0, 0, 0),
(3, 6, 0, 0, 1, 0, 'Saison 2013/2014 recrutement', 55, 1377753534, 0, 24, 2, 2, 0, 0, 3, 'Gégé', '003300', 21, 65, 'lenine', '003300', 'Re: Saison 2013/2014 recrutement', 1378797254, 1379879857, 0, 0, 0, '', 0, 0, 1, 0, 0),
(4, 3, 0, 0, 1, 0, 'Match Frontenac', 54, 1378319756, 0, 15, 3, 3, 0, 0, 12, 'Papounet', '003300', 15, 54, 'Papounet', '003300', 'Re: Match Frontenac', 1378323624, 1391085851, 0, 0, 0, '', 0, 0, 1, 0, 0),
(5, 6, 0, 0, 1, 0, 'age exigé pour recrue ?', 60, 1378587422, 0, 15, 5, 5, 0, 0, 16, 'WWF Nico', '003300', 29, 65, 'lenine', '003300', 'Re: age exigé pour recrue ?', 1379533366, 1387730610, 0, 0, 0, '', 0, 0, 1, 0, 0),
(6, 3, 0, 0, 1, 0, 'Covoiturage Match ste terre', 54, 1379240218, 0, 18, 5, 5, 0, 0, 24, 'Papounet', '003300', 31, 54, 'Papounet', '003300', 'Re: Covoiturage Match ste terre', 1379537823, 1383770832, 0, 0, 0, '', 0, 0, 1, 0, 0),
(7, 5, 0, 0, 1, 0, 'Apéro', 65, 1379533488, 0, 9, 0, 0, 0, 0, 30, 'lenine', '003300', 30, 65, 'lenine', '003300', 'Apéro', 1379533488, 1400790817, 0, 0, 0, '', 0, 0, 1, 0, 0),
(8, 3, 0, 0, 1, 0, 'MATCH DU  VENDREDI 27 SEPT  A CARBON BLANC', 59, 1379856405, 0, 11, 0, 0, 0, 0, 32, 'francis', '003300', 32, 59, 'francis', '003300', 'MATCH DU  VENDREDI 27 SEPT  A CARBON BLANC', 1379856405, 1381748718, 0, 0, 0, '', 0, 0, 1, 0, 0),
(11, 7, 0, 0, 1, 0, 'Déplacement Carbon Blanc', 2, 1379969127, 0, 13, 3, 3, 0, 0, 34, 'webmaster', '003300', 40, 63, 'nicobel', '003300', 'Re: Déplacement Carbon Blanc', 1380121583, 1383654638, 0, 0, 0, '', 0, 0, 1, 0, 0),
(12, 3, 0, 0, 1, 0, 'MATCH DU  VENDREDI 27 SEPT  A CARBON BLANC', 59, 1379856405, 0, 6, 0, 0, 2, 0, 32, 'francis', '003300', 32, 59, 'francis', '003300', 'MATCH DU  VENDREDI 27 SEPT  A CARBON BLANC', 1379856405, 1379969169, 8, 0, 0, '', 0, 0, 1, 0, 0),
(13, 6, 0, 0, 1, 0, 'SORTIE SKI', 2, 1379969440, 0, 9, 3, 3, 0, 0, 35, 'webmaster', '003300', 41, 65, 'lenine', '003300', 'Re: SORTIE SKI', 1380217153, 1383774151, 0, 0, 0, '', 0, 0, 1, 0, 0),
(14, 6, 0, 0, 1, 0, 'SORTIE SKI', 54, 1380222204, 0, 12, 3, 3, 0, 0, 42, 'Papounet', '003300', 45, 54, 'Papounet', '003300', 'Re: SORTIE SKI', 1380737196, 1389816624, 0, 0, 0, '', 0, 0, 1, 0, 0),
(15, 4, 0, 0, 1, 0, 'Meilleur Buteur', 54, 1380828939, 0, 8, 0, 0, 0, 0, 46, 'Papounet', '003300', 46, 54, 'Papounet', '003300', 'Meilleur Buteur', 1380828939, 1400790789, 0, 0, 0, '', 0, 0, 0, 0, 0),
(16, 5, 0, 0, 1, 0, 'Le bon coin', 54, 1380830491, 0, 6, 0, 0, 0, 0, 47, 'Papounet', '003300', 47, 54, 'Papounet', '003300', 'Le bon coin', 1380830491, 1387730677, 0, 0, 0, '', 0, 0, 1, 0, 0),
(17, 6, 0, 0, 1, 0, 'Bonne fin d''année à tous !!', 55, 1387730817, 0, 7, 0, 0, 0, 0, 48, 'Gégé', '003300', 48, 55, 'Gégé', '003300', 'Bonne fin d''année à tous !!', 1387730817, 1391082646, 0, 0, 0, '', 0, 0, 1, 0, 0),
(18, 6, 0, 0, 1, 0, 'REPAS DU 7 FEVRIER', 54, 1389561096, 0, 16, 11, 11, 0, 0, 49, 'Papounet', '003300', 60, 54, 'Papounet', '003300', 'Re: REPAS DU 7 FEVRIER', 1390337980, 1391082736, 0, 0, 0, '', 0, 0, 0, 0, 0),
(19, 5, 0, 0, 1, 0, 'Saint Valentin', 58, 1392017465, 0, 5, 3, 3, 0, 0, 61, 'Julien E', '003300', 64, 55, 'Gégé', '003300', 'Re: Saint Valentin', 1392273307, 1392273307, 0, 0, 0, '', 0, 0, 1, 0, 0),
(20, 6, 0, 0, 1, 0, 'Repas de fin de saison', 54, 1400439988, 0, 4, 0, 0, 0, 0, 65, 'Papounet', '003300', 65, 54, 'Papounet', '003300', 'Repas de fin de saison', 1400439988, 1402828435, 0, 0, 0, '', 0, 0, 0, 0, 0),
(21, 6, 0, 0, 1, 0, 'REPAS Participants pour le 15 juin 2014', 54, 1400702030, 0, 12, 4, 4, 0, 0, 66, 'Papounet', '003300', 81, 54, 'Papounet', '003300', 'Re: REPAS Participants pour le 15 juin 2014', 1401005275, 1402828415, 0, 0, 0, '', 0, 0, 1, 0, 0),
(22, 6, 0, 0, 1, 0, 'REPAS Participants pour le 22 juin 2014', 54, 1400702065, 0, 14, 4, 4, 0, 0, 67, 'Papounet', '003300', 78, 61, 'Balles Neuves', '003300', 'Re: REPAS Participants pour le 22 juin 2014', 1400790751, 1402828443, 0, 0, 0, '', 0, 0, 1, 0, 0),
(23, 6, 0, 0, 1, 0, 'REPAS Participants pour le 29 juin 2014', 54, 1400702096, 0, 13, 5, 5, 0, 0, 68, 'Papounet', '003300', 80, 58, 'Julien E', '003300', 'Re: REPAS Participants pour le 29 juin 2014', 1400824783, 1401122412, 0, 0, 0, '', 0, 0, 1, 0, 0);

-- --------------------------------------------------------

--
-- Structure de la table `phpbb_topics_posted`
--

CREATE TABLE IF NOT EXISTS `phpbb_topics_posted` (
  `user_id` mediumint(8) unsigned NOT NULL DEFAULT '0',
  `topic_id` mediumint(8) unsigned NOT NULL DEFAULT '0',
  `topic_posted` tinyint(1) unsigned NOT NULL DEFAULT '0',
  PRIMARY KEY (`user_id`,`topic_id`)
) ENGINE=InnoDB DEFAULT CHARSET=utf8 COLLATE=utf8_bin;

--
-- Contenu de la table `phpbb_topics_posted`
--

INSERT INTO `phpbb_topics_posted` (`user_id`, `topic_id`, `topic_posted`) VALUES
(2, 11, 1),
(2, 13, 1),
(54, 1, 1),
(54, 2, 1),
(54, 4, 1),
(54, 5, 1),
(54, 6, 1),
(54, 14, 1),
(54, 15, 1),
(54, 16, 1),
(54, 18, 1),
(54, 19, 1),
(54, 20, 1),
(54, 21, 1),
(54, 22, 1),
(54, 23, 1),
(55, 2, 1),
(55, 3, 1),
(55, 4, 1),
(55, 5, 1),
(55, 6, 1),
(55, 11, 1),
(55, 13, 1),
(55, 17, 1),
(55, 18, 1),
(55, 19, 1),
(55, 22, 1),
(55, 23, 1),
(56, 3, 1),
(56, 5, 1),
(56, 6, 1),
(56, 13, 1),
(56, 18, 1),
(56, 19, 1),
(56, 21, 1),
(56, 22, 1),
(56, 23, 1),
(57, 2, 1),
(58, 2, 1),
(58, 11, 1),
(58, 18, 1),
(58, 19, 1),
(58, 23, 1),
(59, 2, 1),
(59, 8, 1),
(60, 2, 1),
(60, 5, 1),
(61, 14, 1),
(61, 21, 1),
(61, 22, 1),
(63, 11, 1),
(63, 14, 1),
(63, 18, 1),
(65, 3, 1),
(65, 5, 1),
(65, 6, 1),
(65, 7, 1),
(65, 13, 1),
(65, 18, 1);

-- --------------------------------------------------------

--
-- Structure de la table `phpbb_topics_track`
--

CREATE TABLE IF NOT EXISTS `phpbb_topics_track` (
  `user_id` mediumint(8) unsigned NOT NULL DEFAULT '0',
  `topic_id` mediumint(8) unsigned NOT NULL DEFAULT '0',
  `forum_id` mediumint(8) unsigned NOT NULL DEFAULT '0',
  `mark_time` int(11) unsigned NOT NULL DEFAULT '0',
  PRIMARY KEY (`user_id`,`topic_id`),
  KEY `topic_id` (`topic_id`),
  KEY `forum_id` (`forum_id`)
) ENGINE=InnoDB DEFAULT CHARSET=utf8 COLLATE=utf8_bin;

--
-- Contenu de la table `phpbb_topics_track`
--

INSERT INTO `phpbb_topics_track` (`user_id`, `topic_id`, `forum_id`, `mark_time`) VALUES
(54, 2, 9, 1379270482),
(54, 4, 9, 1378323624),
(54, 6, 9, 1379537823),
(54, 8, 9, 1379856405),
(54, 14, 9, 1380737196),
(54, 15, 9, 1380828971),
(54, 16, 9, 1380830491),
(54, 17, 9, 1387730817),
(54, 19, 5, 1392247518),
(55, 5, 9, 1379533366),
(55, 7, 9, 1379533488),
(55, 16, 9, 1380830491),
(55, 17, 9, 1387730817),
(56, 13, 9, 1380217153),
(56, 14, 9, 1380737196),
(56, 15, 9, 1380828939),
(56, 16, 9, 1380830491),
(56, 19, 5, 1392069585),
(56, 20, 6, 1400439988),
(56, 21, 6, 1401005275),
(56, 22, 6, 1400790751),
(56, 23, 6, 1400824783),
(57, 2, 9, 1378633378),
(58, 19, 5, 1392017465),
(58, 23, 6, 1400824783),
(59, 21, 6, 1400790355),
(59, 22, 6, 1400790751),
(59, 23, 6, 1400824783),
(60, 5, 9, 1378587422),
(61, 7, 5, 1379533488),
(61, 14, 9, 1380480442),
(61, 21, 6, 1400790355),
(61, 22, 6, 1400790751),
(61, 23, 6, 1400775272),
(63, 14, 9, 1380733918),
(65, 14, 9, 1380737196),
(65, 19, 5, 1392069585);

-- --------------------------------------------------------

--
-- Structure de la table `phpbb_topics_watch`
--

CREATE TABLE IF NOT EXISTS `phpbb_topics_watch` (
  `topic_id` mediumint(8) unsigned NOT NULL DEFAULT '0',
  `user_id` mediumint(8) unsigned NOT NULL DEFAULT '0',
  `notify_status` tinyint(1) unsigned NOT NULL DEFAULT '0',
  KEY `topic_id` (`topic_id`),
  KEY `user_id` (`user_id`),
  KEY `notify_stat` (`notify_status`)
) ENGINE=InnoDB DEFAULT CHARSET=utf8 COLLATE=utf8_bin;

-- --------------------------------------------------------

--
-- Structure de la table `phpbb_users`
--

CREATE TABLE IF NOT EXISTS `phpbb_users` (
  `user_id` mediumint(8) unsigned NOT NULL AUTO_INCREMENT,
  `user_type` tinyint(2) NOT NULL DEFAULT '0',
  `group_id` mediumint(8) unsigned NOT NULL DEFAULT '3',
  `user_permissions` mediumtext COLLATE utf8_bin NOT NULL,
  `user_perm_from` mediumint(8) unsigned NOT NULL DEFAULT '0',
  `user_ip` varchar(40) COLLATE utf8_bin NOT NULL DEFAULT '',
  `user_regdate` int(11) unsigned NOT NULL DEFAULT '0',
  `username` varchar(255) COLLATE utf8_bin NOT NULL DEFAULT '',
  `username_clean` varchar(255) COLLATE utf8_bin NOT NULL DEFAULT '',
  `user_password` varchar(40) COLLATE utf8_bin NOT NULL DEFAULT '',
  `user_passchg` int(11) unsigned NOT NULL DEFAULT '0',
  `user_pass_convert` tinyint(1) unsigned NOT NULL DEFAULT '0',
  `user_email` varchar(100) COLLATE utf8_bin NOT NULL DEFAULT '',
  `user_email_hash` bigint(20) NOT NULL DEFAULT '0',
  `user_birthday` varchar(10) COLLATE utf8_bin NOT NULL DEFAULT '',
  `user_lastvisit` int(11) unsigned NOT NULL DEFAULT '0',
  `user_lastmark` int(11) unsigned NOT NULL DEFAULT '0',
  `user_lastpost_time` int(11) unsigned NOT NULL DEFAULT '0',
  `user_lastpage` varchar(200) COLLATE utf8_bin NOT NULL DEFAULT '',
  `user_last_confirm_key` varchar(10) COLLATE utf8_bin NOT NULL DEFAULT '',
  `user_last_search` int(11) unsigned NOT NULL DEFAULT '0',
  `user_warnings` tinyint(4) NOT NULL DEFAULT '0',
  `user_last_warning` int(11) unsigned NOT NULL DEFAULT '0',
  `user_login_attempts` tinyint(4) NOT NULL DEFAULT '0',
  `user_inactive_reason` tinyint(2) NOT NULL DEFAULT '0',
  `user_inactive_time` int(11) unsigned NOT NULL DEFAULT '0',
  `user_posts` mediumint(8) unsigned NOT NULL DEFAULT '0',
  `user_lang` varchar(30) COLLATE utf8_bin NOT NULL DEFAULT '',
  `user_timezone` decimal(5,2) NOT NULL DEFAULT '0.00',
  `user_dst` tinyint(1) unsigned NOT NULL DEFAULT '0',
  `user_dateformat` varchar(30) COLLATE utf8_bin NOT NULL DEFAULT 'd M Y H:i',
  `user_style` mediumint(8) unsigned NOT NULL DEFAULT '0',
  `user_rank` mediumint(8) unsigned NOT NULL DEFAULT '0',
  `user_colour` varchar(6) COLLATE utf8_bin NOT NULL DEFAULT '',
  `user_new_privmsg` int(4) NOT NULL DEFAULT '0',
  `user_unread_privmsg` int(4) NOT NULL DEFAULT '0',
  `user_last_privmsg` int(11) unsigned NOT NULL DEFAULT '0',
  `user_message_rules` tinyint(1) unsigned NOT NULL DEFAULT '0',
  `user_full_folder` int(11) NOT NULL DEFAULT '-3',
  `user_emailtime` int(11) unsigned NOT NULL DEFAULT '0',
  `user_topic_show_days` smallint(4) unsigned NOT NULL DEFAULT '0',
  `user_topic_sortby_type` varchar(1) COLLATE utf8_bin NOT NULL DEFAULT 't',
  `user_topic_sortby_dir` varchar(1) COLLATE utf8_bin NOT NULL DEFAULT 'd',
  `user_post_show_days` smallint(4) unsigned NOT NULL DEFAULT '0',
  `user_post_sortby_type` varchar(1) COLLATE utf8_bin NOT NULL DEFAULT 't',
  `user_post_sortby_dir` varchar(1) COLLATE utf8_bin NOT NULL DEFAULT 'a',
  `user_notify` tinyint(1) unsigned NOT NULL DEFAULT '0',
  `user_notify_pm` tinyint(1) unsigned NOT NULL DEFAULT '1',
  `user_notify_type` tinyint(4) NOT NULL DEFAULT '0',
  `user_allow_pm` tinyint(1) unsigned NOT NULL DEFAULT '1',
  `user_allow_viewonline` tinyint(1) unsigned NOT NULL DEFAULT '1',
  `user_allow_viewemail` tinyint(1) unsigned NOT NULL DEFAULT '1',
  `user_allow_massemail` tinyint(1) unsigned NOT NULL DEFAULT '1',
  `user_options` int(11) unsigned NOT NULL DEFAULT '230271',
  `user_avatar` varchar(255) COLLATE utf8_bin NOT NULL DEFAULT '',
  `user_avatar_type` tinyint(2) NOT NULL DEFAULT '0',
  `user_avatar_width` smallint(4) unsigned NOT NULL DEFAULT '0',
  `user_avatar_height` smallint(4) unsigned NOT NULL DEFAULT '0',
  `user_sig` mediumtext COLLATE utf8_bin NOT NULL,
  `user_sig_bbcode_uid` varchar(8) COLLATE utf8_bin NOT NULL DEFAULT '',
  `user_sig_bbcode_bitfield` varchar(255) COLLATE utf8_bin NOT NULL DEFAULT '',
  `user_from` varchar(100) COLLATE utf8_bin NOT NULL DEFAULT '',
  `user_icq` varchar(15) COLLATE utf8_bin NOT NULL DEFAULT '',
  `user_aim` varchar(255) COLLATE utf8_bin NOT NULL DEFAULT '',
  `user_yim` varchar(255) COLLATE utf8_bin NOT NULL DEFAULT '',
  `user_msnm` varchar(255) COLLATE utf8_bin NOT NULL DEFAULT '',
  `user_jabber` varchar(255) COLLATE utf8_bin NOT NULL DEFAULT '',
  `user_website` varchar(200) COLLATE utf8_bin NOT NULL DEFAULT '',
  `user_occ` text COLLATE utf8_bin NOT NULL,
  `user_interests` text COLLATE utf8_bin NOT NULL,
  `user_actkey` varchar(32) COLLATE utf8_bin NOT NULL DEFAULT '',
  `user_newpasswd` varchar(40) COLLATE utf8_bin NOT NULL DEFAULT '',
  `user_form_salt` varchar(32) COLLATE utf8_bin NOT NULL DEFAULT '',
  `user_new` tinyint(1) unsigned NOT NULL DEFAULT '1',
  `user_reminded` tinyint(4) NOT NULL DEFAULT '0',
  `user_reminded_time` int(11) unsigned NOT NULL DEFAULT '0',
  PRIMARY KEY (`user_id`),
  UNIQUE KEY `username_clean` (`username_clean`),
  KEY `user_birthday` (`user_birthday`),
  KEY `user_email_hash` (`user_email_hash`),
  KEY `user_type` (`user_type`)
) ENGINE=InnoDB  DEFAULT CHARSET=utf8 COLLATE=utf8_bin AUTO_INCREMENT=71 ;

--
-- Contenu de la table `phpbb_users`
--

INSERT INTO `phpbb_users` (`user_id`, `user_type`, `group_id`, `user_permissions`, `user_perm_from`, `user_ip`, `user_regdate`, `username`, `username_clean`, `user_password`, `user_passchg`, `user_pass_convert`, `user_email`, `user_email_hash`, `user_birthday`, `user_lastvisit`, `user_lastmark`, `user_lastpost_time`, `user_lastpage`, `user_last_confirm_key`, `user_last_search`, `user_warnings`, `user_last_warning`, `user_login_attempts`, `user_inactive_reason`, `user_inactive_time`, `user_posts`, `user_lang`, `user_timezone`, `user_dst`, `user_dateformat`, `user_style`, `user_rank`, `user_colour`, `user_new_privmsg`, `user_unread_privmsg`, `user_last_privmsg`, `user_message_rules`, `user_full_folder`, `user_emailtime`, `user_topic_show_days`, `user_topic_sortby_type`, `user_topic_sortby_dir`, `user_post_show_days`, `user_post_sortby_type`, `user_post_sortby_dir`, `user_notify`, `user_notify_pm`, `user_notify_type`, `user_allow_pm`, `user_allow_viewonline`, `user_allow_viewemail`, `user_allow_massemail`, `user_options`, `user_avatar`, `user_avatar_type`, `user_avatar_width`, `user_avatar_height`, `user_sig`, `user_sig_bbcode_uid`, `user_sig_bbcode_bitfield`, `user_from`, `user_icq`, `user_aim`, `user_yim`, `user_msnm`, `user_jabber`, `user_website`, `user_occ`, `user_interests`, `user_actkey`, `user_newpasswd`, `user_form_salt`, `user_new`, `user_reminded`, `user_reminded_time`) VALUES
(1, 2, 1, '00000000003khra3nk', 0, '', 1375611362, 'Anonymous', 'anonymous', '', 0, 0, '', 0, '', 0, 0, 0, '', '', 0, 0, 0, 0, 0, 0, 0, 'en', '0.00', 0, 'd M Y H:i', 1, 0, '', 0, 0, 0, 0, -3, 0, 0, 't', 'd', 0, 't', 'a', 0, 1, 0, 1, 1, 1, 0, 230271, '', 0, 0, 0, '', '', '', '', '', '', '', '', '', '', '', '', '', '', '2236a5835e3d4b42', 1, 0, 0),
(2, 3, 8, '', 0, '89.224.7.112', 1375611362, 'webmaster', 'webmaster', '$H$9ojsgSiIhPHt400kn/GZw9kLqlVrdm/', 1380571172, 0, 'ben.garcia0401@gmail.com', 234732777424, '', 1380571776, 0, 1379969440, 'index.php', '', 0, 0, 0, 0, 0, 0, 2, 'fr', '0.00', 0, 'd F Y, H:i', 1, 1, '003300', 0, 0, 0, 0, -3, 0, 0, 't', 'd', 0, 't', 'a', 0, 1, 0, 1, 1, 1, 1, 230271, '', 0, 0, 0, '', '', '', '', '', '', '', '', '', '', '', '', '', '', '257c82dbfcabacad', 1, 0, 0),
(3, 2, 6, '', 0, '', 1375611366, 'AdsBot [Google]', 'adsbot [google]', '', 1375611366, 0, '', 0, '', 0, 1375611366, 0, '', '', 0, 0, 0, 0, 0, 0, 0, 'fr', '0.00', 0, 'd F Y, H:i', 1, 0, '9E8DA7', 0, 0, 0, 0, -3, 0, 0, 't', 'd', 0, 't', 'a', 0, 1, 0, 1, 1, 1, 0, 230271, '', 0, 0, 0, '', '', '', '', '', '', '', '', '', '', '', '', '', '', '66778ba711e6fba7', 0, 0, 0),
(4, 2, 6, '', 0, '', 1375611366, 'Alexa [Bot]', 'alexa [bot]', '', 1375611366, 0, '', 0, '', 0, 1375611366, 0, '', '', 0, 0, 0, 0, 0, 0, 0, 'fr', '0.00', 0, 'd F Y, H:i', 1, 0, '9E8DA7', 0, 0, 0, 0, -3, 0, 0, 't', 'd', 0, 't', 'a', 0, 1, 0, 1, 1, 1, 0, 230271, '', 0, 0, 0, '', '', '', '', '', '', '', '', '', '', '', '', '', '', 'd848be52ce29cbf9', 0, 0, 0),
(5, 2, 6, '', 0, '', 1375611366, 'Alta Vista [Bot]', 'alta vista [bot]', '', 1375611366, 0, '', 0, '', 0, 1375611366, 0, '', '', 0, 0, 0, 0, 0, 0, 0, 'fr', '0.00', 0, 'd F Y, H:i', 1, 0, '9E8DA7', 0, 0, 0, 0, -3, 0, 0, 't', 'd', 0, 't', 'a', 0, 1, 0, 1, 1, 1, 0, 230271, '', 0, 0, 0, '', '', '', '', '', '', '', '', '', '', '', '', '', '', '9d2718d940e4eddc', 0, 0, 0),
(6, 2, 6, '', 0, '', 1375611366, 'Ask Jeeves [Bot]', 'ask jeeves [bot]', '', 1375611366, 0, '', 0, '', 0, 1375611366, 0, '', '', 0, 0, 0, 0, 0, 0, 0, 'fr', '0.00', 0, 'd F Y, H:i', 1, 0, '9E8DA7', 0, 0, 0, 0, -3, 0, 0, 't', 'd', 0, 't', 'a', 0, 1, 0, 1, 1, 1, 0, 230271, '', 0, 0, 0, '', '', '', '', '', '', '', '', '', '', '', '', '', '', '8c5e54577ebc160f', 0, 0, 0),
(7, 2, 6, '', 0, '', 1375611366, 'Baidu [Spider]', 'baidu [spider]', '', 1375611366, 0, '', 0, '', 0, 1375611366, 0, '', '', 0, 0, 0, 0, 0, 0, 0, 'fr', '0.00', 0, 'd F Y, H:i', 1, 0, '9E8DA7', 0, 0, 0, 0, -3, 0, 0, 't', 'd', 0, 't', 'a', 0, 1, 0, 1, 1, 1, 0, 230271, '', 0, 0, 0, '', '', '', '', '', '', '', '', '', '', '', '', '', '', '31951caaef5244f5', 0, 0, 0),
(8, 2, 6, '', 0, '', 1375611366, 'Bing [Bot]', 'bing [bot]', '', 1375611366, 0, '', 0, '', 0, 1375611366, 0, '', '', 0, 0, 0, 0, 0, 0, 0, 'fr', '0.00', 0, 'd F Y, H:i', 1, 0, '9E8DA7', 0, 0, 0, 0, -3, 0, 0, 't', 'd', 0, 't', 'a', 0, 1, 0, 1, 1, 1, 0, 230271, '', 0, 0, 0, '', '', '', '', '', '', '', '', '', '', '', '', '', '', '68c638270d247d04', 0, 0, 0),
(9, 2, 6, '', 0, '', 1375611366, 'Exabot [Bot]', 'exabot [bot]', '', 1375611366, 0, '', 0, '', 0, 1375611366, 0, '', '', 0, 0, 0, 0, 0, 0, 0, 'fr', '0.00', 0, 'd F Y, H:i', 1, 0, '9E8DA7', 0, 0, 0, 0, -3, 0, 0, 't', 'd', 0, 't', 'a', 0, 1, 0, 1, 1, 1, 0, 230271, '', 0, 0, 0, '', '', '', '', '', '', '', '', '', '', '', '', '', '', '3dfbed308ffd44ee', 0, 0, 0),
(10, 2, 6, '', 0, '', 1375611366, 'FAST Enterprise [Crawler]', 'fast enterprise [crawler]', '', 1375611366, 0, '', 0, '', 0, 1375611366, 0, '', '', 0, 0, 0, 0, 0, 0, 0, 'fr', '0.00', 0, 'd F Y, H:i', 1, 0, '9E8DA7', 0, 0, 0, 0, -3, 0, 0, 't', 'd', 0, 't', 'a', 0, 1, 0, 1, 1, 1, 0, 230271, '', 0, 0, 0, '', '', '', '', '', '', '', '', '', '', '', '', '', '', '1d0dcf7ee1452431', 0, 0, 0),
(11, 2, 6, '', 0, '', 1375611366, 'FAST WebCrawler [Crawler]', 'fast webcrawler [crawler]', '', 1375611366, 0, '', 0, '', 0, 1375611366, 0, '', '', 0, 0, 0, 0, 0, 0, 0, 'fr', '0.00', 0, 'd F Y, H:i', 1, 0, '9E8DA7', 0, 0, 0, 0, -3, 0, 0, 't', 'd', 0, 't', 'a', 0, 1, 0, 1, 1, 1, 0, 230271, '', 0, 0, 0, '', '', '', '', '', '', '', '', '', '', '', '', '', '', 'cf791e8574f9f7fe', 0, 0, 0),
(12, 2, 6, '', 0, '', 1375611366, 'Francis [Bot]', 'francis [bot]', '', 1375611366, 0, '', 0, '', 0, 1375611366, 0, '', '', 0, 0, 0, 0, 0, 0, 0, 'fr', '0.00', 0, 'd F Y, H:i', 1, 0, '9E8DA7', 0, 0, 0, 0, -3, 0, 0, 't', 'd', 0, 't', 'a', 0, 1, 0, 1, 1, 1, 0, 230271, '', 0, 0, 0, '', '', '', '', '', '', '', '', '', '', '', '', '', '', '5c00b3ee627e8e78', 0, 0, 0),
(13, 2, 6, '', 0, '', 1375611366, 'Gigabot [Bot]', 'gigabot [bot]', '', 1375611366, 0, '', 0, '', 0, 1375611366, 0, '', '', 0, 0, 0, 0, 0, 0, 0, 'fr', '0.00', 0, 'd F Y, H:i', 1, 0, '9E8DA7', 0, 0, 0, 0, -3, 0, 0, 't', 'd', 0, 't', 'a', 0, 1, 0, 1, 1, 1, 0, 230271, '', 0, 0, 0, '', '', '', '', '', '', '', '', '', '', '', '', '', '', '75f2ec7b50c7b8e7', 0, 0, 0),
(14, 2, 6, '', 0, '', 1375611366, 'Google Adsense [Bot]', 'google adsense [bot]', '', 1375611366, 0, '', 0, '', 0, 1375611366, 0, '', '', 0, 0, 0, 0, 0, 0, 0, 'fr', '0.00', 0, 'd F Y, H:i', 1, 0, '9E8DA7', 0, 0, 0, 0, -3, 0, 0, 't', 'd', 0, 't', 'a', 0, 1, 0, 1, 1, 1, 0, 230271, '', 0, 0, 0, '', '', '', '', '', '', '', '', '', '', '', '', '', '', '1b16ce189c36b503', 0, 0, 0),
(15, 2, 6, '', 0, '', 1375611366, 'Google Desktop', 'google desktop', '', 1375611366, 0, '', 0, '', 0, 1375611366, 0, '', '', 0, 0, 0, 0, 0, 0, 0, 'fr', '0.00', 0, 'd F Y, H:i', 1, 0, '9E8DA7', 0, 0, 0, 0, -3, 0, 0, 't', 'd', 0, 't', 'a', 0, 1, 0, 1, 1, 1, 0, 230271, '', 0, 0, 0, '', '', '', '', '', '', '', '', '', '', '', '', '', '', '5c187baa7c565431', 0, 0, 0),
(16, 2, 6, '', 0, '', 1375611366, 'Google Feedfetcher', 'google feedfetcher', '', 1375611366, 0, '', 0, '', 0, 1375611366, 0, '', '', 0, 0, 0, 0, 0, 0, 0, 'fr', '0.00', 0, 'd F Y, H:i', 1, 0, '9E8DA7', 0, 0, 0, 0, -3, 0, 0, 't', 'd', 0, 't', 'a', 0, 1, 0, 1, 1, 1, 0, 230271, '', 0, 0, 0, '', '', '', '', '', '', '', '', '', '', '', '', '', '', 'f8521343a0584cb5', 0, 0, 0),
(17, 2, 6, '', 0, '', 1375611366, 'Google [Bot]', 'google [bot]', '', 1375611366, 0, '', 0, '', 0, 1375611366, 0, '', '', 0, 0, 0, 0, 0, 0, 0, 'fr', '0.00', 0, 'd F Y, H:i', 1, 0, '9E8DA7', 0, 0, 0, 0, -3, 0, 0, 't', 'd', 0, 't', 'a', 0, 1, 0, 1, 1, 1, 0, 230271, '', 0, 0, 0, '', '', '', '', '', '', '', '', '', '', '', '', '', '', '6039529a0de2a370', 0, 0, 0),
(18, 2, 6, '', 0, '', 1375611366, 'Heise IT-Markt [Crawler]', 'heise it-markt [crawler]', '', 1375611366, 0, '', 0, '', 0, 1375611366, 0, '', '', 0, 0, 0, 0, 0, 0, 0, 'fr', '0.00', 0, 'd F Y, H:i', 1, 0, '9E8DA7', 0, 0, 0, 0, -3, 0, 0, 't', 'd', 0, 't', 'a', 0, 1, 0, 1, 1, 1, 0, 230271, '', 0, 0, 0, '', '', '', '', '', '', '', '', '', '', '', '', '', '', '491b4afaf95b0fe2', 0, 0, 0),
(19, 2, 6, '', 0, '', 1375611366, 'Heritrix [Crawler]', 'heritrix [crawler]', '', 1375611366, 0, '', 0, '', 0, 1375611366, 0, '', '', 0, 0, 0, 0, 0, 0, 0, 'fr', '0.00', 0, 'd F Y, H:i', 1, 0, '9E8DA7', 0, 0, 0, 0, -3, 0, 0, 't', 'd', 0, 't', 'a', 0, 1, 0, 1, 1, 1, 0, 230271, '', 0, 0, 0, '', '', '', '', '', '', '', '', '', '', '', '', '', '', '66bc775d6cefda64', 0, 0, 0),
(20, 2, 6, '', 0, '', 1375611366, 'IBM Research [Bot]', 'ibm research [bot]', '', 1375611366, 0, '', 0, '', 0, 1375611366, 0, '', '', 0, 0, 0, 0, 0, 0, 0, 'fr', '0.00', 0, 'd F Y, H:i', 1, 0, '9E8DA7', 0, 0, 0, 0, -3, 0, 0, 't', 'd', 0, 't', 'a', 0, 1, 0, 1, 1, 1, 0, 230271, '', 0, 0, 0, '', '', '', '', '', '', '', '', '', '', '', '', '', '', 'c21bc5633b068d1a', 0, 0, 0),
(21, 2, 6, '', 0, '', 1375611366, 'ICCrawler - ICjobs', 'iccrawler - icjobs', '', 1375611366, 0, '', 0, '', 0, 1375611366, 0, '', '', 0, 0, 0, 0, 0, 0, 0, 'fr', '0.00', 0, 'd F Y, H:i', 1, 0, '9E8DA7', 0, 0, 0, 0, -3, 0, 0, 't', 'd', 0, 't', 'a', 0, 1, 0, 1, 1, 1, 0, 230271, '', 0, 0, 0, '', '', '', '', '', '', '', '', '', '', '', '', '', '', '9a4ddd2808cecb81', 0, 0, 0),
(22, 2, 6, '', 0, '', 1375611366, 'ichiro [Crawler]', 'ichiro [crawler]', '', 1375611366, 0, '', 0, '', 0, 1375611366, 0, '', '', 0, 0, 0, 0, 0, 0, 0, 'fr', '0.00', 0, 'd F Y, H:i', 1, 0, '9E8DA7', 0, 0, 0, 0, -3, 0, 0, 't', 'd', 0, 't', 'a', 0, 1, 0, 1, 1, 1, 0, 230271, '', 0, 0, 0, '', '', '', '', '', '', '', '', '', '', '', '', '', '', '04b8444ebf68f577', 0, 0, 0),
(23, 2, 6, '', 0, '', 1375611366, 'Majestic-12 [Bot]', 'majestic-12 [bot]', '', 1375611366, 0, '', 0, '', 0, 1375611366, 0, '', '', 0, 0, 0, 0, 0, 0, 0, 'fr', '0.00', 0, 'd F Y, H:i', 1, 0, '9E8DA7', 0, 0, 0, 0, -3, 0, 0, 't', 'd', 0, 't', 'a', 0, 1, 0, 1, 1, 1, 0, 230271, '', 0, 0, 0, '', '', '', '', '', '', '', '', '', '', '', '', '', '', '82e2f25a2d2d19ac', 0, 0, 0),
(24, 2, 6, '', 0, '', 1375611366, 'Metager [Bot]', 'metager [bot]', '', 1375611366, 0, '', 0, '', 0, 1375611366, 0, '', '', 0, 0, 0, 0, 0, 0, 0, 'fr', '0.00', 0, 'd F Y, H:i', 1, 0, '9E8DA7', 0, 0, 0, 0, -3, 0, 0, 't', 'd', 0, 't', 'a', 0, 1, 0, 1, 1, 1, 0, 230271, '', 0, 0, 0, '', '', '', '', '', '', '', '', '', '', '', '', '', '', 'd558b89bb262a36e', 0, 0, 0),
(25, 2, 6, '', 0, '', 1375611366, 'MSN NewsBlogs', 'msn newsblogs', '', 1375611366, 0, '', 0, '', 0, 1375611366, 0, '', '', 0, 0, 0, 0, 0, 0, 0, 'fr', '0.00', 0, 'd F Y, H:i', 1, 0, '9E8DA7', 0, 0, 0, 0, -3, 0, 0, 't', 'd', 0, 't', 'a', 0, 1, 0, 1, 1, 1, 0, 230271, '', 0, 0, 0, '', '', '', '', '', '', '', '', '', '', '', '', '', '', '3b5cc9f6558d2ef6', 0, 0, 0),
(26, 2, 6, '', 0, '', 1375611367, 'MSN [Bot]', 'msn [bot]', '', 1375611367, 0, '', 0, '', 0, 1375611367, 0, '', '', 0, 0, 0, 0, 0, 0, 0, 'fr', '0.00', 0, 'd F Y, H:i', 1, 0, '9E8DA7', 0, 0, 0, 0, -3, 0, 0, 't', 'd', 0, 't', 'a', 0, 1, 0, 1, 1, 1, 0, 230271, '', 0, 0, 0, '', '', '', '', '', '', '', '', '', '', '', '', '', '', 'b7b5407174bdbef0', 0, 0, 0),
(27, 2, 6, '', 0, '', 1375611367, 'MSNbot Media', 'msnbot media', '', 1375611367, 0, '', 0, '', 0, 1375611367, 0, '', '', 0, 0, 0, 0, 0, 0, 0, 'fr', '0.00', 0, 'd F Y, H:i', 1, 0, '9E8DA7', 0, 0, 0, 0, -3, 0, 0, 't', 'd', 0, 't', 'a', 0, 1, 0, 1, 1, 1, 0, 230271, '', 0, 0, 0, '', '', '', '', '', '', '', '', '', '', '', '', '', '', 'c03a7f8a528cddd4', 0, 0, 0),
(28, 2, 6, '', 0, '', 1375611367, 'NG-Search [Bot]', 'ng-search [bot]', '', 1375611367, 0, '', 0, '', 0, 1375611367, 0, '', '', 0, 0, 0, 0, 0, 0, 0, 'fr', '0.00', 0, 'd F Y, H:i', 1, 0, '9E8DA7', 0, 0, 0, 0, -3, 0, 0, 't', 'd', 0, 't', 'a', 0, 1, 0, 1, 1, 1, 0, 230271, '', 0, 0, 0, '', '', '', '', '', '', '', '', '', '', '', '', '', '', 'af994f852909f3ae', 0, 0, 0),
(29, 2, 6, '', 0, '', 1375611367, 'Nutch [Bot]', 'nutch [bot]', '', 1375611367, 0, '', 0, '', 0, 1375611367, 0, '', '', 0, 0, 0, 0, 0, 0, 0, 'fr', '0.00', 0, 'd F Y, H:i', 1, 0, '9E8DA7', 0, 0, 0, 0, -3, 0, 0, 't', 'd', 0, 't', 'a', 0, 1, 0, 1, 1, 1, 0, 230271, '', 0, 0, 0, '', '', '', '', '', '', '', '', '', '', '', '', '', '', '5149f5a3a219052d', 0, 0, 0),
(30, 2, 6, '', 0, '', 1375611367, 'Nutch/CVS [Bot]', 'nutch/cvs [bot]', '', 1375611367, 0, '', 0, '', 0, 1375611367, 0, '', '', 0, 0, 0, 0, 0, 0, 0, 'fr', '0.00', 0, 'd F Y, H:i', 1, 0, '9E8DA7', 0, 0, 0, 0, -3, 0, 0, 't', 'd', 0, 't', 'a', 0, 1, 0, 1, 1, 1, 0, 230271, '', 0, 0, 0, '', '', '', '', '', '', '', '', '', '', '', '', '', '', 'be0bcc96245ed334', 0, 0, 0),
(31, 2, 6, '', 0, '', 1375611367, 'OmniExplorer [Bot]', 'omniexplorer [bot]', '', 1375611367, 0, '', 0, '', 0, 1375611367, 0, '', '', 0, 0, 0, 0, 0, 0, 0, 'fr', '0.00', 0, 'd F Y, H:i', 1, 0, '9E8DA7', 0, 0, 0, 0, -3, 0, 0, 't', 'd', 0, 't', 'a', 0, 1, 0, 1, 1, 1, 0, 230271, '', 0, 0, 0, '', '', '', '', '', '', '', '', '', '', '', '', '', '', 'dbd7c3de4f98a747', 0, 0, 0),
(32, 2, 6, '', 0, '', 1375611367, 'Online link [Validator]', 'online link [validator]', '', 1375611367, 0, '', 0, '', 0, 1375611367, 0, '', '', 0, 0, 0, 0, 0, 0, 0, 'fr', '0.00', 0, 'd F Y, H:i', 1, 0, '9E8DA7', 0, 0, 0, 0, -3, 0, 0, 't', 'd', 0, 't', 'a', 0, 1, 0, 1, 1, 1, 0, 230271, '', 0, 0, 0, '', '', '', '', '', '', '', '', '', '', '', '', '', '', '5e68ba2383d0db9f', 0, 0, 0),
(33, 2, 6, '', 0, '', 1375611367, 'psbot [Picsearch]', 'psbot [picsearch]', '', 1375611367, 0, '', 0, '', 0, 1375611367, 0, '', '', 0, 0, 0, 0, 0, 0, 0, 'fr', '0.00', 0, 'd F Y, H:i', 1, 0, '9E8DA7', 0, 0, 0, 0, -3, 0, 0, 't', 'd', 0, 't', 'a', 0, 1, 0, 1, 1, 1, 0, 230271, '', 0, 0, 0, '', '', '', '', '', '', '', '', '', '', '', '', '', '', '56f7f6b4b4a44cfd', 0, 0, 0),
(34, 2, 6, '', 0, '', 1375611367, 'Seekport [Bot]', 'seekport [bot]', '', 1375611367, 0, '', 0, '', 0, 1375611367, 0, '', '', 0, 0, 0, 0, 0, 0, 0, 'fr', '0.00', 0, 'd F Y, H:i', 1, 0, '9E8DA7', 0, 0, 0, 0, -3, 0, 0, 't', 'd', 0, 't', 'a', 0, 1, 0, 1, 1, 1, 0, 230271, '', 0, 0, 0, '', '', '', '', '', '', '', '', '', '', '', '', '', '', 'ff0e65619f60d7ce', 0, 0, 0),
(35, 2, 6, '', 0, '', 1375611367, 'Sensis [Crawler]', 'sensis [crawler]', '', 1375611367, 0, '', 0, '', 0, 1375611367, 0, '', '', 0, 0, 0, 0, 0, 0, 0, 'fr', '0.00', 0, 'd F Y, H:i', 1, 0, '9E8DA7', 0, 0, 0, 0, -3, 0, 0, 't', 'd', 0, 't', 'a', 0, 1, 0, 1, 1, 1, 0, 230271, '', 0, 0, 0, '', '', '', '', '', '', '', '', '', '', '', '', '', '', 'b0f2a58e767e8e9a', 0, 0, 0),
(36, 2, 6, '', 0, '', 1375611367, 'SEO Crawler', 'seo crawler', '', 1375611367, 0, '', 0, '', 0, 1375611367, 0, '', '', 0, 0, 0, 0, 0, 0, 0, 'fr', '0.00', 0, 'd F Y, H:i', 1, 0, '9E8DA7', 0, 0, 0, 0, -3, 0, 0, 't', 'd', 0, 't', 'a', 0, 1, 0, 1, 1, 1, 0, 230271, '', 0, 0, 0, '', '', '', '', '', '', '', '', '', '', '', '', '', '', '0efc341ff947b023', 0, 0, 0),
(37, 2, 6, '', 0, '', 1375611367, 'Seoma [Crawler]', 'seoma [crawler]', '', 1375611367, 0, '', 0, '', 0, 1375611367, 0, '', '', 0, 0, 0, 0, 0, 0, 0, 'fr', '0.00', 0, 'd F Y, H:i', 1, 0, '9E8DA7', 0, 0, 0, 0, -3, 0, 0, 't', 'd', 0, 't', 'a', 0, 1, 0, 1, 1, 1, 0, 230271, '', 0, 0, 0, '', '', '', '', '', '', '', '', '', '', '', '', '', '', '362712bb74d787ad', 0, 0, 0),
(38, 2, 6, '', 0, '', 1375611367, 'SEOSearch [Crawler]', 'seosearch [crawler]', '', 1375611367, 0, '', 0, '', 0, 1375611367, 0, '', '', 0, 0, 0, 0, 0, 0, 0, 'fr', '0.00', 0, 'd F Y, H:i', 1, 0, '9E8DA7', 0, 0, 0, 0, -3, 0, 0, 't', 'd', 0, 't', 'a', 0, 1, 0, 1, 1, 1, 0, 230271, '', 0, 0, 0, '', '', '', '', '', '', '', '', '', '', '', '', '', '', '6dc21a6fb2d5a679', 0, 0, 0),
(39, 2, 6, '', 0, '', 1375611367, 'Snappy [Bot]', 'snappy [bot]', '', 1375611367, 0, '', 0, '', 0, 1375611367, 0, '', '', 0, 0, 0, 0, 0, 0, 0, 'fr', '0.00', 0, 'd F Y, H:i', 1, 0, '9E8DA7', 0, 0, 0, 0, -3, 0, 0, 't', 'd', 0, 't', 'a', 0, 1, 0, 1, 1, 1, 0, 230271, '', 0, 0, 0, '', '', '', '', '', '', '', '', '', '', '', '', '', '', 'ba473443eb4e3e4a', 0, 0, 0),
(40, 2, 6, '', 0, '', 1375611367, 'Steeler [Crawler]', 'steeler [crawler]', '', 1375611367, 0, '', 0, '', 0, 1375611367, 0, '', '', 0, 0, 0, 0, 0, 0, 0, 'fr', '0.00', 0, 'd F Y, H:i', 1, 0, '9E8DA7', 0, 0, 0, 0, -3, 0, 0, 't', 'd', 0, 't', 'a', 0, 1, 0, 1, 1, 1, 0, 230271, '', 0, 0, 0, '', '', '', '', '', '', '', '', '', '', '', '', '', '', 'c973bd2704385217', 0, 0, 0),
(41, 2, 6, '', 0, '', 1375611367, 'Synoo [Bot]', 'synoo [bot]', '', 1375611367, 0, '', 0, '', 0, 1375611367, 0, '', '', 0, 0, 0, 0, 0, 0, 0, 'fr', '0.00', 0, 'd F Y, H:i', 1, 0, '9E8DA7', 0, 0, 0, 0, -3, 0, 0, 't', 'd', 0, 't', 'a', 0, 1, 0, 1, 1, 1, 0, 230271, '', 0, 0, 0, '', '', '', '', '', '', '', '', '', '', '', '', '', '', 'aeeb45be53dba46c', 0, 0, 0),
(42, 2, 6, '', 0, '', 1375611367, 'Telekom [Bot]', 'telekom [bot]', '', 1375611367, 0, '', 0, '', 0, 1375611367, 0, '', '', 0, 0, 0, 0, 0, 0, 0, 'fr', '0.00', 0, 'd F Y, H:i', 1, 0, '9E8DA7', 0, 0, 0, 0, -3, 0, 0, 't', 'd', 0, 't', 'a', 0, 1, 0, 1, 1, 1, 0, 230271, '', 0, 0, 0, '', '', '', '', '', '', '', '', '', '', '', '', '', '', '224af401d36e9973', 0, 0, 0),
(43, 2, 6, '', 0, '', 1375611367, 'TurnitinBot [Bot]', 'turnitinbot [bot]', '', 1375611367, 0, '', 0, '', 0, 1375611367, 0, '', '', 0, 0, 0, 0, 0, 0, 0, 'fr', '0.00', 0, 'd F Y, H:i', 1, 0, '9E8DA7', 0, 0, 0, 0, -3, 0, 0, 't', 'd', 0, 't', 'a', 0, 1, 0, 1, 1, 1, 0, 230271, '', 0, 0, 0, '', '', '', '', '', '', '', '', '', '', '', '', '', '', 'ce541eb58baa5003', 0, 0, 0),
(44, 2, 6, '', 0, '', 1375611367, 'Voyager [Bot]', 'voyager [bot]', '', 1375611367, 0, '', 0, '', 0, 1375611367, 0, '', '', 0, 0, 0, 0, 0, 0, 0, 'fr', '0.00', 0, 'd F Y, H:i', 1, 0, '9E8DA7', 0, 0, 0, 0, -3, 0, 0, 't', 'd', 0, 't', 'a', 0, 1, 0, 1, 1, 1, 0, 230271, '', 0, 0, 0, '', '', '', '', '', '', '', '', '', '', '', '', '', '', '0f2b3fe00cb896da', 0, 0, 0),
(45, 2, 6, '', 0, '', 1375611367, 'W3 [Sitesearch]', 'w3 [sitesearch]', '', 1375611367, 0, '', 0, '', 0, 1375611367, 0, '', '', 0, 0, 0, 0, 0, 0, 0, 'fr', '0.00', 0, 'd F Y, H:i', 1, 0, '9E8DA7', 0, 0, 0, 0, -3, 0, 0, 't', 'd', 0, 't', 'a', 0, 1, 0, 1, 1, 1, 0, 230271, '', 0, 0, 0, '', '', '', '', '', '', '', '', '', '', '', '', '', '', '458bd6f0de3e4fb5', 0, 0, 0),
(46, 2, 6, '', 0, '', 1375611367, 'W3C [Linkcheck]', 'w3c [linkcheck]', '', 1375611367, 0, '', 0, '', 0, 1375611367, 0, '', '', 0, 0, 0, 0, 0, 0, 0, 'fr', '0.00', 0, 'd F Y, H:i', 1, 0, '9E8DA7', 0, 0, 0, 0, -3, 0, 0, 't', 'd', 0, 't', 'a', 0, 1, 0, 1, 1, 1, 0, 230271, '', 0, 0, 0, '', '', '', '', '', '', '', '', '', '', '', '', '', '', '02fbc4bdda65e62c', 0, 0, 0),
(47, 2, 6, '', 0, '', 1375611367, 'W3C [Validator]', 'w3c [validator]', '', 1375611367, 0, '', 0, '', 0, 1375611367, 0, '', '', 0, 0, 0, 0, 0, 0, 0, 'fr', '0.00', 0, 'd F Y, H:i', 1, 0, '9E8DA7', 0, 0, 0, 0, -3, 0, 0, 't', 'd', 0, 't', 'a', 0, 1, 0, 1, 1, 1, 0, 230271, '', 0, 0, 0, '', '', '', '', '', '', '', '', '', '', '', '', '', '', '40e29b5760866f6a', 0, 0, 0),
(48, 2, 6, '', 0, '', 1375611367, 'WiseNut [Bot]', 'wisenut [bot]', '', 1375611367, 0, '', 0, '', 0, 1375611367, 0, '', '', 0, 0, 0, 0, 0, 0, 0, 'fr', '0.00', 0, 'd F Y, H:i', 1, 0, '9E8DA7', 0, 0, 0, 0, -3, 0, 0, 't', 'd', 0, 't', 'a', 0, 1, 0, 1, 1, 1, 0, 230271, '', 0, 0, 0, '', '', '', '', '', '', '', '', '', '', '', '', '', '', '21372982264bd604', 0, 0, 0),
(49, 2, 6, '', 0, '', 1375611367, 'YaCy [Bot]', 'yacy [bot]', '', 1375611367, 0, '', 0, '', 0, 1375611367, 0, '', '', 0, 0, 0, 0, 0, 0, 0, 'fr', '0.00', 0, 'd F Y, H:i', 1, 0, '9E8DA7', 0, 0, 0, 0, -3, 0, 0, 't', 'd', 0, 't', 'a', 0, 1, 0, 1, 1, 1, 0, 230271, '', 0, 0, 0, '', '', '', '', '', '', '', '', '', '', '', '', '', '', '25f2cc61aaca139b', 0, 0, 0),
(50, 2, 6, '', 0, '', 1375611367, 'Yahoo MMCrawler [Bot]', 'yahoo mmcrawler [bot]', '', 1375611367, 0, '', 0, '', 0, 1375611367, 0, '', '', 0, 0, 0, 0, 0, 0, 0, 'fr', '0.00', 0, 'd F Y, H:i', 1, 0, '9E8DA7', 0, 0, 0, 0, -3, 0, 0, 't', 'd', 0, 't', 'a', 0, 1, 0, 1, 1, 1, 0, 230271, '', 0, 0, 0, '', '', '', '', '', '', '', '', '', '', '', '', '', '', '40de2722b6d721f7', 0, 0, 0),
(51, 2, 6, '', 0, '', 1375611367, 'Yahoo Slurp [Bot]', 'yahoo slurp [bot]', '', 1375611367, 0, '', 0, '', 0, 1375611367, 0, '', '', 0, 0, 0, 0, 0, 0, 0, 'fr', '0.00', 0, 'd F Y, H:i', 1, 0, '9E8DA7', 0, 0, 0, 0, -3, 0, 0, 't', 'd', 0, 't', 'a', 0, 1, 0, 1, 1, 1, 0, 230271, '', 0, 0, 0, '', '', '', '', '', '', '', '', '', '', '', '', '', '', '7b472672f833ab5d', 0, 0, 0),
(52, 2, 6, '', 0, '', 1375611367, 'Yahoo [Bot]', 'yahoo [bot]', '', 1375611367, 0, '', 0, '', 0, 1375611367, 0, '', '', 0, 0, 0, 0, 0, 0, 0, 'fr', '0.00', 0, 'd F Y, H:i', 1, 0, '9E8DA7', 0, 0, 0, 0, -3, 0, 0, 't', 'd', 0, 't', 'a', 0, 1, 0, 1, 1, 1, 0, 230271, '', 0, 0, 0, '', '', '', '', '', '', '', '', '', '', '', '', '', '', '2a77550cccaae934', 0, 0, 0),
(53, 2, 6, '', 0, '', 1375611367, 'YahooSeeker [Bot]', 'yahooseeker [bot]', '', 1375611367, 0, '', 0, '', 0, 1375611367, 0, '', '', 0, 0, 0, 0, 0, 0, 0, 'fr', '0.00', 0, 'd F Y, H:i', 1, 0, '9E8DA7', 0, 0, 0, 0, -3, 0, 0, 't', 'd', 0, 't', 'a', 0, 1, 0, 1, 1, 1, 0, 230271, '', 0, 0, 0, '', '', '', '', '', '', '', '', '', '', '', '', '', '', 'a927679d5d36436e', 0, 0, 0),
(54, 0, 8, '005m9rzik0zjzik0xs\n\n\nzik0zi000000\nzik0zi000000\nzik0zi000000\nzik0zi000000\nzik0zi000000\n\nzik0zi000000', 0, '212.194.177.22', 1377545303, 'Papounet', 'papounet', '$H$9Kvn2rEDOhuxQRgcVTl2Atg9x0FExh/', 1377545303, 0, 'f_rolland@libertysurf.fr', 314832090324, '', 1409136214, 1377545303, 1401005275, 'viewtopic.php?f=6&t=21&p=81', '', 1384687221, 0, 0, 0, 0, 0, 31, 'fr', '0.00', 0, 'd F Y, H:i', 1, 0, '003300', 0, 0, 0, 0, -3, 0, 0, 't', 'd', 0, 't', 'a', 0, 1, 0, 1, 1, 1, 1, 230271, '54_1377896040.jpg', 1, 90, 71, '', '', '', '', '', '', '', '', '', '', '', '', '', '', 'c7fca4593d87b5d6', 0, 0, 0),
(55, 0, 8, '00000000006xv29nwg\n\n\nzik0zi000000\nzik0zi000000\nzik0zi000000\nzik0zi000000\nzik0zi000000\n\nzik0zi000000', 0, '93.3.241.146', 1377753081, 'Gégé', 'gégé', '$H$92nwpc5RUXqSblUTLl0yDRNXE9gKSb.', 1378536522, 0, 'grom@free.fr', 177561983512, '', 1401032738, 1377753081, 1400736980, 'viewtopic.php?f=6&t=22', '', 0, 0, 0, 0, 0, 0, 13, 'fr', '0.00', 0, 'd F Y, H:i', 1, 0, '003300', 0, 0, 0, 0, -3, 0, 0, 't', 'd', 0, 't', 'a', 0, 1, 0, 1, 1, 1, 1, 230271, '55_1377753864.jpg', 1, 90, 79, '', '', '', '', '', '', '', '', '', '', '', '', '', '', '86b4f5dc90073571', 0, 0, 0),
(56, 0, 8, '00000000006xv29nwg\n\n\nzik0zi000000\nzik0zi000000\nzik0zi000000\nzik0zi000000\nzik0zi000000\n\nzik0zi000000', 0, '109.222.27.183', 1377804231, 'horst', 'horst', '$H$9p4jmsG/67iYJpP5et65tW2szaCV8M.', 1377804231, 0, 'gaud.christophe@wanadoo.fr', 82361583026, '', 1402828443, 1377804231, 1400775272, 'viewtopic.php?f=6&t=22', '', 0, 0, 0, 0, 0, 0, 10, 'fr', '0.00', 0, 'd F Y, H:i', 1, 0, '003300', 0, 0, 0, 0, -3, 0, 0, 't', 'd', 0, 't', 'a', 0, 1, 0, 1, 1, 1, 1, 230271, '', 0, 0, 0, '', '', '', '', '', '', '', '', '', '', '', '', '', '', '78f935837ea2a7d5', 0, 0, 0),
(57, 0, 8, '00000000006xrqeiww\n\n\nzik0zi000000\nzik0zi000000\nzik0zi000000\nzik0zi000000\nzik0zi000000\n\nzik0zi000000', 0, '92.146.20.80', 1377845657, 'CHRIS89', 'chris89', '$H$9XJPxcaSjRcQB3pX3jQVlY.nemHeF41', 1377845657, 0, 'christophe.lenoir1313@orange.fr', 145131280831, '', 1384602416, 1377845657, 1378633378, 'search.php?search_id=newposts', '', 0, 0, 0, 0, 0, 0, 1, 'fr', '0.00', 0, 'd F Y, H:i', 1, 0, '003300', 0, 0, 0, 0, -3, 0, 0, 't', 'd', 0, 't', 'a', 0, 1, 0, 1, 1, 1, 1, 230271, '', 0, 0, 0, '', '', '', '', '', '', '', '', '', '', '', '', '', '', '4813c3b2859c4668', 1, 0, 0),
(58, 0, 8, '00000000006xv29nwg\n\n\nzik0zi000000\nzik0zi000000\nzik0zi000000\nzik0zi000000\nzik0zi000000\n\nzik0zi000000', 0, '195.25.239.98', 1377867821, 'Julien E', 'julien e', '$H$98jNYVjUBNbCrna7/fxnOSCRXL6i8K1', 1377867821, 0, 'julien.estebenet@ac-bordeaux.fr', 72403036831, '', 1400824789, 1377867821, 1400824783, 'viewtopic.php?f=6&t=23&p=80', '', 0, 0, 0, 0, 0, 0, 6, 'fr', '0.00', 0, 'd F Y, H:i', 1, 0, '003300', 0, 0, 0, 0, -3, 0, 0, 't', 'd', 0, 't', 'a', 0, 1, 0, 1, 1, 1, 1, 230271, '', 0, 0, 0, '', '', '', '', '', '', '', '', '', '', '', '', '', '', '669abe3932f63610', 0, 0, 0),
(59, 0, 8, '00000000006xrqeiww\n\n\nzik0zi000000\nzik0zi000000\nzik0zi000000\nzik0zi000000\nzik0zi000000\n\nzik0zi000000', 0, '90.50.252.176', 1377878457, 'francis', 'francis', '$H$9Jnek8Av.zT4rSLw1qPBXFI/u7EWdA/', 1377878457, 0, 'footchamadelle@orange.fr', 78620187824, '', 1400944607, 1379856286, 1379856405, 'viewtopic.php?f=6&t=21', '', 1378121019, 0, 0, 0, 0, 0, 2, 'fr', '0.00', 0, 'd F Y, H:i', 1, 0, '003300', 0, 0, 0, 0, -3, 0, 0, 't', 'd', 0, 't', 'a', 0, 1, 0, 1, 1, 1, 1, 230271, '', 0, 0, 0, '', '', '', '', '', '', '', '', '', '', '', '', '', '', '52841cc18ee5b774', 1, 0, 0),
(60, 0, 8, '', 0, '78.206.210.81', 1377881737, 'WWF Nico', 'wwf nico', '$H$9vyAnAhgSFbzM3XJIWtrCnu4.cbRlV1', 1377881737, 0, 'niluflozo@yahoo.fr', 331062020618, '', 1378587450, 1377881737, 1378587422, '', '', 0, 0, 0, 1, 0, 0, 2, 'fr', '0.00', 0, 'd F Y, H:i', 1, 0, '003300', 0, 0, 0, 0, -3, 0, 0, 't', 'd', 0, 't', 'a', 0, 1, 0, 1, 1, 1, 1, 230271, '', 0, 0, 0, '', '', '', '', '', '', '', '', '', '', '', '', '', '', '585d7e37b86518ef', 1, 0, 0),
(61, 0, 8, '00000000006xv29nwg\n\n\nzik0zi000000\nzik0zi000000\nzik0zi000000\nzik0zi000000\nzik0zi000000\n\nzik0zi000000', 0, '109.214.198.253', 1378494784, 'Balles Neuves', 'balles neuves', '$H$9lTs31XpzAnd4fe5dFGPfxw8xVv7TX.', 1378494784, 0, 'lacombe.vincent@neuf.fr', 297444215323, '', 1400790817, 1378494784, 1400790751, '', '', 0, 0, 0, 0, 0, 0, 3, 'fr', '0.00', 0, 'd F Y, H:i', 1, 0, '003300', 0, 0, 0, 0, -3, 0, 0, 't', 'd', 0, 't', 'a', 0, 1, 0, 1, 1, 1, 1, 230271, '', 0, 0, 0, '', '', '', '', '', '', '', '', '', '', '', '', '', '', 'ee2750d4522591c6', 0, 0, 0),
(62, 0, 8, '', 0, '109.214.198.253', 1378495048, 'lolo', 'lolo', '$H$9o7dD6d8f9efUyK5ZQ370k8edz68Ds.', 1378495048, 0, 'loicfauvel13@yahoo.fr', 291335492721, '', 1378887742, 1378495048, 0, 'memberlist.php?mode=leaders', '', 0, 0, 0, 0, 0, 0, 0, 'fr', '0.00', 0, 'd F Y, H:i', 1, 0, '003300', 0, 0, 0, 0, -3, 0, 0, 't', 'd', 0, 't', 'a', 0, 1, 0, 1, 1, 1, 1, 230271, '', 0, 0, 0, '', '', '', '', '', '', '', '', '', '', '', '', '', '', '871a65b1f877150d', 1, 0, 0),
(63, 0, 8, '00000000006xv29nwg\n\n\nzik0zi000000\nzik0zi000000\nzik0zi000000\nzik0zi000000\nzik0zi000000\n\nzik0zi000000', 0, '109.214.198.253', 1378500473, 'nicobel', 'nicobel', '$H$92uPQMpYKXvzMZidfvUVbP0Hd7sjAR0', 1378500473, 0, 'chateauvieuxmontagne@gmail.com', 22788206730, '', 1391042357, 1378500473, 1389636572, 'index.php', '', 0, 0, 0, 0, 0, 0, 3, 'fr', '0.00', 0, 'd F Y, H:i', 1, 0, '003300', 0, 0, 0, 0, -3, 0, 0, 't', 'd', 0, 't', 'a', 0, 1, 0, 1, 1, 1, 1, 230271, '', 0, 0, 0, '', '', '', '', '', '', '', '', '', '', '', '', '', '', 'edfae3d4864b6529', 0, 0, 0),
(64, 0, 8, '', 0, '109.214.198.253', 1378501689, 'mat', 'mat', '$H$9WA2mhp1GoP1Uui3PvfgkxmlifbRXb0', 1378501689, 0, 'grandtorino@live.fr', 390889498819, '', 0, 1378501689, 0, '', '', 0, 0, 0, 0, 0, 0, 0, 'fr', '0.00', 0, 'd F Y, H:i', 1, 0, '003300', 0, 0, 0, 0, -3, 0, 0, 't', 'd', 0, 't', 'a', 0, 1, 0, 1, 1, 1, 1, 230271, '', 0, 0, 0, '', '', '', '', '', '', '', '', '', '', '', '', '', '', '61b69c2bbc0255cf', 1, 0, 0),
(65, 0, 8, '00000000006xv29nwg\n\n\nzik0zi000000\nzik0zi000000\nzik0zi000000\nzik0zi000000\nzik0zi000000\n\nzik0zi000000', 0, '90.5.73.129', 1378797075, 'lenine', 'lenine', '$H$9YiVI661ncjzgc3ZYczUulUYFOda0q.', 1378797075, 0, 'lanaughislain@wanadoo.fr', 248023728224, ' 6- 6-1973', 1392196330, 1378797075, 1389816516, 'viewforum.php?f=9', '', 1389817426, 0, 0, 1, 0, 0, 7, 'fr', '0.00', 0, 'd F Y, H:i', 1, 0, '003300', 0, 0, 0, 0, -3, 0, 0, 't', 'd', 0, 't', 'a', 0, 1, 0, 1, 1, 1, 1, 230271, '', 0, 0, 0, '', '', '', '', '', '', '', '', '', '', '', '', '', '', 'e62c0ae06a380682', 0, 0, 0),
(66, 0, 8, '', 0, '78.112.19.179', 1379748567, 'tauzin', 'tauzin', '$H$9ts4PhHCPojyeKjNCQ8ZX.GUA5MHrx1', 1379748567, 0, 'valerietauzin@sfr.fr', 354552415420, '', 1379749558, 1379748567, 0, '', '', 0, 0, 0, 0, 0, 0, 0, 'fr', '0.00', 0, 'd F Y, H:i', 1, 0, '003300', 0, 0, 0, 0, -3, 0, 0, 't', 'd', 0, 't', 'a', 0, 1, 0, 1, 1, 1, 1, 230271, '', 0, 0, 0, '', '', '', '', '', '', '', '', '', '', '', '', '', '', '0aad7467ea650808', 1, 0, 0),
(67, 0, 9, '00000000006xrqeiww\n\n\n\n\n\n\n\nzik0zi000000', 0, '212.51.165.198', 1381748918, 'JOUEUR1', 'joueur1', '$H$9Mk0HGc/FLuYuMAuUrHR24lyhfJXcu.', 1381748918, 0, 'f.rolland@deal.fr', 369902959917, '', 1383742283, 1381748918, 0, 'viewforum.php?f=8', '', 0, 0, 0, 0, 0, 0, 0, 'fr', '0.00', 0, 'd F Y, H:i', 1, 0, '', 0, 0, 0, 0, -3, 0, 0, 't', 'd', 0, 't', 'a', 0, 1, 0, 1, 1, 1, 1, 230271, '', 0, 0, 0, '', '', '', '', '', '', '', '', '', '', '', '', '', '', 'f77ff703d3b571c0', 1, 0, 0),
(68, 0, 2, '00000000006xrqeiww', 0, '109.223.118.73', 1383849666, 'laurent', 'laurent', '$H$95hHyoOQUne/FRdVvNiSuVm8OxC9j71', 1383849666, 0, 'poumeyrol-laurent@orange.fr', 307269780827, '', 1402689359, 1383849666, 0, '', '', 0, 0, 0, 0, 0, 0, 0, 'fr', '0.00', 0, 'd F Y, H:i', 1, 0, '', 0, 0, 0, 0, -3, 0, 0, 't', 'd', 0, 't', 'a', 1, 1, 0, 1, 1, 1, 1, 230271, '', 0, 0, 0, '', '', '', '', '', '', '', '', '', '', '', '', '', '', 'dd239618c46a0b66', 1, 0, 0),
(69, 0, 2, '00000000006xrqeiww', 0, '86.201.108.23', 1389647363, 'Manero', 'manero', '$H$9.kFK0OR5v8LTNXDEsU8EOeMeaYJRY/', 1389647363, 0, 'mf.d.manero@wanadoo.fr', 290002912122, '', 1389647760, 1389647363, 0, 'memberlist.php?mode=group&g=5', '', 0, 0, 0, 7, 0, 0, 0, 'fr', '0.00', 0, 'd F Y, H:i', 1, 0, '', 0, 0, 0, 0, -3, 0, 0, 't', 'd', 0, 't', 'a', 0, 1, 0, 1, 1, 1, 1, 230271, '', 0, 0, 0, '', '', '', '', '', '', '', '', '', '', '', '', '', '', '7bb940f307512d07', 1, 0, 0),
(70, 0, 2, '00000000006xrqeiww', 0, '88.189.126.89', 1389650245, 'jojo33', 'jojo33', '$H$93gqHUnLJbgCzHaw4TP./9FNWyt76d0', 1389650245, 0, 'josespain33@hotmail.fr', 350826716222, '', 1401141845, 1389650245, 0, 'ucp.php?i=pm&folder=outbox', '', 0, 0, 0, 0, 0, 0, 0, 'fr', '0.00', 0, 'd F Y, H:i', 1, 0, '', 0, 0, 0, 0, -3, 0, 0, 't', 'd', 0, 't', 'a', 0, 1, 0, 1, 1, 1, 1, 230271, '', 0, 0, 0, '', '', '', '', '', '', '', '', '', '', '', '', '', '', '029240f1c6d905aa', 1, 0, 0);

-- --------------------------------------------------------

--
-- Structure de la table `phpbb_user_group`
--

CREATE TABLE IF NOT EXISTS `phpbb_user_group` (
  `group_id` mediumint(8) unsigned NOT NULL DEFAULT '0',
  `user_id` mediumint(8) unsigned NOT NULL DEFAULT '0',
  `group_leader` tinyint(1) unsigned NOT NULL DEFAULT '0',
  `user_pending` tinyint(1) unsigned NOT NULL DEFAULT '1',
  KEY `group_id` (`group_id`),
  KEY `user_id` (`user_id`),
  KEY `group_leader` (`group_leader`)
) ENGINE=InnoDB DEFAULT CHARSET=utf8 COLLATE=utf8_bin;

--
-- Contenu de la table `phpbb_user_group`
--

INSERT INTO `phpbb_user_group` (`group_id`, `user_id`, `group_leader`, `user_pending`) VALUES
(1, 1, 0, 0),
(2, 2, 0, 0),
(4, 2, 0, 0),
(5, 2, 1, 0),
(6, 3, 0, 0),
(6, 4, 0, 0),
(6, 5, 0, 0),
(6, 6, 0, 0),
(6, 7, 0, 0),
(6, 8, 0, 0),
(6, 9, 0, 0),
(6, 10, 0, 0),
(6, 11, 0, 0),
(6, 12, 0, 0),
(6, 13, 0, 0),
(6, 14, 0, 0),
(6, 15, 0, 0),
(6, 16, 0, 0),
(6, 17, 0, 0),
(6, 18, 0, 0),
(6, 19, 0, 0),
(6, 20, 0, 0),
(6, 21, 0, 0),
(6, 22, 0, 0),
(6, 23, 0, 0),
(6, 24, 0, 0),
(6, 25, 0, 0),
(6, 26, 0, 0),
(6, 27, 0, 0),
(6, 28, 0, 0),
(6, 29, 0, 0),
(6, 30, 0, 0),
(6, 31, 0, 0),
(6, 32, 0, 0),
(6, 33, 0, 0),
(6, 34, 0, 0),
(6, 35, 0, 0),
(6, 36, 0, 0),
(6, 37, 0, 0),
(6, 38, 0, 0),
(6, 39, 0, 0),
(6, 40, 0, 0),
(6, 41, 0, 0),
(6, 42, 0, 0),
(6, 43, 0, 0),
(6, 44, 0, 0),
(6, 45, 0, 0),
(6, 46, 0, 0),
(6, 47, 0, 0),
(6, 48, 0, 0),
(6, 49, 0, 0),
(6, 50, 0, 0),
(6, 51, 0, 0),
(6, 52, 0, 0),
(6, 53, 0, 0),
(2, 54, 0, 0),
(2, 55, 0, 0),
(2, 56, 0, 0),
(2, 57, 0, 0),
(7, 57, 0, 0),
(2, 58, 0, 0),
(2, 59, 0, 0),
(7, 59, 0, 0),
(2, 60, 0, 0),
(7, 60, 0, 0),
(2, 61, 0, 0),
(2, 62, 0, 0),
(7, 62, 0, 0),
(2, 63, 0, 0),
(2, 64, 0, 0),
(7, 64, 0, 0),
(2, 65, 0, 0),
(2, 66, 0, 0),
(7, 66, 0, 0),
(8, 54, 1, 0),
(8, 2, 1, 0),
(8, 55, 0, 0),
(8, 56, 0, 0),
(8, 57, 0, 0),
(8, 58, 0, 0),
(8, 59, 0, 0),
(8, 60, 0, 0),
(8, 61, 0, 0),
(8, 62, 0, 0),
(8, 63, 0, 0),
(8, 64, 0, 0),
(8, 65, 0, 0),
(8, 66, 0, 0),
(2, 67, 0, 0),
(7, 67, 0, 0),
(9, 67, 0, 0),
(2, 68, 0, 0),
(7, 68, 0, 0),
(2, 69, 0, 0),
(7, 69, 0, 0),
(2, 70, 0, 0),
(7, 70, 0, 0);

-- --------------------------------------------------------

--
-- Structure de la table `phpbb_warnings`
--

CREATE TABLE IF NOT EXISTS `phpbb_warnings` (
  `warning_id` mediumint(8) unsigned NOT NULL AUTO_INCREMENT,
  `user_id` mediumint(8) unsigned NOT NULL DEFAULT '0',
  `post_id` mediumint(8) unsigned NOT NULL DEFAULT '0',
  `log_id` mediumint(8) unsigned NOT NULL DEFAULT '0',
  `warning_time` int(11) unsigned NOT NULL DEFAULT '0',
  PRIMARY KEY (`warning_id`)
) ENGINE=InnoDB DEFAULT CHARSET=utf8 COLLATE=utf8_bin AUTO_INCREMENT=1 ;

-- --------------------------------------------------------

--
-- Structure de la table `phpbb_words`
--

CREATE TABLE IF NOT EXISTS `phpbb_words` (
  `word_id` mediumint(8) unsigned NOT NULL AUTO_INCREMENT,
  `word` varchar(255) COLLATE utf8_bin NOT NULL DEFAULT '',
  `replacement` varchar(255) COLLATE utf8_bin NOT NULL DEFAULT '',
  PRIMARY KEY (`word_id`)
) ENGINE=InnoDB DEFAULT CHARSET=utf8 COLLATE=utf8_bin AUTO_INCREMENT=1 ;

-- --------------------------------------------------------

--
-- Structure de la table `phpbb_zebra`
--

CREATE TABLE IF NOT EXISTS `phpbb_zebra` (
  `user_id` mediumint(8) unsigned NOT NULL DEFAULT '0',
  `zebra_id` mediumint(8) unsigned NOT NULL DEFAULT '0',
  `friend` tinyint(1) unsigned NOT NULL DEFAULT '0',
  `foe` tinyint(1) unsigned NOT NULL DEFAULT '0',
  PRIMARY KEY (`user_id`,`zebra_id`)
) ENGINE=InnoDB DEFAULT CHARSET=utf8 COLLATE=utf8_bin;

-- --------------------------------------------------------

--
-- Structure de la table `saison`
--

CREATE TABLE IF NOT EXISTS `saison` (
  `id_saison` int(32) NOT NULL AUTO_INCREMENT,
  `libelle` varchar(9) CHARACTER SET utf8 COLLATE utf8_bin NOT NULL,
  `top_cloture_saison` tinyint(1) NOT NULL,
  PRIMARY KEY (`id_saison`)
) ENGINE=InnoDB  DEFAULT CHARSET=latin1 AUTO_INCREMENT=9 ;

--
-- Contenu de la table `saison`
--

INSERT INTO `saison` (`id_saison`, `libelle`, `top_cloture_saison`) VALUES
(2, '2012/2013', 1),
(8, '2013/2014', 0);

--
-- Contraintes pour les tables exportées
--

--
-- Contraintes pour la table `contact`
--
ALTER TABLE `contact`
  ADD CONSTRAINT `contact_ibfk_1` FOREIGN KEY (`id_equipe`) REFERENCES `equipe` (`id_equipe`);

--
-- Contraintes pour la table `cotisation`
--
ALTER TABLE `cotisation`
  ADD CONSTRAINT `cotisation_ibfk_1` FOREIGN KEY (`id_adherent`) REFERENCES `adherent` (`id_adherent`),
  ADD CONSTRAINT `cotisation_ibfk_2` FOREIGN KEY (`id_saison`) REFERENCES `saison` (`id_saison`);

--
-- Contraintes pour la table `forum_reponse`
--
ALTER TABLE `forum_reponse`
  ADD CONSTRAINT `forum_reponse_ibfk_1` FOREIGN KEY (`id_auteur`) REFERENCES `adherent` (`id_adherent`);

--
-- Contraintes pour la table `forum_sujet`
--
ALTER TABLE `forum_sujet`
  ADD CONSTRAINT `forum_sujet_ibfk_1` FOREIGN KEY (`id_auteur`) REFERENCES `adherent` (`id_adherent`);

--
-- Contraintes pour la table `match`
--
ALTER TABLE `match`
  ADD CONSTRAINT `match_ibfk_1` FOREIGN KEY (`id_saison`) REFERENCES `saison` (`id_saison`),
  ADD CONSTRAINT `match_ibfk_2` FOREIGN KEY (`id_equipe`) REFERENCES `equipe` (`id_equipe`);

--
-- Contraintes pour la table `message_admin`
--
ALTER TABLE `message_admin`
  ADD CONSTRAINT `message_admin_ibfk_1` FOREIGN KEY (`id_admin`) REFERENCES `adherent` (`id_adherent`);

--
-- Contraintes pour la table `participation_match`
--
ALTER TABLE `participation_match`
  ADD CONSTRAINT `participation_match_ibfk_1` FOREIGN KEY (`id_match`) REFERENCES `match` (`id_match`),
  ADD CONSTRAINT `participation_match_ibfk_2` FOREIGN KEY (`id_adherent`) REFERENCES `adherent` (`id_adherent`);

/*!40101 SET CHARACTER_SET_CLIENT=@OLD_CHARACTER_SET_CLIENT */;
/*!40101 SET CHARACTER_SET_RESULTS=@OLD_CHARACTER_SET_RESULTS */;
/*!40101 SET COLLATION_CONNECTION=@OLD_COLLATION_CONNECTION */;
